Using pre-set license
Built from '6000.1/staging' branch; Version is '6000.1.7f1 (13a8ffad9172) revision 1288447'; Using compiler version '194234433'; Build Type 'Release'
OS: 'Windows 11  (10.0.26100) 64bit Core' Language: 'en' Physical Memory: 32491 MB
BatchMode: 1, IsHumanControllingUs: 0, StartBugReporterOnCrash: 0, Is64bit: 1, IsPro: 1
Date: 2025-08-04T09:46:00Z

COMMAND LINE ARGUMENTS:
C:\Program Files\Unity\Hub\Editor\6000.1.7f1\Editor\Unity.exe
-adb2
-batchMode
-noUpm
-name
AssetImportWorker5
-projectPath
D:/Projects/Unity/White Screen Test
-logFile
Logs/AssetImportWorker5.log
-srvPort
53295
-job-worker-count
15
-background-job-worker-count
8
-gc-helper-count
1
-name
AssetImport
Successfully changed project path to: D:/Projects/Unity/White Screen Test
D:/Projects/Unity/White Screen Test
[UnityMemory] Configuration Parameters - Can be set up in boot.config
    "memorysetup-allocator-temp-initial-block-size-main=262144"
    "memorysetup-allocator-temp-initial-block-size-worker=262144"
    "memorysetup-bucket-allocator-granularity=16"
    "memorysetup-bucket-allocator-bucket-count=8"
    "memorysetup-bucket-allocator-block-size=33554432"
    "memorysetup-bucket-allocator-block-count=8"
    "memorysetup-main-allocator-block-size=16777216"
    "memorysetup-thread-allocator-block-size=16777216"
    "memorysetup-gfx-main-allocator-block-size=16777216"
    "memorysetup-gfx-thread-allocator-block-size=16777216"
    "memorysetup-cache-allocator-block-size=4194304"
    "memorysetup-typetree-allocator-block-size=2097152"
    "memorysetup-profiler-bucket-allocator-granularity=16"
    "memorysetup-profiler-bucket-allocator-bucket-count=8"
    "memorysetup-profiler-bucket-allocator-block-size=33554432"
    "memorysetup-profiler-bucket-allocator-block-count=8"
    "memorysetup-profiler-allocator-block-size=16777216"
    "memorysetup-profiler-editor-allocator-block-size=1048576"
    "memorysetup-temp-allocator-size-main=16777216"
    "memorysetup-job-temp-allocator-block-size=2097152"
    "memorysetup-job-temp-allocator-block-size-background=1048576"
    "memorysetup-job-temp-allocator-reduction-small-platforms=262144"
    "memorysetup-temp-allocator-size-background-worker=32768"
    "memorysetup-temp-allocator-size-job-worker=262144"
    "memorysetup-temp-allocator-size-preload-manager=33554432"
    "memorysetup-temp-allocator-size-nav-mesh-worker=65536"
    "memorysetup-temp-allocator-size-audio-worker=65536"
    "memorysetup-temp-allocator-size-cloud-worker=32768"
    "memorysetup-temp-allocator-size-gi-baking-worker=262144"
    "memorysetup-temp-allocator-size-gi-baking-worker=262144"
    "memorysetup-temp-allocator-size-gi-baking-worker=262144"
    "memorysetup-temp-allocator-size-gi-baking-worker=262144"
    "memorysetup-temp-allocator-size-gi-baking-worker=262144"
    "memorysetup-temp-allocator-size-gfx=262144"
Player connection [31284]  Target information:

Player connection [31284]  * "[IP] 192.168.31.102 [Port] 0 [Flags] 2 [Guid] 1593826876 [EditorId] 1593826876 [Version] 1048832 [Id] WindowsEditor(7,Roman-PC) [Debug] 1 [PackageName] WindowsEditor [ProjectName] Editor" 

Player connection [31284] Host joined multi-casting on [225.0.0.222:54997]...
Player connection [31284] Host joined alternative multi-casting on [225.0.0.222:34997]...
JobSystem: Creating JobQueue using job-worker-count value 15
Input System module state changed to: Initialized.
[Physics::Module] Initialized fallback backend.
[Physics::Module] Id: 0xdecafbad
Library Redirect Path: Library/
[Physics::Module] Selected backend.
[Physics::Module] Name: PhysX
[Physics::Module] Id: 0xf2b8ea05
[Physics::Module] SDK Version: 4.1.2
[Physics::Module] Integration Version: 1.0.0
[Physics::Module] Threading Mode: Multi-Threaded
Refreshing native plugins compatible for Editor in 1.37 ms, found 4 plugins.
Preloading 0 native plugins for Editor in 0.00 ms.
Initialize engine version: 6000.1.7f1 (13a8ffad9172)
[Subsystems] Discovering subsystems at path C:/Program Files/Unity/Hub/Editor/6000.1.7f1/Editor/Data/Resources/UnitySubsystems
[Subsystems] Discovering subsystems at path D:/Projects/Unity/White Screen Test/Assets
GfxDevice: creating device client; kGfxThreadingModeNonThreaded
Direct3D:
    Version:  Direct3D 11.0 [level 11.1]
    Renderer: NVIDIA GeForce RTX 4080 Laptop GPU (ID=0x27e0)
    Vendor:   NVIDIA
    VRAM:     11997 MB
    Driver:   32.0.15.6094
Initialize mono
Mono path[0] = 'C:/Program Files/Unity/Hub/Editor/6000.1.7f1/Editor/Data/Managed'
Mono path[1] = 'C:/Program Files/Unity/Hub/Editor/6000.1.7f1/Editor/Data/MonoBleedingEdge/lib/mono/unityjit-win32'
Mono config path = 'C:/Program Files/Unity/Hub/Editor/6000.1.7f1/Editor/Data/MonoBleedingEdge/etc'
Using monoOptions --debugger-agent=transport=dt_socket,embedding=1,server=y,suspend=n,address=127.0.0.1:56380
Begin MonoManager ReloadAssembly
Registering precompiled unity dll's ...
Register platform support module: C:/Program Files/Unity/Hub/Editor/6000.1.7f1/Editor/Data/PlaybackEngines/WebGLSupport/UnityEditor.WebGL.Extensions.dll
Register platform support module: C:/Program Files/Unity/Hub/Editor/6000.1.7f1/Editor/Data/PlaybackEngines/WindowsStandaloneSupport/UnityEditor.WindowsStandalone.Extensions.dll
Register platform support module: C:/Program Files/Unity/Hub/Editor/6000.1.7f1/Editor/Data/PlaybackEngines/iOSSupport/UnityEditor.iOS.Extensions.dll
Registered in 0.001461 seconds.
- Loaded All Assemblies, in  1.525 seconds
[usbmuxd] Start listen thread
[usbmuxd] Listen thread started
[usbmuxd] Send listen message
[usbmuxd] Attached: 5 00008110-00040DA62E03801E
Native extension for iOS target not found
Native extension for WindowsStandalone target not found
Native extension for WebGL target not found
Mono: successfully reloaded assembly
- Finished resetting the current domain, in  0.265 seconds
Domain Reload Profiling: 1789ms
	BeginReloadAssembly (339ms)
		ExecutionOrderSort (0ms)
		DisableScriptedObjects (0ms)
		BackupInstance (0ms)
		ReleaseScriptingObjects (0ms)
		CreateAndSetChildDomain (1ms)
	RebuildCommonClasses (31ms)
	RebuildNativeTypeToScriptingClass (9ms)
	initialDomainReloadingComplete (36ms)
	LoadAllAssembliesAndSetupDomain (1108ms)
		LoadAssemblies (336ms)
		RebuildTransferFunctionScriptingTraits (0ms)
		AnalyzeDomain (1106ms)
			TypeCache.Refresh (1105ms)
				TypeCache.ScanAssembly (1092ms)
			BuildScriptInfoCaches (0ms)
			ResolveRequiredComponents (0ms)
	FinalizeReload (265ms)
		ReleaseScriptCaches (0ms)
		RebuildScriptCaches (0ms)
		SetupLoadedEditorAssemblies (236ms)
			LogAssemblyErrors (0ms)
			InitializePlatformSupportModulesInManaged (57ms)
			SetLoadedEditorAssemblies (3ms)
			BeforeProcessingInitializeOnLoad (42ms)
			ProcessInitializeOnLoadAttributes (100ms)
			ProcessInitializeOnLoadMethodAttributes (34ms)
			AfterProcessingInitializeOnLoad (0ms)
			EditorAssembliesLoaded (0ms)
		ExecutionOrderSort2 (0ms)
		AwakeInstancesAfterBackupRestoration (0ms)
========================================================================
Worker process is ready to serve import requests
Import Worker Mode flag is 0x00
Begin MonoManager ReloadAssembly
- Loaded All Assemblies, in  1.028 seconds
Refreshing native plugins compatible for Editor in 0.78 ms, found 4 plugins.
Native extension for iOS target not found
Native extension for WindowsStandalone target not found
Native extension for WebGL target not found
Mono: successfully reloaded assembly
- Finished resetting the current domain, in  0.823 seconds
Domain Reload Profiling: 1849ms
	BeginReloadAssembly (111ms)
		ExecutionOrderSort (0ms)
		DisableScriptedObjects (4ms)
		BackupInstance (0ms)
		ReleaseScriptingObjects (0ms)
		CreateAndSetChildDomain (20ms)
	RebuildCommonClasses (23ms)
	RebuildNativeTypeToScriptingClass (8ms)
	initialDomainReloadingComplete (23ms)
	LoadAllAssembliesAndSetupDomain (861ms)
		LoadAssemblies (587ms)
		RebuildTransferFunctionScriptingTraits (0ms)
		AnalyzeDomain (335ms)
			TypeCache.Refresh (282ms)
				TypeCache.ScanAssembly (123ms)
			BuildScriptInfoCaches (43ms)
			ResolveRequiredComponents (7ms)
	FinalizeReload (823ms)
		ReleaseScriptCaches (0ms)
		RebuildScriptCaches (0ms)
		SetupLoadedEditorAssemblies (709ms)
			LogAssemblyErrors (0ms)
			InitializePlatformSupportModulesInManaged (6ms)
			SetLoadedEditorAssemblies (4ms)
			BeforeProcessingInitializeOnLoad (138ms)
			ProcessInitializeOnLoadAttributes (446ms)
			ProcessInitializeOnLoadMethodAttributes (109ms)
			AfterProcessingInitializeOnLoad (6ms)
			EditorAssembliesLoaded (0ms)
		ExecutionOrderSort2 (0ms)
		AwakeInstancesAfterBackupRestoration (10ms)
Launched and connected shader compiler UnityShaderCompiler.exe after 0.03 seconds
Refreshing native plugins compatible for Editor in 1.41 ms, found 4 plugins.
Preloading 0 native plugins for Editor in 0.00 ms.
Unloading 267 Unused Serialized files (Serialized files now loaded: 0)
Unloading 7240 unused Assets / (6.7 MB). Loaded Objects now: 7980.
Memory consumption went from 197.2 MB to 190.6 MB.
Total: 10.210500 ms (FindLiveObjects: 0.674900 ms CreateObjectMapping: 0.514300 ms MarkObjects: 6.124000 ms  DeleteObjects: 2.895600 ms)

========================================================================
Received Prepare
Refreshing native plugins compatible for Editor in 1.55 ms, found 4 plugins.
Preloading 0 native plugins for Editor in 0.00 ms.
Unloading 29 Unused Serialized files (Serialized files now loaded: 0)
Unloading 7227 unused Assets / (7.2 MB). Loaded Objects now: 7980.
Memory consumption went from 160.8 MB to 153.7 MB.
Total: 15.318900 ms (FindLiveObjects: 1.004000 ms CreateObjectMapping: 0.471100 ms MarkObjects: 9.540600 ms  DeleteObjects: 4.301400 ms)

Prepare: number of updated asset objects reloaded= 0
========================================================================
Received Prepare
Refreshing native plugins compatible for Editor in 1.41 ms, found 4 plugins.
Preloading 0 native plugins for Editor in 0.00 ms.
Unloading 29 Unused Serialized files (Serialized files now loaded: 0)
Unloading 7227 unused Assets / (7.1 MB). Loaded Objects now: 7980.
Memory consumption went from 160.9 MB to 153.8 MB.
Total: 12.616600 ms (FindLiveObjects: 0.965500 ms CreateObjectMapping: 0.571800 ms MarkObjects: 7.290700 ms  DeleteObjects: 3.787300 ms)

Prepare: number of updated asset objects reloaded= 0
========================================================================
Received Prepare
Refreshing native plugins compatible for Editor in 1.43 ms, found 4 plugins.
Preloading 0 native plugins for Editor in 0.00 ms.
Unloading 29 Unused Serialized files (Serialized files now loaded: 0)
Unloading 7227 unused Assets / (5.9 MB). Loaded Objects now: 7980.
Memory consumption went from 160.9 MB to 155.1 MB.
Total: 13.503900 ms (FindLiveObjects: 1.163600 ms CreateObjectMapping: 0.634500 ms MarkObjects: 7.651600 ms  DeleteObjects: 4.053300 ms)

Prepare: number of updated asset objects reloaded= 0
========================================================================
Received Prepare
Refreshing native plugins compatible for Editor in 1.84 ms, found 4 plugins.
Preloading 0 native plugins for Editor in 0.00 ms.
Unloading 29 Unused Serialized files (Serialized files now loaded: 0)
Unloading 7227 unused Assets / (7.1 MB). Loaded Objects now: 7980.
Memory consumption went from 160.9 MB to 153.8 MB.
Total: 16.715500 ms (FindLiveObjects: 0.870000 ms CreateObjectMapping: 0.686300 ms MarkObjects: 10.807300 ms  DeleteObjects: 4.349900 ms)

Prepare: number of updated asset objects reloaded= 0
========================================================================
Received Prepare
Refreshing native plugins compatible for Editor in 1.56 ms, found 4 plugins.
Preloading 0 native plugins for Editor in 0.00 ms.
Unloading 29 Unused Serialized files (Serialized files now loaded: 0)
Unloading 7227 unused Assets / (7.2 MB). Loaded Objects now: 7980.
Memory consumption went from 160.9 MB to 153.7 MB.
Total: 14.144500 ms (FindLiveObjects: 0.775600 ms CreateObjectMapping: 1.041200 ms MarkObjects: 7.587800 ms  DeleteObjects: 4.737700 ms)

Prepare: number of updated asset objects reloaded= 0
========================================================================
Received Prepare
Refreshing native plugins compatible for Editor in 1.73 ms, found 4 plugins.
Preloading 0 native plugins for Editor in 0.00 ms.
Unloading 29 Unused Serialized files (Serialized files now loaded: 0)
Unloading 7227 unused Assets / (7.0 MB). Loaded Objects now: 7980.
Memory consumption went from 160.9 MB to 153.9 MB.
Total: 15.352000 ms (FindLiveObjects: 0.755000 ms CreateObjectMapping: 0.674600 ms MarkObjects: 10.116200 ms  DeleteObjects: 3.803800 ms)

Prepare: number of updated asset objects reloaded= 0
========================================================================
Received Prepare
Refreshing native plugins compatible for Editor in 1.61 ms, found 4 plugins.
Preloading 0 native plugins for Editor in 0.00 ms.
Unloading 29 Unused Serialized files (Serialized files now loaded: 0)
Unloading 7227 unused Assets / (7.3 MB). Loaded Objects now: 7980.
Memory consumption went from 160.9 MB to 153.6 MB.
Total: 15.518600 ms (FindLiveObjects: 0.747900 ms CreateObjectMapping: 0.544800 ms MarkObjects: 9.992200 ms  DeleteObjects: 4.232000 ms)

Prepare: number of updated asset objects reloaded= 0
========================================================================
Received Prepare
Refreshing native plugins compatible for Editor in 1.57 ms, found 4 plugins.
Preloading 0 native plugins for Editor in 0.00 ms.
Unloading 29 Unused Serialized files (Serialized files now loaded: 0)
Unloading 7227 unused Assets / (7.0 MB). Loaded Objects now: 7980.
Memory consumption went from 160.9 MB to 153.9 MB.
Total: 13.246800 ms (FindLiveObjects: 0.720800 ms CreateObjectMapping: 0.744500 ms MarkObjects: 7.412300 ms  DeleteObjects: 4.366300 ms)

Prepare: number of updated asset objects reloaded= 0
========================================================================
Received Prepare
Refreshing native plugins compatible for Editor in 1.49 ms, found 4 plugins.
Preloading 0 native plugins for Editor in 0.00 ms.
Unloading 29 Unused Serialized files (Serialized files now loaded: 0)
Unloading 7227 unused Assets / (7.1 MB). Loaded Objects now: 7980.
Memory consumption went from 160.9 MB to 153.8 MB.
Total: 12.468900 ms (FindLiveObjects: 0.723700 ms CreateObjectMapping: 0.644200 ms MarkObjects: 6.893300 ms  DeleteObjects: 4.205800 ms)

Prepare: number of updated asset objects reloaded= 0
========================================================================
Received Prepare
Refreshing native plugins compatible for Editor in 1.75 ms, found 4 plugins.
Preloading 0 native plugins for Editor in 0.00 ms.
Unloading 29 Unused Serialized files (Serialized files now loaded: 0)
Unloading 7227 unused Assets / (7.3 MB). Loaded Objects now: 7980.
Memory consumption went from 160.9 MB to 153.6 MB.
Total: 12.610700 ms (FindLiveObjects: 0.689500 ms CreateObjectMapping: 0.662000 ms MarkObjects: 6.989700 ms  DeleteObjects: 4.267500 ms)

Prepare: number of updated asset objects reloaded= 0
========================================================================
Received Prepare
Begin MonoManager ReloadAssembly
- Loaded All Assemblies, in  1.625 seconds
Refreshing native plugins compatible for Editor in 2.04 ms, found 4 plugins.
Native extension for iOS target not found
Native extension for WindowsStandalone target not found
Native extension for WebGL target not found
Mono: successfully reloaded assembly
- Finished resetting the current domain, in  1.515 seconds
Domain Reload Profiling: 3139ms
	BeginReloadAssembly (487ms)
		ExecutionOrderSort (0ms)
		DisableScriptedObjects (47ms)
		BackupInstance (0ms)
		ReleaseScriptingObjects (1ms)
		CreateAndSetChildDomain (147ms)
	RebuildCommonClasses (42ms)
	RebuildNativeTypeToScriptingClass (15ms)
	initialDomainReloadingComplete (47ms)
	LoadAllAssembliesAndSetupDomain (1033ms)
		LoadAssemblies (914ms)
		RebuildTransferFunctionScriptingTraits (0ms)
		AnalyzeDomain (296ms)
			TypeCache.Refresh (18ms)
				TypeCache.ScanAssembly (1ms)
			BuildScriptInfoCaches (251ms)
			ResolveRequiredComponents (17ms)
	FinalizeReload (1516ms)
		ReleaseScriptCaches (0ms)
		RebuildScriptCaches (0ms)
		SetupLoadedEditorAssemblies (1265ms)
			LogAssemblyErrors (0ms)
			InitializePlatformSupportModulesInManaged (15ms)
			SetLoadedEditorAssemblies (15ms)
			BeforeProcessingInitializeOnLoad (267ms)
			ProcessInitializeOnLoadAttributes (870ms)
			ProcessInitializeOnLoadMethodAttributes (93ms)
			AfterProcessingInitializeOnLoad (5ms)
			EditorAssembliesLoaded (0ms)
		ExecutionOrderSort2 (0ms)
		AwakeInstancesAfterBackupRestoration (26ms)
Refreshing native plugins compatible for Editor in 1.39 ms, found 4 plugins.
Preloading 0 native plugins for Editor in 0.00 ms.
Unloading 29 Unused Serialized files (Serialized files now loaded: 0)
Unloading 7239 unused Assets / (7.4 MB). Loaded Objects now: 7986.
Memory consumption went from 164.3 MB to 156.9 MB.
Total: 15.252900 ms (FindLiveObjects: 1.071300 ms CreateObjectMapping: 0.521400 ms MarkObjects: 7.760700 ms  DeleteObjects: 5.898200 ms)

Prepare: number of updated asset objects reloaded= 0
========================================================================
Received Prepare
Refreshing native plugins compatible for Editor in 1.58 ms, found 4 plugins.
Preloading 0 native plugins for Editor in 0.00 ms.
Unloading 29 Unused Serialized files (Serialized files now loaded: 0)
Unloading 7227 unused Assets / (6.7 MB). Loaded Objects now: 7986.
Memory consumption went from 164.5 MB to 157.7 MB.
Total: 14.133100 ms (FindLiveObjects: 1.377200 ms CreateObjectMapping: 0.664100 ms MarkObjects: 7.909800 ms  DeleteObjects: 4.181200 ms)

Prepare: number of updated asset objects reloaded= 0
========================================================================
Received Prepare
Begin MonoManager ReloadAssembly
- Loaded All Assemblies, in  1.337 seconds
Refreshing native plugins compatible for Editor in 2.19 ms, found 4 plugins.
Native extension for iOS target not found
Native extension for WindowsStandalone target not found
Native extension for WebGL target not found
Mono: successfully reloaded assembly
- Finished resetting the current domain, in  1.278 seconds
Domain Reload Profiling: 2612ms
	BeginReloadAssembly (369ms)
		ExecutionOrderSort (0ms)
		DisableScriptedObjects (17ms)
		BackupInstance (0ms)
		ReleaseScriptingObjects (0ms)
		CreateAndSetChildDomain (66ms)
	RebuildCommonClasses (39ms)
	RebuildNativeTypeToScriptingClass (21ms)
	initialDomainReloadingComplete (37ms)
	LoadAllAssembliesAndSetupDomain (868ms)
		LoadAssemblies (783ms)
		RebuildTransferFunctionScriptingTraits (0ms)
		AnalyzeDomain (272ms)
			TypeCache.Refresh (19ms)
				TypeCache.ScanAssembly (0ms)
			BuildScriptInfoCaches (231ms)
			ResolveRequiredComponents (16ms)
	FinalizeReload (1278ms)
		ReleaseScriptCaches (0ms)
		RebuildScriptCaches (0ms)
		SetupLoadedEditorAssemblies (1075ms)
			LogAssemblyErrors (0ms)
			InitializePlatformSupportModulesInManaged (10ms)
			SetLoadedEditorAssemblies (5ms)
			BeforeProcessingInitializeOnLoad (281ms)
			ProcessInitializeOnLoadAttributes (661ms)
			ProcessInitializeOnLoadMethodAttributes (113ms)
			AfterProcessingInitializeOnLoad (4ms)
			EditorAssembliesLoaded (0ms)
		ExecutionOrderSort2 (0ms)
		AwakeInstancesAfterBackupRestoration (23ms)
Refreshing native plugins compatible for Editor in 1.42 ms, found 4 plugins.
Preloading 0 native plugins for Editor in 0.00 ms.
Unloading 29 Unused Serialized files (Serialized files now loaded: 0)
Unloading 7239 unused Assets / (7.0 MB). Loaded Objects now: 7991.
Memory consumption went from 164.4 MB to 157.5 MB.
Total: 12.473500 ms (FindLiveObjects: 1.072200 ms CreateObjectMapping: 0.554000 ms MarkObjects: 6.946600 ms  DeleteObjects: 3.899500 ms)

Prepare: number of updated asset objects reloaded= 0
========================================================================
Received Prepare
Refreshing native plugins compatible for Editor in 1.61 ms, found 4 plugins.
Preloading 0 native plugins for Editor in 0.00 ms.
Unloading 29 Unused Serialized files (Serialized files now loaded: 0)
Unloading 7227 unused Assets / (6.7 MB). Loaded Objects now: 7991.
Memory consumption went from 164.6 MB to 157.8 MB.
Total: 16.092800 ms (FindLiveObjects: 1.155400 ms CreateObjectMapping: 1.734000 ms MarkObjects: 8.661700 ms  DeleteObjects: 4.540000 ms)

Prepare: number of updated asset objects reloaded= 0
========================================================================
Received Prepare
Refreshing native plugins compatible for Editor in 1.59 ms, found 4 plugins.
Preloading 0 native plugins for Editor in 0.00 ms.
Unloading 29 Unused Serialized files (Serialized files now loaded: 0)
Unloading 7228 unused Assets / (6.9 MB). Loaded Objects now: 7992.
Memory consumption went from 164.6 MB to 157.7 MB.
Total: 14.439800 ms (FindLiveObjects: 0.758600 ms CreateObjectMapping: 0.745800 ms MarkObjects: 8.370600 ms  DeleteObjects: 4.563400 ms)

Prepare: number of updated asset objects reloaded= 0
========================================================================
Received Prepare
Refreshing native plugins compatible for Editor in 1.62 ms, found 4 plugins.
Preloading 0 native plugins for Editor in 0.00 ms.
Unloading 29 Unused Serialized files (Serialized files now loaded: 0)
Unloading 7227 unused Assets / (7.2 MB). Loaded Objects now: 7991.
Memory consumption went from 164.6 MB to 157.4 MB.
Total: 18.526200 ms (FindLiveObjects: 0.938700 ms CreateObjectMapping: 1.279100 ms MarkObjects: 10.710400 ms  DeleteObjects: 5.596200 ms)

Prepare: number of updated asset objects reloaded= 0
========================================================================
Received Prepare
Refreshing native plugins compatible for Editor in 1.61 ms, found 4 plugins.
Preloading 0 native plugins for Editor in 0.00 ms.
Unloading 29 Unused Serialized files (Serialized files now loaded: 0)
Unloading 7227 unused Assets / (6.9 MB). Loaded Objects now: 7991.
Memory consumption went from 164.6 MB to 157.7 MB.
Total: 12.497800 ms (FindLiveObjects: 1.045200 ms CreateObjectMapping: 0.490100 ms MarkObjects: 7.043200 ms  DeleteObjects: 3.917900 ms)

Prepare: number of updated asset objects reloaded= 0
========================================================================
Received Prepare
Refreshing native plugins compatible for Editor in 1.64 ms, found 4 plugins.
Preloading 0 native plugins for Editor in 0.00 ms.
Unloading 29 Unused Serialized files (Serialized files now loaded: 0)
Unloading 7228 unused Assets / (6.1 MB). Loaded Objects now: 7992.
Memory consumption went from 164.6 MB to 158.5 MB.
Total: 14.182600 ms (FindLiveObjects: 1.070000 ms CreateObjectMapping: 0.891200 ms MarkObjects: 8.110300 ms  DeleteObjects: 4.109800 ms)

Prepare: number of updated asset objects reloaded= 0
========================================================================
Received Prepare
Begin MonoManager ReloadAssembly
- Loaded All Assemblies, in  0.741 seconds
Refreshing native plugins compatible for Editor in 0.79 ms, found 4 plugins.
Native extension for iOS target not found
Native extension for WindowsStandalone target not found
Native extension for WebGL target not found
Mono: successfully reloaded assembly
- Finished resetting the current domain, in  0.644 seconds
Domain Reload Profiling: 1387ms
	BeginReloadAssembly (251ms)
		ExecutionOrderSort (0ms)
		DisableScriptedObjects (10ms)
		BackupInstance (0ms)
		ReleaseScriptingObjects (0ms)
		CreateAndSetChildDomain (37ms)
	RebuildCommonClasses (23ms)
	RebuildNativeTypeToScriptingClass (8ms)
	initialDomainReloadingComplete (19ms)
	LoadAllAssembliesAndSetupDomain (441ms)
		LoadAssemblies (362ms)
		RebuildTransferFunctionScriptingTraits (0ms)
		AnalyzeDomain (237ms)
			TypeCache.Refresh (7ms)
				TypeCache.ScanAssembly (0ms)
			BuildScriptInfoCaches (218ms)
			ResolveRequiredComponents (8ms)
	FinalizeReload (645ms)
		ReleaseScriptCaches (0ms)
		RebuildScriptCaches (0ms)
		SetupLoadedEditorAssemblies (536ms)
			LogAssemblyErrors (0ms)
			InitializePlatformSupportModulesInManaged (6ms)
			SetLoadedEditorAssemblies (4ms)
			BeforeProcessingInitializeOnLoad (129ms)
			ProcessInitializeOnLoadAttributes (352ms)
			ProcessInitializeOnLoadMethodAttributes (44ms)
			AfterProcessingInitializeOnLoad (2ms)
			EditorAssembliesLoaded (0ms)
		ExecutionOrderSort2 (0ms)
		AwakeInstancesAfterBackupRestoration (11ms)
Refreshing native plugins compatible for Editor in 1.71 ms, found 4 plugins.
Preloading 0 native plugins for Editor in 0.00 ms.
Unloading 29 Unused Serialized files (Serialized files now loaded: 0)
Unloading 7240 unused Assets / (7.2 MB). Loaded Objects now: 7997.
Memory consumption went from 164.5 MB to 157.2 MB.
Total: 12.903900 ms (FindLiveObjects: 0.756900 ms CreateObjectMapping: 0.680600 ms MarkObjects: 7.127700 ms  DeleteObjects: 4.337300 ms)

Prepare: number of updated asset objects reloaded= 0
========================================================================
Received Prepare
Refreshing native plugins compatible for Editor in 1.48 ms, found 4 plugins.
Preloading 0 native plugins for Editor in 0.00 ms.
Unloading 29 Unused Serialized files (Serialized files now loaded: 0)
Unloading 7228 unused Assets / (6.6 MB). Loaded Objects now: 7997.
Memory consumption went from 164.6 MB to 158.0 MB.
Total: 15.818100 ms (FindLiveObjects: 1.092300 ms CreateObjectMapping: 0.648300 ms MarkObjects: 9.597700 ms  DeleteObjects: 4.477600 ms)

Prepare: number of updated asset objects reloaded= 0
========================================================================
Received Prepare
Refreshing native plugins compatible for Editor in 1.71 ms, found 4 plugins.
Preloading 0 native plugins for Editor in 0.00 ms.
Unloading 29 Unused Serialized files (Serialized files now loaded: 0)
Unloading 7228 unused Assets / (7.2 MB). Loaded Objects now: 7997.
Memory consumption went from 164.6 MB to 157.5 MB.
Total: 13.331700 ms (FindLiveObjects: 1.054200 ms CreateObjectMapping: 0.534800 ms MarkObjects: 7.229400 ms  DeleteObjects: 4.511900 ms)

Prepare: number of updated asset objects reloaded= 0
========================================================================
Received Prepare
Refreshing native plugins compatible for Editor in 1.72 ms, found 4 plugins.
Preloading 0 native plugins for Editor in 0.00 ms.
Unloading 29 Unused Serialized files (Serialized files now loaded: 0)
Unloading 7228 unused Assets / (7.2 MB). Loaded Objects now: 7997.
Memory consumption went from 164.6 MB to 157.5 MB.
Total: 14.979300 ms (FindLiveObjects: 1.100800 ms CreateObjectMapping: 0.585500 ms MarkObjects: 8.022900 ms  DeleteObjects: 5.268400 ms)

Prepare: number of updated asset objects reloaded= 0
========================================================================
Received Prepare
Begin MonoManager ReloadAssembly
- Loaded All Assemblies, in  0.826 seconds
Refreshing native plugins compatible for Editor in 0.69 ms, found 4 plugins.
Native extension for iOS target not found
Native extension for WindowsStandalone target not found
Native extension for WebGL target not found
Mono: successfully reloaded assembly
- Finished resetting the current domain, in  0.670 seconds
Domain Reload Profiling: 1496ms
	BeginReloadAssembly (244ms)
		ExecutionOrderSort (0ms)
		DisableScriptedObjects (13ms)
		BackupInstance (0ms)
		ReleaseScriptingObjects (0ms)
		CreateAndSetChildDomain (65ms)
	RebuildCommonClasses (24ms)
	RebuildNativeTypeToScriptingClass (14ms)
	initialDomainReloadingComplete (27ms)
	LoadAllAssembliesAndSetupDomain (518ms)
		LoadAssemblies (439ms)
		RebuildTransferFunctionScriptingTraits (0ms)
		AnalyzeDomain (182ms)
			TypeCache.Refresh (17ms)
				TypeCache.ScanAssembly (1ms)
			BuildScriptInfoCaches (153ms)
			ResolveRequiredComponents (9ms)
	FinalizeReload (670ms)
		ReleaseScriptCaches (0ms)
		RebuildScriptCaches (0ms)
		SetupLoadedEditorAssemblies (564ms)
			LogAssemblyErrors (0ms)
			InitializePlatformSupportModulesInManaged (6ms)
			SetLoadedEditorAssemblies (4ms)
			BeforeProcessingInitializeOnLoad (128ms)
			ProcessInitializeOnLoadAttributes (381ms)
			ProcessInitializeOnLoadMethodAttributes (43ms)
			AfterProcessingInitializeOnLoad (2ms)
			EditorAssembliesLoaded (0ms)
		ExecutionOrderSort2 (0ms)
		AwakeInstancesAfterBackupRestoration (11ms)
Refreshing native plugins compatible for Editor in 1.58 ms, found 4 plugins.
Preloading 0 native plugins for Editor in 0.00 ms.
Unloading 29 Unused Serialized files (Serialized files now loaded: 0)
Unloading 7240 unused Assets / (7.5 MB). Loaded Objects now: 8002.
Memory consumption went from 164.5 MB to 157.0 MB.
Total: 13.572100 ms (FindLiveObjects: 0.771400 ms CreateObjectMapping: 0.749700 ms MarkObjects: 7.263100 ms  DeleteObjects: 4.786700 ms)

Prepare: number of updated asset objects reloaded= 0
========================================================================
Received Prepare
Refreshing native plugins compatible for Editor in 1.34 ms, found 4 plugins.
Preloading 0 native plugins for Editor in 0.00 ms.
Unloading 29 Unused Serialized files (Serialized files now loaded: 0)
Unloading 7229 unused Assets / (6.6 MB). Loaded Objects now: 8003.
Memory consumption went from 164.6 MB to 158.1 MB.
Total: 12.938900 ms (FindLiveObjects: 1.030000 ms CreateObjectMapping: 0.533000 ms MarkObjects: 7.291400 ms  DeleteObjects: 4.083500 ms)

Prepare: number of updated asset objects reloaded= 0
========================================================================
Received Prepare
Begin MonoManager ReloadAssembly
- Loaded All Assemblies, in  1.176 seconds
Refreshing native plugins compatible for Editor in 1.22 ms, found 4 plugins.
Native extension for iOS target not found
Native extension for WindowsStandalone target not found
Native extension for WebGL target not found
Mono: successfully reloaded assembly
- Finished resetting the current domain, in  1.284 seconds
Domain Reload Profiling: 2461ms
	BeginReloadAssembly (289ms)
		ExecutionOrderSort (0ms)
		DisableScriptedObjects (29ms)
		BackupInstance (0ms)
		ReleaseScriptingObjects (0ms)
		CreateAndSetChildDomain (58ms)
	RebuildCommonClasses (40ms)
	RebuildNativeTypeToScriptingClass (23ms)
	initialDomainReloadingComplete (40ms)
	LoadAllAssembliesAndSetupDomain (785ms)
		LoadAssemblies (639ms)
		RebuildTransferFunctionScriptingTraits (0ms)
		AnalyzeDomain (251ms)
			TypeCache.Refresh (16ms)
				TypeCache.ScanAssembly (1ms)
			BuildScriptInfoCaches (216ms)
			ResolveRequiredComponents (15ms)
	FinalizeReload (1284ms)
		ReleaseScriptCaches (0ms)
		RebuildScriptCaches (0ms)
		SetupLoadedEditorAssemblies (1083ms)
			LogAssemblyErrors (0ms)
			InitializePlatformSupportModulesInManaged (12ms)
			SetLoadedEditorAssemblies (12ms)
			BeforeProcessingInitializeOnLoad (253ms)
			ProcessInitializeOnLoadAttributes (671ms)
			ProcessInitializeOnLoadMethodAttributes (129ms)
			AfterProcessingInitializeOnLoad (5ms)
			EditorAssembliesLoaded (0ms)
		ExecutionOrderSort2 (0ms)
		AwakeInstancesAfterBackupRestoration (25ms)
Refreshing native plugins compatible for Editor in 1.47 ms, found 4 plugins.
Preloading 0 native plugins for Editor in 0.00 ms.
Unloading 29 Unused Serialized files (Serialized files now loaded: 0)
Unloading 7241 unused Assets / (6.6 MB). Loaded Objects now: 8008.
Memory consumption went from 164.5 MB to 157.9 MB.
Total: 13.729400 ms (FindLiveObjects: 1.273400 ms CreateObjectMapping: 0.584800 ms MarkObjects: 7.721500 ms  DeleteObjects: 4.148800 ms)

Prepare: number of updated asset objects reloaded= 0
========================================================================
Received Prepare
Refreshing native plugins compatible for Editor in 1.46 ms, found 4 plugins.
Preloading 0 native plugins for Editor in 0.00 ms.
Unloading 29 Unused Serialized files (Serialized files now loaded: 0)
Unloading 7229 unused Assets / (6.9 MB). Loaded Objects now: 8008.
Memory consumption went from 164.7 MB to 157.8 MB.
Total: 13.457300 ms (FindLiveObjects: 1.178900 ms CreateObjectMapping: 0.503300 ms MarkObjects: 7.513400 ms  DeleteObjects: 4.260700 ms)

Prepare: number of updated asset objects reloaded= 0
========================================================================
Received Prepare
Begin MonoManager ReloadAssembly
- Loaded All Assemblies, in  0.535 seconds
Refreshing native plugins compatible for Editor in 0.62 ms, found 4 plugins.
Native extension for iOS target not found
Native extension for WindowsStandalone target not found
Native extension for WebGL target not found
Mono: successfully reloaded assembly
- Finished resetting the current domain, in  0.672 seconds
Domain Reload Profiling: 1208ms
	BeginReloadAssembly (145ms)
		ExecutionOrderSort (0ms)
		DisableScriptedObjects (9ms)
		BackupInstance (0ms)
		ReleaseScriptingObjects (0ms)
		CreateAndSetChildDomain (32ms)
	RebuildCommonClasses (22ms)
	RebuildNativeTypeToScriptingClass (8ms)
	initialDomainReloadingComplete (17ms)
	LoadAllAssembliesAndSetupDomain (343ms)
		LoadAssemblies (255ms)
		RebuildTransferFunctionScriptingTraits (0ms)
		AnalyzeDomain (146ms)
			TypeCache.Refresh (8ms)
				TypeCache.ScanAssembly (0ms)
			BuildScriptInfoCaches (128ms)
			ResolveRequiredComponents (7ms)
	FinalizeReload (672ms)
		ReleaseScriptCaches (0ms)
		RebuildScriptCaches (0ms)
		SetupLoadedEditorAssemblies (562ms)
			LogAssemblyErrors (0ms)
			InitializePlatformSupportModulesInManaged (6ms)
			SetLoadedEditorAssemblies (4ms)
			BeforeProcessingInitializeOnLoad (132ms)
			ProcessInitializeOnLoadAttributes (371ms)
			ProcessInitializeOnLoadMethodAttributes (46ms)
			AfterProcessingInitializeOnLoad (4ms)
			EditorAssembliesLoaded (0ms)
		ExecutionOrderSort2 (0ms)
		AwakeInstancesAfterBackupRestoration (12ms)
Refreshing native plugins compatible for Editor in 1.54 ms, found 4 plugins.
Preloading 0 native plugins for Editor in 0.00 ms.
Unloading 29 Unused Serialized files (Serialized files now loaded: 0)
Unloading 7241 unused Assets / (7.1 MB). Loaded Objects now: 8013.
Memory consumption went from 166.5 MB to 159.5 MB.
Total: 13.843200 ms (FindLiveObjects: 0.753400 ms CreateObjectMapping: 0.677200 ms MarkObjects: 7.889600 ms  DeleteObjects: 4.519700 ms)

Prepare: number of updated asset objects reloaded= 0
========================================================================
Received Prepare
Refreshing native plugins compatible for Editor in 1.44 ms, found 4 plugins.
Preloading 0 native plugins for Editor in 0.00 ms.
Unloading 29 Unused Serialized files (Serialized files now loaded: 0)
Unloading 7229 unused Assets / (7.0 MB). Loaded Objects now: 8013.
Memory consumption went from 166.6 MB to 159.7 MB.
Total: 13.436400 ms (FindLiveObjects: 1.122700 ms CreateObjectMapping: 0.564800 ms MarkObjects: 7.280300 ms  DeleteObjects: 4.467500 ms)

Prepare: number of updated asset objects reloaded= 0
========================================================================
Received Prepare
Begin MonoManager ReloadAssembly
- Loaded All Assemblies, in  1.260 seconds
Refreshing native plugins compatible for Editor in 2.02 ms, found 4 plugins.
Native extension for iOS target not found
Native extension for WindowsStandalone target not found
Native extension for WebGL target not found
Mono: successfully reloaded assembly
- Finished resetting the current domain, in  1.227 seconds
Domain Reload Profiling: 2485ms
	BeginReloadAssembly (269ms)
		ExecutionOrderSort (0ms)
		DisableScriptedObjects (24ms)
		BackupInstance (0ms)
		ReleaseScriptingObjects (0ms)
		CreateAndSetChildDomain (61ms)
	RebuildCommonClasses (43ms)
	RebuildNativeTypeToScriptingClass (21ms)
	initialDomainReloadingComplete (38ms)
	LoadAllAssembliesAndSetupDomain (888ms)
		LoadAssemblies (748ms)
		RebuildTransferFunctionScriptingTraits (0ms)
		AnalyzeDomain (253ms)
			TypeCache.Refresh (13ms)
				TypeCache.ScanAssembly (0ms)
			BuildScriptInfoCaches (221ms)
			ResolveRequiredComponents (13ms)
	FinalizeReload (1227ms)
		ReleaseScriptCaches (0ms)
		RebuildScriptCaches (0ms)
		SetupLoadedEditorAssemblies (1023ms)
			LogAssemblyErrors (0ms)
			InitializePlatformSupportModulesInManaged (14ms)
			SetLoadedEditorAssemblies (9ms)
			BeforeProcessingInitializeOnLoad (248ms)
			ProcessInitializeOnLoadAttributes (650ms)
			ProcessInitializeOnLoadMethodAttributes (93ms)
			AfterProcessingInitializeOnLoad (8ms)
			EditorAssembliesLoaded (0ms)
		ExecutionOrderSort2 (0ms)
		AwakeInstancesAfterBackupRestoration (22ms)
Refreshing native plugins compatible for Editor in 1.46 ms, found 4 plugins.
Preloading 0 native plugins for Editor in 0.00 ms.
Unloading 29 Unused Serialized files (Serialized files now loaded: 0)
Unloading 7241 unused Assets / (6.6 MB). Loaded Objects now: 8018.
Memory consumption went from 166.5 MB to 159.9 MB.
Total: 12.343100 ms (FindLiveObjects: 0.985700 ms CreateObjectMapping: 0.489600 ms MarkObjects: 6.789500 ms  DeleteObjects: 4.077200 ms)

Prepare: number of updated asset objects reloaded= 0
========================================================================
Received Prepare
Refreshing native plugins compatible for Editor in 1.69 ms, found 4 plugins.
Preloading 0 native plugins for Editor in 0.00 ms.
Unloading 29 Unused Serialized files (Serialized files now loaded: 0)
Unloading 7229 unused Assets / (6.6 MB). Loaded Objects now: 8018.
Memory consumption went from 166.7 MB to 160.0 MB.
Total: 13.581200 ms (FindLiveObjects: 1.232500 ms CreateObjectMapping: 0.525800 ms MarkObjects: 6.762100 ms  DeleteObjects: 5.059600 ms)

Prepare: number of updated asset objects reloaded= 0
========================================================================
Received Prepare
Begin MonoManager ReloadAssembly
- Loaded All Assemblies, in  1.167 seconds
Refreshing native plugins compatible for Editor in 2.59 ms, found 4 plugins.
Native extension for iOS target not found
Native extension for WindowsStandalone target not found
Native extension for WebGL target not found
Mono: successfully reloaded assembly
- Finished resetting the current domain, in  1.284 seconds
Domain Reload Profiling: 2452ms
	BeginReloadAssembly (309ms)
		ExecutionOrderSort (0ms)
		DisableScriptedObjects (19ms)
		BackupInstance (0ms)
		ReleaseScriptingObjects (0ms)
		CreateAndSetChildDomain (78ms)
	RebuildCommonClasses (45ms)
	RebuildNativeTypeToScriptingClass (16ms)
	initialDomainReloadingComplete (33ms)
	LoadAllAssembliesAndSetupDomain (765ms)
		LoadAssemblies (664ms)
		RebuildTransferFunctionScriptingTraits (0ms)
		AnalyzeDomain (226ms)
			TypeCache.Refresh (12ms)
				TypeCache.ScanAssembly (0ms)
			BuildScriptInfoCaches (197ms)
			ResolveRequiredComponents (13ms)
	FinalizeReload (1285ms)
		ReleaseScriptCaches (0ms)
		RebuildScriptCaches (0ms)
		SetupLoadedEditorAssemblies (1073ms)
			LogAssemblyErrors (0ms)
			InitializePlatformSupportModulesInManaged (11ms)
			SetLoadedEditorAssemblies (12ms)
			BeforeProcessingInitializeOnLoad (274ms)
			ProcessInitializeOnLoadAttributes (675ms)
			ProcessInitializeOnLoadMethodAttributes (93ms)
			AfterProcessingInitializeOnLoad (7ms)
			EditorAssembliesLoaded (0ms)
		ExecutionOrderSort2 (0ms)
		AwakeInstancesAfterBackupRestoration (26ms)
Refreshing native plugins compatible for Editor in 1.34 ms, found 4 plugins.
Preloading 0 native plugins for Editor in 0.00 ms.
Unloading 29 Unused Serialized files (Serialized files now loaded: 0)
Unloading 7241 unused Assets / (7.1 MB). Loaded Objects now: 8023.
Memory consumption went from 168.5 MB to 161.5 MB.
Total: 12.304600 ms (FindLiveObjects: 0.984300 ms CreateObjectMapping: 0.458600 ms MarkObjects: 6.688000 ms  DeleteObjects: 4.172600 ms)

Prepare: number of updated asset objects reloaded= 0
========================================================================
Received Prepare
Refreshing native plugins compatible for Editor in 1.45 ms, found 4 plugins.
Preloading 0 native plugins for Editor in 0.00 ms.
Unloading 29 Unused Serialized files (Serialized files now loaded: 0)
Unloading 7228 unused Assets / (6.5 MB). Loaded Objects now: 8022.
Memory consumption went from 168.7 MB to 162.2 MB.
Total: 13.315000 ms (FindLiveObjects: 0.990900 ms CreateObjectMapping: 0.470300 ms MarkObjects: 7.642200 ms  DeleteObjects: 4.210200 ms)

Prepare: number of updated asset objects reloaded= 0
========================================================================
Received Prepare
Begin MonoManager ReloadAssembly
- Loaded All Assemblies, in  1.099 seconds
Refreshing native plugins compatible for Editor in 1.93 ms, found 4 plugins.
Native extension for iOS target not found
Native extension for WindowsStandalone target not found
Native extension for WebGL target not found
Mono: successfully reloaded assembly
- Finished resetting the current domain, in  1.244 seconds
Domain Reload Profiling: 2343ms
	BeginReloadAssembly (296ms)
		ExecutionOrderSort (0ms)
		DisableScriptedObjects (19ms)
		BackupInstance (0ms)
		ReleaseScriptingObjects (1ms)
		CreateAndSetChildDomain (73ms)
	RebuildCommonClasses (45ms)
	RebuildNativeTypeToScriptingClass (17ms)
	initialDomainReloadingComplete (39ms)
	LoadAllAssembliesAndSetupDomain (703ms)
		LoadAssemblies (566ms)
		RebuildTransferFunctionScriptingTraits (0ms)
		AnalyzeDomain (246ms)
			TypeCache.Refresh (13ms)
				TypeCache.ScanAssembly (0ms)
			BuildScriptInfoCaches (216ms)
			ResolveRequiredComponents (12ms)
	FinalizeReload (1244ms)
		ReleaseScriptCaches (0ms)
		RebuildScriptCaches (0ms)
		SetupLoadedEditorAssemblies (1041ms)
			LogAssemblyErrors (0ms)
			InitializePlatformSupportModulesInManaged (10ms)
			SetLoadedEditorAssemblies (8ms)
			BeforeProcessingInitializeOnLoad (253ms)
			ProcessInitializeOnLoadAttributes (675ms)
			ProcessInitializeOnLoadMethodAttributes (90ms)
			AfterProcessingInitializeOnLoad (6ms)
			EditorAssembliesLoaded (0ms)
		ExecutionOrderSort2 (0ms)
		AwakeInstancesAfterBackupRestoration (21ms)
Refreshing native plugins compatible for Editor in 1.61 ms, found 4 plugins.
Preloading 0 native plugins for Editor in 0.00 ms.
Unloading 29 Unused Serialized files (Serialized files now loaded: 0)
Unloading 7240 unused Assets / (6.2 MB). Loaded Objects now: 8027.
Memory consumption went from 168.6 MB to 162.4 MB.
Total: 12.110300 ms (FindLiveObjects: 1.186100 ms CreateObjectMapping: 0.503500 ms MarkObjects: 6.666700 ms  DeleteObjects: 3.753200 ms)

Prepare: number of updated asset objects reloaded= 0
========================================================================
Received Prepare
Refreshing native plugins compatible for Editor in 1.48 ms, found 4 plugins.
Preloading 0 native plugins for Editor in 0.00 ms.
Unloading 29 Unused Serialized files (Serialized files now loaded: 0)
Unloading 7228 unused Assets / (7.0 MB). Loaded Objects now: 8027.
Memory consumption went from 168.7 MB to 161.7 MB.
Total: 12.827400 ms (FindLiveObjects: 1.122400 ms CreateObjectMapping: 0.498300 ms MarkObjects: 6.971500 ms  DeleteObjects: 4.234000 ms)

Prepare: number of updated asset objects reloaded= 0
========================================================================
Received Prepare
Refreshing native plugins compatible for Editor in 1.82 ms, found 4 plugins.
Preloading 0 native plugins for Editor in 0.00 ms.
Unloading 29 Unused Serialized files (Serialized files now loaded: 0)
Unloading 7228 unused Assets / (7.1 MB). Loaded Objects now: 8027.
Memory consumption went from 168.7 MB to 161.5 MB.
Total: 28.802000 ms (FindLiveObjects: 1.217400 ms CreateObjectMapping: 1.473400 ms MarkObjects: 21.246800 ms  DeleteObjects: 4.862800 ms)

Prepare: number of updated asset objects reloaded= 0
========================================================================
Received Prepare
Begin MonoManager ReloadAssembly
- Loaded All Assemblies, in  0.520 seconds
Refreshing native plugins compatible for Editor in 0.74 ms, found 4 plugins.
Native extension for iOS target not found
Native extension for WindowsStandalone target not found
Native extension for WebGL target not found
Mono: successfully reloaded assembly
- Finished resetting the current domain, in  0.646 seconds
Domain Reload Profiling: 1168ms
	BeginReloadAssembly (146ms)
		ExecutionOrderSort (0ms)
		DisableScriptedObjects (10ms)
		BackupInstance (0ms)
		ReleaseScriptingObjects (0ms)
		CreateAndSetChildDomain (34ms)
	RebuildCommonClasses (22ms)
	RebuildNativeTypeToScriptingClass (8ms)
	initialDomainReloadingComplete (17ms)
	LoadAllAssembliesAndSetupDomain (328ms)
		LoadAssemblies (243ms)
		RebuildTransferFunctionScriptingTraits (0ms)
		AnalyzeDomain (141ms)
			TypeCache.Refresh (7ms)
				TypeCache.ScanAssembly (0ms)
			BuildScriptInfoCaches (123ms)
			ResolveRequiredComponents (7ms)
	FinalizeReload (646ms)
		ReleaseScriptCaches (0ms)
		RebuildScriptCaches (0ms)
		SetupLoadedEditorAssemblies (539ms)
			LogAssemblyErrors (0ms)
			InitializePlatformSupportModulesInManaged (6ms)
			SetLoadedEditorAssemblies (4ms)
			BeforeProcessingInitializeOnLoad (122ms)
			ProcessInitializeOnLoadAttributes (362ms)
			ProcessInitializeOnLoadMethodAttributes (43ms)
			AfterProcessingInitializeOnLoad (2ms)
			EditorAssembliesLoaded (0ms)
		ExecutionOrderSort2 (0ms)
		AwakeInstancesAfterBackupRestoration (11ms)
Refreshing native plugins compatible for Editor in 1.31 ms, found 4 plugins.
Preloading 0 native plugins for Editor in 0.00 ms.
Unloading 29 Unused Serialized files (Serialized files now loaded: 0)
Unloading 7240 unused Assets / (7.3 MB). Loaded Objects now: 8032.
Memory consumption went from 168.6 MB to 161.3 MB.
Total: 12.045500 ms (FindLiveObjects: 0.689400 ms CreateObjectMapping: 0.556700 ms MarkObjects: 6.545100 ms  DeleteObjects: 4.253000 ms)

Prepare: number of updated asset objects reloaded= 0
========================================================================
Received Prepare
Refreshing native plugins compatible for Editor in 1.45 ms, found 4 plugins.
Preloading 0 native plugins for Editor in 0.00 ms.
Unloading 29 Unused Serialized files (Serialized files now loaded: 0)
Unloading 7228 unused Assets / (6.2 MB). Loaded Objects now: 8032.
Memory consumption went from 168.7 MB to 162.6 MB.
Total: 12.360000 ms (FindLiveObjects: 1.165900 ms CreateObjectMapping: 0.495900 ms MarkObjects: 7.156900 ms  DeleteObjects: 3.540000 ms)

Prepare: number of updated asset objects reloaded= 2
========================================================================
Received Prepare
Begin MonoManager ReloadAssembly
- Loaded All Assemblies, in  1.069 seconds
Refreshing native plugins compatible for Editor in 2.38 ms, found 4 plugins.
Native extension for iOS target not found
Native extension for WindowsStandalone target not found
Native extension for WebGL target not found
Mono: successfully reloaded assembly
- Finished resetting the current domain, in  1.266 seconds
Domain Reload Profiling: 2335ms
	BeginReloadAssembly (289ms)
		ExecutionOrderSort (0ms)
		DisableScriptedObjects (16ms)
		BackupInstance (0ms)
		ReleaseScriptingObjects (0ms)
		CreateAndSetChildDomain (76ms)
	RebuildCommonClasses (40ms)
	RebuildNativeTypeToScriptingClass (17ms)
	initialDomainReloadingComplete (34ms)
	LoadAllAssembliesAndSetupDomain (689ms)
		LoadAssemblies (576ms)
		RebuildTransferFunctionScriptingTraits (0ms)
		AnalyzeDomain (218ms)
			TypeCache.Refresh (8ms)
				TypeCache.ScanAssembly (0ms)
			BuildScriptInfoCaches (192ms)
			ResolveRequiredComponents (13ms)
	FinalizeReload (1266ms)
		ReleaseScriptCaches (0ms)
		RebuildScriptCaches (0ms)
		SetupLoadedEditorAssemblies (1045ms)
			LogAssemblyErrors (0ms)
			InitializePlatformSupportModulesInManaged (9ms)
			SetLoadedEditorAssemblies (5ms)
			BeforeProcessingInitializeOnLoad (240ms)
			ProcessInitializeOnLoadAttributes (685ms)
			ProcessInitializeOnLoadMethodAttributes (98ms)
			AfterProcessingInitializeOnLoad (6ms)
			EditorAssembliesLoaded (1ms)
		ExecutionOrderSort2 (0ms)
		AwakeInstancesAfterBackupRestoration (32ms)
Refreshing native plugins compatible for Editor in 1.93 ms, found 4 plugins.
Preloading 0 native plugins for Editor in 0.00 ms.
Unloading 29 Unused Serialized files (Serialized files now loaded: 0)
Unloading 7240 unused Assets / (7.0 MB). Loaded Objects now: 8037.
Memory consumption went from 168.7 MB to 161.6 MB.
Total: 15.396000 ms (FindLiveObjects: 1.148000 ms CreateObjectMapping: 0.557300 ms MarkObjects: 8.748700 ms  DeleteObjects: 4.940400 ms)

Prepare: number of updated asset objects reloaded= 0
========================================================================
Received Prepare
Refreshing native plugins compatible for Editor in 1.35 ms, found 4 plugins.
Preloading 0 native plugins for Editor in 0.00 ms.
Unloading 29 Unused Serialized files (Serialized files now loaded: 0)
Unloading 7228 unused Assets / (6.9 MB). Loaded Objects now: 8037.
Memory consumption went from 168.8 MB to 161.9 MB.
Total: 14.493200 ms (FindLiveObjects: 1.034300 ms CreateObjectMapping: 0.473800 ms MarkObjects: 8.491900 ms  DeleteObjects: 4.491800 ms)

Prepare: number of updated asset objects reloaded= 0
========================================================================
Received Prepare
Begin MonoManager ReloadAssembly
- Loaded All Assemblies, in  1.181 seconds
Refreshing native plugins compatible for Editor in 1.87 ms, found 4 plugins.
Native extension for iOS target not found
Native extension for WindowsStandalone target not found
Native extension for WebGL target not found
Mono: successfully reloaded assembly
- Finished resetting the current domain, in  1.239 seconds
Domain Reload Profiling: 2421ms
	BeginReloadAssembly (319ms)
		ExecutionOrderSort (0ms)
		DisableScriptedObjects (20ms)
		BackupInstance (0ms)
		ReleaseScriptingObjects (0ms)
		CreateAndSetChildDomain (74ms)
	RebuildCommonClasses (37ms)
	RebuildNativeTypeToScriptingClass (15ms)
	initialDomainReloadingComplete (29ms)
	LoadAllAssembliesAndSetupDomain (783ms)
		LoadAssemblies (692ms)
		RebuildTransferFunctionScriptingTraits (0ms)
		AnalyzeDomain (226ms)
			TypeCache.Refresh (14ms)
				TypeCache.ScanAssembly (0ms)
			BuildScriptInfoCaches (194ms)
			ResolveRequiredComponents (12ms)
	FinalizeReload (1239ms)
		ReleaseScriptCaches (0ms)
		RebuildScriptCaches (0ms)
		SetupLoadedEditorAssemblies (997ms)
			LogAssemblyErrors (0ms)
			InitializePlatformSupportModulesInManaged (23ms)
			SetLoadedEditorAssemblies (15ms)
			BeforeProcessingInitializeOnLoad (260ms)
			ProcessInitializeOnLoadAttributes (618ms)
			ProcessInitializeOnLoadMethodAttributes (76ms)
			AfterProcessingInitializeOnLoad (5ms)
			EditorAssembliesLoaded (0ms)
		ExecutionOrderSort2 (0ms)
		AwakeInstancesAfterBackupRestoration (41ms)
Refreshing native plugins compatible for Editor in 1.35 ms, found 4 plugins.
Preloading 0 native plugins for Editor in 0.00 ms.
Unloading 29 Unused Serialized files (Serialized files now loaded: 0)
Unloading 7240 unused Assets / (7.0 MB). Loaded Objects now: 8042.
Memory consumption went from 168.7 MB to 161.7 MB.
Total: 12.755800 ms (FindLiveObjects: 1.142700 ms CreateObjectMapping: 0.732500 ms MarkObjects: 6.683600 ms  DeleteObjects: 4.196100 ms)

Prepare: number of updated asset objects reloaded= 0
========================================================================
Received Prepare
Refreshing native plugins compatible for Editor in 1.53 ms, found 4 plugins.
Preloading 0 native plugins for Editor in 0.00 ms.
Unloading 29 Unused Serialized files (Serialized files now loaded: 0)
Unloading 7228 unused Assets / (6.7 MB). Loaded Objects now: 8042.
Memory consumption went from 168.8 MB to 162.1 MB.
Total: 13.784400 ms (FindLiveObjects: 1.080000 ms CreateObjectMapping: 0.648100 ms MarkObjects: 7.674000 ms  DeleteObjects: 4.380900 ms)

Prepare: number of updated asset objects reloaded= 0
========================================================================
Received Prepare
Begin MonoManager ReloadAssembly
- Loaded All Assemblies, in  1.310 seconds
Refreshing native plugins compatible for Editor in 1.58 ms, found 4 plugins.
Native extension for iOS target not found
Native extension for WindowsStandalone target not found
Native extension for WebGL target not found
Mono: successfully reloaded assembly
- Finished resetting the current domain, in  1.419 seconds
Domain Reload Profiling: 2730ms
	BeginReloadAssembly (277ms)
		ExecutionOrderSort (0ms)
		DisableScriptedObjects (18ms)
		BackupInstance (0ms)
		ReleaseScriptingObjects (0ms)
		CreateAndSetChildDomain (63ms)
	RebuildCommonClasses (74ms)
	RebuildNativeTypeToScriptingClass (23ms)
	initialDomainReloadingComplete (37ms)
	LoadAllAssembliesAndSetupDomain (899ms)
		LoadAssemblies (697ms)
		RebuildTransferFunctionScriptingTraits (0ms)
		AnalyzeDomain (335ms)
			TypeCache.Refresh (13ms)
				TypeCache.ScanAssembly (0ms)
			BuildScriptInfoCaches (299ms)
			ResolveRequiredComponents (15ms)
	FinalizeReload (1420ms)
		ReleaseScriptCaches (0ms)
		RebuildScriptCaches (0ms)
		SetupLoadedEditorAssemblies (1199ms)
			LogAssemblyErrors (0ms)
			InitializePlatformSupportModulesInManaged (15ms)
			SetLoadedEditorAssemblies (10ms)
			BeforeProcessingInitializeOnLoad (309ms)
			ProcessInitializeOnLoadAttributes (752ms)
			ProcessInitializeOnLoadMethodAttributes (106ms)
			AfterProcessingInitializeOnLoad (6ms)
			EditorAssembliesLoaded (0ms)
		ExecutionOrderSort2 (0ms)
		AwakeInstancesAfterBackupRestoration (27ms)
Refreshing native plugins compatible for Editor in 1.60 ms, found 4 plugins.
Preloading 0 native plugins for Editor in 0.00 ms.
Unloading 29 Unused Serialized files (Serialized files now loaded: 0)
Unloading 7240 unused Assets / (7.2 MB). Loaded Objects now: 8047.
Memory consumption went from 168.7 MB to 161.5 MB.
Total: 14.867300 ms (FindLiveObjects: 1.195200 ms CreateObjectMapping: 0.515900 ms MarkObjects: 8.012600 ms  DeleteObjects: 5.142200 ms)

Prepare: number of updated asset objects reloaded= 0
========================================================================
Received Prepare
Refreshing native plugins compatible for Editor in 1.68 ms, found 4 plugins.
Preloading 0 native plugins for Editor in 0.00 ms.
Unloading 29 Unused Serialized files (Serialized files now loaded: 0)
Unloading 7228 unused Assets / (7.2 MB). Loaded Objects now: 8047.
Memory consumption went from 168.9 MB to 161.7 MB.
Total: 12.534800 ms (FindLiveObjects: 0.997500 ms CreateObjectMapping: 0.478500 ms MarkObjects: 6.727400 ms  DeleteObjects: 4.330200 ms)

Prepare: number of updated asset objects reloaded= 0
========================================================================
Received Prepare
Begin MonoManager ReloadAssembly
- Loaded All Assemblies, in  1.097 seconds
Refreshing native plugins compatible for Editor in 1.81 ms, found 4 plugins.
Native extension for iOS target not found
Native extension for WindowsStandalone target not found
Native extension for WebGL target not found
Mono: successfully reloaded assembly
- Finished resetting the current domain, in  1.240 seconds
Domain Reload Profiling: 2338ms
	BeginReloadAssembly (265ms)
		ExecutionOrderSort (0ms)
		DisableScriptedObjects (23ms)
		BackupInstance (0ms)
		ReleaseScriptingObjects (0ms)
		CreateAndSetChildDomain (57ms)
	RebuildCommonClasses (37ms)
	RebuildNativeTypeToScriptingClass (14ms)
	initialDomainReloadingComplete (32ms)
	LoadAllAssembliesAndSetupDomain (749ms)
		LoadAssemblies (648ms)
		RebuildTransferFunctionScriptingTraits (0ms)
		AnalyzeDomain (221ms)
			TypeCache.Refresh (12ms)
				TypeCache.ScanAssembly (0ms)
			BuildScriptInfoCaches (190ms)
			ResolveRequiredComponents (15ms)
	FinalizeReload (1240ms)
		ReleaseScriptCaches (0ms)
		RebuildScriptCaches (0ms)
		SetupLoadedEditorAssemblies (1045ms)
			LogAssemblyErrors (0ms)
			InitializePlatformSupportModulesInManaged (10ms)
			SetLoadedEditorAssemblies (12ms)
			BeforeProcessingInitializeOnLoad (258ms)
			ProcessInitializeOnLoadAttributes (671ms)
			ProcessInitializeOnLoadMethodAttributes (89ms)
			AfterProcessingInitializeOnLoad (5ms)
			EditorAssembliesLoaded (0ms)
		ExecutionOrderSort2 (0ms)
		AwakeInstancesAfterBackupRestoration (22ms)
Refreshing native plugins compatible for Editor in 1.44 ms, found 4 plugins.
Preloading 0 native plugins for Editor in 0.00 ms.
Unloading 29 Unused Serialized files (Serialized files now loaded: 0)
Unloading 7240 unused Assets / (6.9 MB). Loaded Objects now: 8052.
Memory consumption went from 168.8 MB to 161.8 MB.
Total: 12.204200 ms (FindLiveObjects: 1.029800 ms CreateObjectMapping: 0.542500 ms MarkObjects: 6.735400 ms  DeleteObjects: 3.895200 ms)

Prepare: number of updated asset objects reloaded= 0
========================================================================
Received Prepare
Begin MonoManager ReloadAssembly
- Loaded All Assemblies, in  0.507 seconds
Refreshing native plugins compatible for Editor in 0.69 ms, found 4 plugins.
Native extension for iOS target not found
Native extension for WindowsStandalone target not found
Native extension for WebGL target not found
Mono: successfully reloaded assembly
- Finished resetting the current domain, in  0.636 seconds
Domain Reload Profiling: 1146ms
	BeginReloadAssembly (136ms)
		ExecutionOrderSort (0ms)
		DisableScriptedObjects (9ms)
		BackupInstance (0ms)
		ReleaseScriptingObjects (0ms)
		CreateAndSetChildDomain (30ms)
	RebuildCommonClasses (22ms)
	RebuildNativeTypeToScriptingClass (8ms)
	initialDomainReloadingComplete (17ms)
	LoadAllAssembliesAndSetupDomain (326ms)
		LoadAssemblies (243ms)
		RebuildTransferFunctionScriptingTraits (0ms)
		AnalyzeDomain (136ms)
			TypeCache.Refresh (6ms)
				TypeCache.ScanAssembly (0ms)
			BuildScriptInfoCaches (118ms)
			ResolveRequiredComponents (7ms)
	FinalizeReload (637ms)
		ReleaseScriptCaches (0ms)
		RebuildScriptCaches (0ms)
		SetupLoadedEditorAssemblies (530ms)
			LogAssemblyErrors (0ms)
			InitializePlatformSupportModulesInManaged (6ms)
			SetLoadedEditorAssemblies (4ms)
			BeforeProcessingInitializeOnLoad (123ms)
			ProcessInitializeOnLoadAttributes (353ms)
			ProcessInitializeOnLoadMethodAttributes (42ms)
			AfterProcessingInitializeOnLoad (2ms)
			EditorAssembliesLoaded (0ms)
		ExecutionOrderSort2 (0ms)
		AwakeInstancesAfterBackupRestoration (13ms)
Refreshing native plugins compatible for Editor in 1.74 ms, found 4 plugins.
Preloading 0 native plugins for Editor in 0.00 ms.
Unloading 29 Unused Serialized files (Serialized files now loaded: 0)
Unloading 7240 unused Assets / (7.0 MB). Loaded Objects now: 8057.
Memory consumption went from 168.7 MB to 161.7 MB.
Total: 12.781200 ms (FindLiveObjects: 0.748100 ms CreateObjectMapping: 0.664500 ms MarkObjects: 7.209000 ms  DeleteObjects: 4.158400 ms)

Prepare: number of updated asset objects reloaded= 0
========================================================================
Received Import Request.
  Time since last request: 243997.385888 seconds.
  path: Assets/Art/Image (14) 1.png
  artifactKey: Guid(be2609ecbaed9484c97e1a9fb23c86c1) Importer(815301076,1909f56bfc062723c751e8b465ee728b)
Start importing Assets/Art/Image (14) 1.png using Guid(be2609ecbaed9484c97e1a9fb23c86c1) Importer(815301076,1909f56bfc062723c751e8b465ee728b) (PreviewImporter) -> (artifact id: 'ea62c1e29ccd1938dbd65a0a95c91c54') in 0.6992998 seconds
Number of updated asset objects reloaded before import = 0Number of asset objects unloaded after import = 3

========================================================================
Received Import Request.
  Time since last request: 0.000023 seconds.
  path: Assets/Art/Image (28) 1.png
  artifactKey: Guid(12f33036ec387754dbe0dc1a8f24c447) Importer(815301076,1909f56bfc062723c751e8b465ee728b)
Start importing Assets/Art/Image (28) 1.png using Guid(12f33036ec387754dbe0dc1a8f24c447) Importer(815301076,1909f56bfc062723c751e8b465ee728b) (PreviewImporter) -> (artifact id: '32fab927c929313b77b6081aca0a8dc0') in 0.0241063 seconds
Number of updated asset objects reloaded before import = 0Number of asset objects unloaded after import = 3

========================================================================
Received Import Request.
  Time since last request: 0.000032 seconds.
  path: Assets/Art/Image (25) 1.png
  artifactKey: Guid(c5325d0da1d33a94b9b6926e1fffa5ba) Importer(815301076,1909f56bfc062723c751e8b465ee728b)
Start importing Assets/Art/Image (25) 1.png using Guid(c5325d0da1d33a94b9b6926e1fffa5ba) Importer(815301076,1909f56bfc062723c751e8b465ee728b) (PreviewImporter) -> (artifact id: '0a5222bbc7b0d369431e6a60b4d03051') in 0.0203073 seconds
Number of updated asset objects reloaded before import = 0Number of asset objects unloaded after import = 3

========================================================================
Received Import Request.
  Time since last request: 0.915058 seconds.
  path: Assets/Art/Image (32) 1.png
  artifactKey: Guid(87151b2af2a7a824ab42342689fd46f4) Importer(815301076,1909f56bfc062723c751e8b465ee728b)
Start importing Assets/Art/Image (32) 1.png using Guid(87151b2af2a7a824ab42342689fd46f4) Importer(815301076,1909f56bfc062723c751e8b465ee728b) (PreviewImporter) -> (artifact id: '5f96abb8dc1811fbef91682e59fb42d7') in 0.0208755 seconds
Number of updated asset objects reloaded before import = 0Number of asset objects unloaded after import = 3

========================================================================
Received Import Request.
  Time since last request: 0.000014 seconds.
  path: Assets/Art/Image (34) 1.png
  artifactKey: Guid(5b33c0aa3d98ea348a708b9ef2793563) Importer(815301076,1909f56bfc062723c751e8b465ee728b)
Start importing Assets/Art/Image (34) 1.png using Guid(5b33c0aa3d98ea348a708b9ef2793563) Importer(815301076,1909f56bfc062723c751e8b465ee728b) (PreviewImporter) -> (artifact id: '0f93669419ab6d41988caa1d280ef828') in 0.0211624 seconds
Number of updated asset objects reloaded before import = 0Number of asset objects unloaded after import = 3

========================================================================
Received Import Request.
  Time since last request: 0.000019 seconds.
  path: Assets/Art/Image (37) 1.png
  artifactKey: Guid(c5ddb9095cd9e6b499710b727c2fdfc9) Importer(815301076,1909f56bfc062723c751e8b465ee728b)
Start importing Assets/Art/Image (37) 1.png using Guid(c5ddb9095cd9e6b499710b727c2fdfc9) Importer(815301076,1909f56bfc062723c751e8b465ee728b) (PreviewImporter) -> (artifact id: '5869e4bcc5629657b76f58ca45ef3e53') in 0.0216542 seconds
Number of updated asset objects reloaded before import = 0Number of asset objects unloaded after import = 3

========================================================================
Received Import Request.
  Time since last request: 0.000026 seconds.
  path: Assets/Art/Image (38) 1.png
  artifactKey: Guid(84b68bfe423ae8d41970408c6110b407) Importer(815301076,1909f56bfc062723c751e8b465ee728b)
Start importing Assets/Art/Image (38) 1.png using Guid(84b68bfe423ae8d41970408c6110b407) Importer(815301076,1909f56bfc062723c751e8b465ee728b) (PreviewImporter) -> (artifact id: 'e731f2c83cd09d88ea606bdfffd9c925') in 0.0212513 seconds
Number of updated asset objects reloaded before import = 0Number of asset objects unloaded after import = 3

========================================================================
Received Import Request.
  Time since last request: 1.359252 seconds.
  path: Assets/Art/Image (41) 1.png
  artifactKey: Guid(79c549816964369408185f57edcf74f5) Importer(815301076,1909f56bfc062723c751e8b465ee728b)
Start importing Assets/Art/Image (41) 1.png using Guid(79c549816964369408185f57edcf74f5) Importer(815301076,1909f56bfc062723c751e8b465ee728b) (PreviewImporter) -> (artifact id: '460670e48bd7d92f18a31cd15bc781dd') in 0.0290604 seconds
Number of updated asset objects reloaded before import = 0Number of asset objects unloaded after import = 3

========================================================================
Received Import Request.
  Time since last request: 0.000014 seconds.
  path: Assets/Art/Image (47) 1.png
  artifactKey: Guid(ded50ac9df361bc4ba3ba67abd51062c) Importer(815301076,1909f56bfc062723c751e8b465ee728b)
Start importing Assets/Art/Image (47) 1.png using Guid(ded50ac9df361bc4ba3ba67abd51062c) Importer(815301076,1909f56bfc062723c751e8b465ee728b) (PreviewImporter) -> (artifact id: 'c8459d708a8262f27c47a3a232b7568f') in 0.027215 seconds
Number of updated asset objects reloaded before import = 0Number of asset objects unloaded after import = 3

========================================================================
Received Import Request.
  Time since last request: 0.000041 seconds.
  path: Assets/Art/Image (48) 1.png
  artifactKey: Guid(622982f452086e441b115066024eb6a3) Importer(815301076,1909f56bfc062723c751e8b465ee728b)
Start importing Assets/Art/Image (48) 1.png using Guid(622982f452086e441b115066024eb6a3) Importer(815301076,1909f56bfc062723c751e8b465ee728b) (PreviewImporter) -> (artifact id: 'b217e4b5c8f11e09ab807d30c80798a9') in 0.0318094 seconds
Number of updated asset objects reloaded before import = 0Number of asset objects unloaded after import = 3

========================================================================
Received Import Request.
  Time since last request: 0.000023 seconds.
  path: Assets/Art/Image (44) 1.png
  artifactKey: Guid(5b8c3d598f6f00648ab540dab369e581) Importer(815301076,1909f56bfc062723c751e8b465ee728b)
Start importing Assets/Art/Image (44) 1.png using Guid(5b8c3d598f6f00648ab540dab369e581) Importer(815301076,1909f56bfc062723c751e8b465ee728b) (PreviewImporter) -> (artifact id: '176b5277068a9ebbd730ad342466a5b3') in 0.042038 seconds
Number of updated asset objects reloaded before import = 0Number of asset objects unloaded after import = 3

========================================================================
Received Import Request.
  Time since last request: 0.000022 seconds.
  path: Assets/Art/Image (353).png
  artifactKey: Guid(352342dd8574e8a4ea2f62b6fbf79b50) Importer(815301076,1909f56bfc062723c751e8b465ee728b)
Start importing Assets/Art/Image (353).png using Guid(352342dd8574e8a4ea2f62b6fbf79b50) Importer(815301076,1909f56bfc062723c751e8b465ee728b) (PreviewImporter) -> (artifact id: '8aee927642e07e99cb458f82f8432719') in 0.0325447 seconds
Number of updated asset objects reloaded before import = 0Number of asset objects unloaded after import = 3

========================================================================
Received Import Request.
  Time since last request: 0.000014 seconds.
  path: Assets/Art/Image (644).png
  artifactKey: Guid(900e4f01cb4624a4cb76499ee6f6e3a2) Importer(815301076,1909f56bfc062723c751e8b465ee728b)
Start importing Assets/Art/Image (644).png using Guid(900e4f01cb4624a4cb76499ee6f6e3a2) Importer(815301076,1909f56bfc062723c751e8b465ee728b) (PreviewImporter) -> (artifact id: 'a935f8e8d001393de92f59ef2bf602e9') in 0.0344259 seconds
Number of updated asset objects reloaded before import = 0Number of asset objects unloaded after import = 3

========================================================================
Received Import Request.
  Time since last request: 0.000022 seconds.
  path: Assets/Art/Image (874).png
  artifactKey: Guid(ce0c0f0bb3066a54cb07d4a248ce5e00) Importer(815301076,1909f56bfc062723c751e8b465ee728b)
Start importing Assets/Art/Image (874).png using Guid(ce0c0f0bb3066a54cb07d4a248ce5e00) Importer(815301076,1909f56bfc062723c751e8b465ee728b) (PreviewImporter) -> (artifact id: '8f18c7e610d0d853ba21470c97c92968') in 0.0310327 seconds
Number of updated asset objects reloaded before import = 0Number of asset objects unloaded after import = 3

========================================================================
Received Import Request.
  Time since last request: 0.000031 seconds.
  path: Assets/Art/Image (1007).png
  artifactKey: Guid(40011badc50989547a130adbc0dad21d) Importer(815301076,1909f56bfc062723c751e8b465ee728b)
Start importing Assets/Art/Image (1007).png using Guid(40011badc50989547a130adbc0dad21d) Importer(815301076,1909f56bfc062723c751e8b465ee728b) (PreviewImporter) -> (artifact id: '43dd5530bb0ddcff0d3c78f2eee6c2eb') in 0.0436957 seconds
Number of updated asset objects reloaded before import = 0Number of asset objects unloaded after import = 3

========================================================================
Received Import Request.
  Time since last request: 0.000016 seconds.
  path: Assets/Art/Image (879).png
  artifactKey: Guid(cb2e35a3fc5e0304ca2c264a74507519) Importer(815301076,1909f56bfc062723c751e8b465ee728b)
Start importing Assets/Art/Image (879).png using Guid(cb2e35a3fc5e0304ca2c264a74507519) Importer(815301076,1909f56bfc062723c751e8b465ee728b) (PreviewImporter) -> (artifact id: 'caab313d31c29ffb96fd4e78a7476b64') in 0.0606946 seconds
Number of updated asset objects reloaded before import = 0Number of asset objects unloaded after import = 3

========================================================================
Received Import Request.
  Time since last request: 0.000018 seconds.
  path: Assets/Art/Image (1004).png
  artifactKey: Guid(51d755344fabce946a14c8e2e588dd96) Importer(815301076,1909f56bfc062723c751e8b465ee728b)
Start importing Assets/Art/Image (1004).png using Guid(51d755344fabce946a14c8e2e588dd96) Importer(815301076,1909f56bfc062723c751e8b465ee728b) (PreviewImporter) -> (artifact id: 'c58f47c6f219058d3301816859b9b07b') in 0.0275192 seconds
Number of updated asset objects reloaded before import = 0Number of asset objects unloaded after import = 3

========================================================================
Received Import Request.
  Time since last request: 0.000014 seconds.
  path: Assets/Art/Image (380).png
  artifactKey: Guid(c68b5949dec783b4cb9f082338a38854) Importer(815301076,1909f56bfc062723c751e8b465ee728b)
Start importing Assets/Art/Image (380).png using Guid(c68b5949dec783b4cb9f082338a38854) Importer(815301076,1909f56bfc062723c751e8b465ee728b) (PreviewImporter) -> (artifact id: '7af33361f11a8b0daa137931c48bcfea') in 0.0253565 seconds
Number of updated asset objects reloaded before import = 0Number of asset objects unloaded after import = 3

========================================================================
Received Import Request.
  Time since last request: 0.000023 seconds.
  path: Assets/Art/Image (663).png
  artifactKey: Guid(0b828b8e469618743b8eccebaa12cf90) Importer(815301076,1909f56bfc062723c751e8b465ee728b)
Start importing Assets/Art/Image (663).png using Guid(0b828b8e469618743b8eccebaa12cf90) Importer(815301076,1909f56bfc062723c751e8b465ee728b) (PreviewImporter) -> (artifact id: '608edb0ce3423f26a30232428b2aaada') in 0.033776 seconds
Number of updated asset objects reloaded before import = 0Number of asset objects unloaded after import = 3

========================================================================
Received Import Request.
  Time since last request: 0.000019 seconds.
  path: Assets/Art/Image (859).png
  artifactKey: Guid(a5ae2eb2f45659740a739f4a79fb28dc) Importer(815301076,1909f56bfc062723c751e8b465ee728b)
Start importing Assets/Art/Image (859).png using Guid(a5ae2eb2f45659740a739f4a79fb28dc) Importer(815301076,1909f56bfc062723c751e8b465ee728b) (PreviewImporter) -> (artifact id: 'e3e72c246634e64e0b0bb7283b83defd') in 0.0220367 seconds
Number of updated asset objects reloaded before import = 0Number of asset objects unloaded after import = 3

========================================================================
Received Import Request.
  Time since last request: 0.000013 seconds.
  path: Assets/Art/Image (868).png
  artifactKey: Guid(975ca7636ddf8464cb758d7750fadc61) Importer(815301076,1909f56bfc062723c751e8b465ee728b)
Start importing Assets/Art/Image (868).png using Guid(975ca7636ddf8464cb758d7750fadc61) Importer(815301076,1909f56bfc062723c751e8b465ee728b) (PreviewImporter) -> (artifact id: '6cfe0cce0bbc254904ab7b02f365c016') in 0.0244785 seconds
Number of updated asset objects reloaded before import = 0Number of asset objects unloaded after import = 3

========================================================================
Received Import Request.
  Time since last request: 0.000012 seconds.
  path: Assets/Art/Image (354).png
  artifactKey: Guid(ab32ecd0aa3c31c4798a9fe442188b92) Importer(815301076,1909f56bfc062723c751e8b465ee728b)
Start importing Assets/Art/Image (354).png using Guid(ab32ecd0aa3c31c4798a9fe442188b92) Importer(815301076,1909f56bfc062723c751e8b465ee728b) (PreviewImporter) -> (artifact id: '80c8d1e08eeb921ee6b794fd86457d1f') in 0.0232156 seconds
Number of updated asset objects reloaded before import = 0Number of asset objects unloaded after import = 3

========================================================================
Received Import Request.
  Time since last request: 0.000018 seconds.
  path: Assets/Art/Image (362).png
  artifactKey: Guid(daa7959adf02d6a4c8c608527603f409) Importer(815301076,1909f56bfc062723c751e8b465ee728b)
Start importing Assets/Art/Image (362).png using Guid(daa7959adf02d6a4c8c608527603f409) Importer(815301076,1909f56bfc062723c751e8b465ee728b) (PreviewImporter) -> (artifact id: '762165fdedcf81a7f472742eb7093753') in 0.0225571 seconds
Number of updated asset objects reloaded before import = 0Number of asset objects unloaded after import = 3

========================================================================
Received Import Request.
  Time since last request: 0.000022 seconds.
  path: Assets/Art/Image (517).png
  artifactKey: Guid(ec98df401ca4cb142b301b1e16970a84) Importer(815301076,1909f56bfc062723c751e8b465ee728b)
Start importing Assets/Art/Image (517).png using Guid(ec98df401ca4cb142b301b1e16970a84) Importer(815301076,1909f56bfc062723c751e8b465ee728b) (PreviewImporter) -> (artifact id: '5a023cc8fc417cc557b7a7041e088ebe') in 0.0300034 seconds
Number of updated asset objects reloaded before import = 0Number of asset objects unloaded after import = 3

========================================================================
Received Import Request.
  Time since last request: 0.000030 seconds.
  path: Assets/Art/Image (1011).png
  artifactKey: Guid(fd8747fdc743e1c45a153aa3389b6db4) Importer(815301076,1909f56bfc062723c751e8b465ee728b)
Start importing Assets/Art/Image (1011).png using Guid(fd8747fdc743e1c45a153aa3389b6db4) Importer(815301076,1909f56bfc062723c751e8b465ee728b) (PreviewImporter) -> (artifact id: '367cd3d63465bea4984fb25b815c6465') in 0.0240842 seconds
Number of updated asset objects reloaded before import = 0Number of asset objects unloaded after import = 3

========================================================================
Received Import Request.
  Time since last request: 0.000022 seconds.
  path: Assets/Art/Image (356).png
  artifactKey: Guid(58fc333437e1a564fa2bc53bbb968cc7) Importer(815301076,1909f56bfc062723c751e8b465ee728b)
Start importing Assets/Art/Image (356).png using Guid(58fc333437e1a564fa2bc53bbb968cc7) Importer(815301076,1909f56bfc062723c751e8b465ee728b) (PreviewImporter) -> (artifact id: '74e223ca95723e623ee58f1fea03c1a0') in 0.0236082 seconds
Number of updated asset objects reloaded before import = 0Number of asset objects unloaded after import = 3

========================================================================
Received Import Request.
  Time since last request: 0.000015 seconds.
  path: Assets/Art/Image (662).png
  artifactKey: Guid(d5c7185626908b348932e3b315117fc7) Importer(815301076,1909f56bfc062723c751e8b465ee728b)
Start importing Assets/Art/Image (662).png using Guid(d5c7185626908b348932e3b315117fc7) Importer(815301076,1909f56bfc062723c751e8b465ee728b) (PreviewImporter) -> (artifact id: 'ca748995bf69765aa4e38ecc8ecd015b') in 0.0243073 seconds
Number of updated asset objects reloaded before import = 0Number of asset objects unloaded after import = 3

========================================================================
Received Import Request.
  Time since last request: 0.000013 seconds.
  path: Assets/Art/Image (544).png
  artifactKey: Guid(4a25c75645fe91144b15ccf2abb97737) Importer(815301076,1909f56bfc062723c751e8b465ee728b)
Start importing Assets/Art/Image (544).png using Guid(4a25c75645fe91144b15ccf2abb97737) Importer(815301076,1909f56bfc062723c751e8b465ee728b) (PreviewImporter) -> (artifact id: '4c554beb63f899bf83c968898266bc1a') in 0.0222544 seconds
Number of updated asset objects reloaded before import = 0Number of asset objects unloaded after import = 3

========================================================================
Received Import Request.
  Time since last request: 0.000014 seconds.
  path: Assets/Art/Image (643).png
  artifactKey: Guid(797a0fdf5e2567344a36e544d319ae2e) Importer(815301076,1909f56bfc062723c751e8b465ee728b)
Start importing Assets/Art/Image (643).png using Guid(797a0fdf5e2567344a36e544d319ae2e) Importer(815301076,1909f56bfc062723c751e8b465ee728b) (PreviewImporter) -> (artifact id: 'f0a0568a3ee00f9a33f7c69ff7f9c3b3') in 0.0295806 seconds
Number of updated asset objects reloaded before import = 0Number of asset objects unloaded after import = 3

========================================================================
Received Import Request.
  Time since last request: 0.000023 seconds.
  path: Assets/Art/Image (518).png
  artifactKey: Guid(e9aa5662c53760f4db88e35d704ddb18) Importer(815301076,1909f56bfc062723c751e8b465ee728b)
Start importing Assets/Art/Image (518).png using Guid(e9aa5662c53760f4db88e35d704ddb18) Importer(815301076,1909f56bfc062723c751e8b465ee728b) (PreviewImporter) -> (artifact id: '7a4c13163a49556b7b7df70d4fb9a145') in 0.0332003 seconds
Number of updated asset objects reloaded before import = 0Number of asset objects unloaded after import = 3

========================================================================
Received Import Request.
  Time since last request: 0.000020 seconds.
  path: Assets/Art/Image (650).png
  artifactKey: Guid(d6cfc82e0b5616d41aae7069111a077a) Importer(815301076,1909f56bfc062723c751e8b465ee728b)
Start importing Assets/Art/Image (650).png using Guid(d6cfc82e0b5616d41aae7069111a077a) Importer(815301076,1909f56bfc062723c751e8b465ee728b) (PreviewImporter) -> (artifact id: '35ae0e7e1f6ae1cd5a265309f676ae39') in 0.0302348 seconds
Number of updated asset objects reloaded before import = 0Number of asset objects unloaded after import = 3

========================================================================
Received Import Request.
  Time since last request: 0.000016 seconds.
  path: Assets/Art/Image (858).png
  artifactKey: Guid(f57caa8007572084d8f901161e6799fa) Importer(815301076,1909f56bfc062723c751e8b465ee728b)
Start importing Assets/Art/Image (858).png using Guid(f57caa8007572084d8f901161e6799fa) Importer(815301076,1909f56bfc062723c751e8b465ee728b) (PreviewImporter) -> (artifact id: '6cc7ef3c3fd56b67ec59df1014fab7c8') in 0.0210752 seconds
Number of updated asset objects reloaded before import = 0Number of asset objects unloaded after import = 3

========================================================================
Received Import Request.
  Time since last request: 0.000018 seconds.
  path: Assets/Art/Image (989).png
  artifactKey: Guid(100b54b6ce399bb4599a8bd2db22a162) Importer(815301076,1909f56bfc062723c751e8b465ee728b)
Start importing Assets/Art/Image (989).png using Guid(100b54b6ce399bb4599a8bd2db22a162) Importer(815301076,1909f56bfc062723c751e8b465ee728b) (PreviewImporter) -> (artifact id: '8836c104b5473432eb17d6d2ff11e941') in 0.0216233 seconds
Number of updated asset objects reloaded before import = 0Number of asset objects unloaded after import = 3

========================================================================
Received Import Request.
  Time since last request: 0.000021 seconds.
  path: Assets/Art/Image (546).png
  artifactKey: Guid(795c01d05ac273046b479b0423430bff) Importer(815301076,1909f56bfc062723c751e8b465ee728b)
Start importing Assets/Art/Image (546).png using Guid(795c01d05ac273046b479b0423430bff) Importer(815301076,1909f56bfc062723c751e8b465ee728b) (PreviewImporter) -> (artifact id: '9e899a4d65fee217c5746602e0419290') in 0.0218187 seconds
Number of updated asset objects reloaded before import = 0Number of asset objects unloaded after import = 3

========================================================================
Received Import Request.
  Time since last request: 0.000019 seconds.
  path: Assets/Art/Image (993).png
  artifactKey: Guid(acf48de121983504c8fd7be7fc30260d) Importer(815301076,1909f56bfc062723c751e8b465ee728b)
Start importing Assets/Art/Image (993).png using Guid(acf48de121983504c8fd7be7fc30260d) Importer(815301076,1909f56bfc062723c751e8b465ee728b) (PreviewImporter) -> (artifact id: 'b4b79831bf86ceb798be8f69d51b7a53') in 0.0238365 seconds
Number of updated asset objects reloaded before import = 0Number of asset objects unloaded after import = 3

========================================================================
Received Import Request.
  Time since last request: 0.000024 seconds.
  path: Assets/Art/Image (1006).png
  artifactKey: Guid(259910bd0469e924a94be21cab982727) Importer(815301076,1909f56bfc062723c751e8b465ee728b)
Start importing Assets/Art/Image (1006).png using Guid(259910bd0469e924a94be21cab982727) Importer(815301076,1909f56bfc062723c751e8b465ee728b) (PreviewImporter) -> (artifact id: '6200845320bee8965db3c345167483f1') in 0.0228623 seconds
Number of updated asset objects reloaded before import = 0Number of asset objects unloaded after import = 3

========================================================================
Received Import Request.
  Time since last request: 0.000031 seconds.
  path: Assets/Art/Image (996).png
  artifactKey: Guid(48339f60f70b200408a5a1507a06c7c4) Importer(815301076,1909f56bfc062723c751e8b465ee728b)
Start importing Assets/Art/Image (996).png using Guid(48339f60f70b200408a5a1507a06c7c4) Importer(815301076,1909f56bfc062723c751e8b465ee728b) (PreviewImporter) -> (artifact id: '7ddf86df4f1eda80ff190bb1b332159a') in 0.0226351 seconds
Number of updated asset objects reloaded before import = 0Number of asset objects unloaded after import = 3

========================================================================
Received Import Request.
  Time since last request: 0.000019 seconds.
  path: Assets/Art/Image (866).png
  artifactKey: Guid(69a1ca63f7c0bf94a825b3f1539f54e0) Importer(815301076,1909f56bfc062723c751e8b465ee728b)
Start importing Assets/Art/Image (866).png using Guid(69a1ca63f7c0bf94a825b3f1539f54e0) Importer(815301076,1909f56bfc062723c751e8b465ee728b) (PreviewImporter) -> (artifact id: '2d74d1ecd11d25948e3ce8b550bcb0a7') in 0.0222636 seconds
Number of updated asset objects reloaded before import = 0Number of asset objects unloaded after import = 3

========================================================================
Received Import Request.
  Time since last request: 0.000013 seconds.
  path: Assets/Art/Image (1010).png
  artifactKey: Guid(72e44821b4486de4e9b6ece0ea7924c1) Importer(815301076,1909f56bfc062723c751e8b465ee728b)
Start importing Assets/Art/Image (1010).png using Guid(72e44821b4486de4e9b6ece0ea7924c1) Importer(815301076,1909f56bfc062723c751e8b465ee728b) (PreviewImporter) -> (artifact id: 'cfe36148a01bb3f6766a074f501ccd5a') in 0.0257027 seconds
Number of updated asset objects reloaded before import = 0Number of asset objects unloaded after import = 3

========================================================================
Received Import Request.
  Time since last request: 0.000014 seconds.
  path: Assets/Art/Image (1017).png
  artifactKey: Guid(ede7cb5b650ceb445aec6c54eaa05ebb) Importer(815301076,1909f56bfc062723c751e8b465ee728b)
Start importing Assets/Art/Image (1017).png using Guid(ede7cb5b650ceb445aec6c54eaa05ebb) Importer(815301076,1909f56bfc062723c751e8b465ee728b) (PreviewImporter) -> (artifact id: '67d5822ea35c0b8c997eb67efd72648e') in 0.0273021 seconds
Number of updated asset objects reloaded before import = 0Number of asset objects unloaded after import = 3

========================================================================
Received Import Request.
  Time since last request: 0.000016 seconds.
  path: Assets/Art/Image (369).png
  artifactKey: Guid(6ca6c76f8127746429b0a10c4e05d1b7) Importer(815301076,1909f56bfc062723c751e8b465ee728b)
Start importing Assets/Art/Image (369).png using Guid(6ca6c76f8127746429b0a10c4e05d1b7) Importer(815301076,1909f56bfc062723c751e8b465ee728b) (PreviewImporter) -> (artifact id: '32b3170b62102ecd1652c38be6641306') in 0.0225402 seconds
Number of updated asset objects reloaded before import = 0Number of asset objects unloaded after import = 3

========================================================================
Received Import Request.
  Time since last request: 526.785416 seconds.
  path: Assets/Art/Image (1026).png
  artifactKey: Guid(aef6f57d1441ba6409a9279c38558bda) Importer(815301076,1909f56bfc062723c751e8b465ee728b)
Start importing Assets/Art/Image (1026).png using Guid(aef6f57d1441ba6409a9279c38558bda) Importer(815301076,1909f56bfc062723c751e8b465ee728b) (PreviewImporter) -> (artifact id: 'a326f7c5ce3b9012441b29b2a1c18289') in 0.0516574 seconds
Number of updated asset objects reloaded before import = 0Number of asset objects unloaded after import = 3

========================================================================
Received Import Request.
  Time since last request: 0.000026 seconds.
  path: Assets/Art/Image (1028).png
  artifactKey: Guid(303a0610392d2aa49bb72cc376823fa7) Importer(815301076,1909f56bfc062723c751e8b465ee728b)
Start importing Assets/Art/Image (1028).png using Guid(303a0610392d2aa49bb72cc376823fa7) Importer(815301076,1909f56bfc062723c751e8b465ee728b) (PreviewImporter) -> (artifact id: '643dff4ad585b9e2ce0f17eee610cbf4') in 0.0460812 seconds
Number of updated asset objects reloaded before import = 0Number of asset objects unloaded after import = 3

========================================================================
Received Import Request.
  Time since last request: 0.000020 seconds.
  path: Assets/Art/Image (1031).png
  artifactKey: Guid(1e45fa935d3b8d64aa4c9ae08ef005f8) Importer(815301076,1909f56bfc062723c751e8b465ee728b)
Start importing Assets/Art/Image (1031).png using Guid(1e45fa935d3b8d64aa4c9ae08ef005f8) Importer(815301076,1909f56bfc062723c751e8b465ee728b) (PreviewImporter) -> (artifact id: '89338b9a8b3cc13ba8153ebdc6007763') in 0.0369689 seconds
Number of updated asset objects reloaded before import = 0Number of asset objects unloaded after import = 3

========================================================================
Received Import Request.
  Time since last request: 0.000013 seconds.
  path: Assets/Art/Image (1027).png
  artifactKey: Guid(c5191f773f2638f4d9d8556e7b13be07) Importer(815301076,1909f56bfc062723c751e8b465ee728b)
Start importing Assets/Art/Image (1027).png using Guid(c5191f773f2638f4d9d8556e7b13be07) Importer(815301076,1909f56bfc062723c751e8b465ee728b) (PreviewImporter) -> (artifact id: 'a0b43524b1090f96a3134aee5d72a14c') in 0.0306788 seconds
Number of updated asset objects reloaded before import = 0Number of asset objects unloaded after import = 3

========================================================================
Received Import Request.
  Time since last request: 6.470481 seconds.
  path: Assets/Art/Image (969).png
  artifactKey: Guid(2b03cf6c428dd3a49af068529b987a50) Importer(815301076,1909f56bfc062723c751e8b465ee728b)
Start importing Assets/Art/Image (969).png using Guid(2b03cf6c428dd3a49af068529b987a50) Importer(815301076,1909f56bfc062723c751e8b465ee728b) (PreviewImporter) -> (artifact id: '75b026cd89a283072be77f6bb8079c45') in 0.0336865 seconds
Number of updated asset objects reloaded before import = 0Number of asset objects unloaded after import = 3

========================================================================
Received Import Request.
  Time since last request: 0.000018 seconds.
  path: Assets/Art/Image (959).png
  artifactKey: Guid(6cc3fbdad5aee9d4f811ac54c46ea26e) Importer(815301076,1909f56bfc062723c751e8b465ee728b)
Start importing Assets/Art/Image (959).png using Guid(6cc3fbdad5aee9d4f811ac54c46ea26e) Importer(815301076,1909f56bfc062723c751e8b465ee728b) (PreviewImporter) -> (artifact id: '0cd0cab34b463dfcd5bed5e5715300e9') in 0.0587831 seconds
Number of updated asset objects reloaded before import = 0Number of asset objects unloaded after import = 3

========================================================================
Received Import Request.
  Time since last request: 0.000020 seconds.
  path: Assets/Art/Image (962).png
  artifactKey: Guid(4db157dd75a736a46bfed42f268cfd40) Importer(815301076,1909f56bfc062723c751e8b465ee728b)
Start importing Assets/Art/Image (962).png using Guid(4db157dd75a736a46bfed42f268cfd40) Importer(815301076,1909f56bfc062723c751e8b465ee728b) (PreviewImporter) -> (artifact id: 'de626d900bcf0f0ac630c19b28ff9db9') in 0.0502582 seconds
Number of updated asset objects reloaded before import = 0Number of asset objects unloaded after import = 3

========================================================================
Received Import Request.
  Time since last request: 0.000021 seconds.
  path: Assets/Art/Image (957).png
  artifactKey: Guid(a101459e7a89d9c49b5a4083f4a3ab41) Importer(815301076,1909f56bfc062723c751e8b465ee728b)
Start importing Assets/Art/Image (957).png using Guid(a101459e7a89d9c49b5a4083f4a3ab41) Importer(815301076,1909f56bfc062723c751e8b465ee728b) (PreviewImporter) -> (artifact id: '650a25eb61182131932b22c39eb56411') in 0.0407628 seconds
Number of updated asset objects reloaded before import = 0Number of asset objects unloaded after import = 3

========================================================================
Received Import Request.
  Time since last request: 0.000022 seconds.
  path: Assets/Art/Image (953).png
  artifactKey: Guid(f9b168a3af32b8e45bc782c2afd2b1bd) Importer(815301076,1909f56bfc062723c751e8b465ee728b)
Start importing Assets/Art/Image (953).png using Guid(f9b168a3af32b8e45bc782c2afd2b1bd) Importer(815301076,1909f56bfc062723c751e8b465ee728b) (PreviewImporter) -> (artifact id: '5c3fb9662c38287564d068c688ebb141') in 0.0385284 seconds
Number of updated asset objects reloaded before import = 0Number of asset objects unloaded after import = 3

========================================================================
Received Import Request.
  Time since last request: 0.000014 seconds.
  path: Assets/Art/Image (941).png
  artifactKey: Guid(2dc46c4e4fbd03046b1111f71e848d09) Importer(815301076,1909f56bfc062723c751e8b465ee728b)
Start importing Assets/Art/Image (941).png using Guid(2dc46c4e4fbd03046b1111f71e848d09) Importer(815301076,1909f56bfc062723c751e8b465ee728b) (PreviewImporter) -> (artifact id: '8544f8646da4d55e7014bb83556129d1') in 0.0468114 seconds
Number of updated asset objects reloaded before import = 0Number of asset objects unloaded after import = 3

========================================================================
Received Import Request.
  Time since last request: 0.000012 seconds.
  path: Assets/Art/Image (938).png
  artifactKey: Guid(afaa138a7a74ef14db7c9bd944fde650) Importer(815301076,1909f56bfc062723c751e8b465ee728b)
Start importing Assets/Art/Image (938).png using Guid(afaa138a7a74ef14db7c9bd944fde650) Importer(815301076,1909f56bfc062723c751e8b465ee728b) (PreviewImporter) -> (artifact id: '7d9663af611b1e0e06801825b21e8716') in 0.0282384 seconds
Number of updated asset objects reloaded before import = 0Number of asset objects unloaded after import = 3

========================================================================
Received Import Request.
  Time since last request: 0.000016 seconds.
  path: Assets/Art/Image (924).png
  artifactKey: Guid(76bd90a21443b3e45a4c46bdac428ee8) Importer(815301076,1909f56bfc062723c751e8b465ee728b)
Start importing Assets/Art/Image (924).png using Guid(76bd90a21443b3e45a4c46bdac428ee8) Importer(815301076,1909f56bfc062723c751e8b465ee728b) (PreviewImporter) -> (artifact id: '3d7abdc4e35b9d56914ef0068f851681') in 0.0290517 seconds
Number of updated asset objects reloaded before import = 0Number of asset objects unloaded after import = 3

========================================================================
Received Import Request.
  Time since last request: 0.000043 seconds.
  path: Assets/Art/Image (940).png
  artifactKey: Guid(e42eee63aa1bec24c8b1c6b3caf78eea) Importer(815301076,1909f56bfc062723c751e8b465ee728b)
Start importing Assets/Art/Image (940).png using Guid(e42eee63aa1bec24c8b1c6b3caf78eea) Importer(815301076,1909f56bfc062723c751e8b465ee728b) (PreviewImporter) -> (artifact id: '321605cb1353b1eff783f8dd2979b4f7') in 0.0345244 seconds
Number of updated asset objects reloaded before import = 0Number of asset objects unloaded after import = 3

========================================================================
Received Import Request.
  Time since last request: 0.000016 seconds.
  path: Assets/Art/Image (925).png
  artifactKey: Guid(debc06e6fb5da3444b2ef0e508ec3084) Importer(815301076,1909f56bfc062723c751e8b465ee728b)
Start importing Assets/Art/Image (925).png using Guid(debc06e6fb5da3444b2ef0e508ec3084) Importer(815301076,1909f56bfc062723c751e8b465ee728b) (PreviewImporter) -> (artifact id: '45305d013788911b42a5111e8f67dd6f') in 0.0220322 seconds
Number of updated asset objects reloaded before import = 0Number of asset objects unloaded after import = 3

========================================================================
Received Import Request.
  Time since last request: 0.000018 seconds.
  path: Assets/Art/Image (927).png
  artifactKey: Guid(50b9954d4e6909845bbafd1cf04e2a00) Importer(815301076,1909f56bfc062723c751e8b465ee728b)
Start importing Assets/Art/Image (927).png using Guid(50b9954d4e6909845bbafd1cf04e2a00) Importer(815301076,1909f56bfc062723c751e8b465ee728b) (PreviewImporter) -> (artifact id: '2f221a89626d856f2eb36b1d0cc33e75') in 0.0265175 seconds
Number of updated asset objects reloaded before import = 0Number of asset objects unloaded after import = 3

========================================================================
Received Import Request.
  Time since last request: 0.000015 seconds.
  path: Assets/Art/Image (958).png
  artifactKey: Guid(a27857809f5a6aa4bbe4b1a3ebd5f02d) Importer(815301076,1909f56bfc062723c751e8b465ee728b)
Start importing Assets/Art/Image (958).png using Guid(a27857809f5a6aa4bbe4b1a3ebd5f02d) Importer(815301076,1909f56bfc062723c751e8b465ee728b) (PreviewImporter) -> (artifact id: 'd665007ca4d0f09ad57a8097134d052d') in 0.0225557 seconds
Number of updated asset objects reloaded before import = 0Number of asset objects unloaded after import = 3

========================================================================
Received Import Request.
  Time since last request: 0.000025 seconds.
  path: Assets/Art/Image (937).png
  artifactKey: Guid(50f1999fcaf02d947b84c24899a9c2e8) Importer(815301076,1909f56bfc062723c751e8b465ee728b)
Start importing Assets/Art/Image (937).png using Guid(50f1999fcaf02d947b84c24899a9c2e8) Importer(815301076,1909f56bfc062723c751e8b465ee728b) (PreviewImporter) -> (artifact id: '24f7343469e8a9e2322702d1b9c5d736') in 0.0268852 seconds
Number of updated asset objects reloaded before import = 0Number of asset objects unloaded after import = 3

========================================================================
Received Import Request.
  Time since last request: 0.689393 seconds.
  path: Assets/Art/Image (919).png
  artifactKey: Guid(923e87f21be619c43afd459bb3a86a71) Importer(815301076,1909f56bfc062723c751e8b465ee728b)
Start importing Assets/Art/Image (919).png using Guid(923e87f21be619c43afd459bb3a86a71) Importer(815301076,1909f56bfc062723c751e8b465ee728b) (PreviewImporter) -> (artifact id: '7fecc34c18bea647452814da48eb5d96') in 0.0239565 seconds
Number of updated asset objects reloaded before import = 0Number of asset objects unloaded after import = 3

========================================================================
Received Import Request.
  Time since last request: 0.000013 seconds.
  path: Assets/Art/Image (896).png
  artifactKey: Guid(decf81188f2b1bf4ebb7804e2007474c) Importer(815301076,1909f56bfc062723c751e8b465ee728b)
Start importing Assets/Art/Image (896).png using Guid(decf81188f2b1bf4ebb7804e2007474c) Importer(815301076,1909f56bfc062723c751e8b465ee728b) (PreviewImporter) -> (artifact id: '46ba92256ae0eccfe571d194644b6efd') in 0.0232376 seconds
Number of updated asset objects reloaded before import = 0Number of asset objects unloaded after import = 3

========================================================================
Received Import Request.
  Time since last request: 0.000020 seconds.
  path: Assets/Art/Image (907).png
  artifactKey: Guid(cb4ab1d37a60845459c7bc94c8622279) Importer(815301076,1909f56bfc062723c751e8b465ee728b)
Start importing Assets/Art/Image (907).png using Guid(cb4ab1d37a60845459c7bc94c8622279) Importer(815301076,1909f56bfc062723c751e8b465ee728b) (PreviewImporter) -> (artifact id: 'c38aa9f19f06dd9ce2ea1b79bba6fb13') in 0.0271572 seconds
Number of updated asset objects reloaded before import = 0Number of asset objects unloaded after import = 3

========================================================================
Received Import Request.
  Time since last request: 0.000015 seconds.
  path: Assets/Art/Image (778).png
  artifactKey: Guid(ad117241558882b47b9ff21c005c47ab) Importer(815301076,1909f56bfc062723c751e8b465ee728b)
Start importing Assets/Art/Image (778).png using Guid(ad117241558882b47b9ff21c005c47ab) Importer(815301076,1909f56bfc062723c751e8b465ee728b) (PreviewImporter) -> (artifact id: 'ff380b6c340472335ab1af00a1aa5519') in 0.0280107 seconds
Number of updated asset objects reloaded before import = 0Number of asset objects unloaded after import = 3

========================================================================
Received Import Request.
  Time since last request: 0.000035 seconds.
  path: Assets/Art/Image (514).png
  artifactKey: Guid(8a8cafbcc172c1248bd5a90690b9d169) Importer(815301076,1909f56bfc062723c751e8b465ee728b)
Start importing Assets/Art/Image (514).png using Guid(8a8cafbcc172c1248bd5a90690b9d169) Importer(815301076,1909f56bfc062723c751e8b465ee728b) (PreviewImporter) -> (artifact id: '6178f97b7a0ef009b49f83e042ae8dbb') in 0.0270509 seconds
Number of updated asset objects reloaded before import = 0Number of asset objects unloaded after import = 3

========================================================================
Received Import Request.
  Time since last request: 0.000013 seconds.
  path: Assets/Art/Image (425).png
  artifactKey: Guid(7d96e653dac5a084eb8e06c1f088c242) Importer(815301076,1909f56bfc062723c751e8b465ee728b)
Start importing Assets/Art/Image (425).png using Guid(7d96e653dac5a084eb8e06c1f088c242) Importer(815301076,1909f56bfc062723c751e8b465ee728b) (PreviewImporter) -> (artifact id: '5a047bfd4b85ca6af422ccc58f905817') in 0.0257917 seconds
Number of updated asset objects reloaded before import = 0Number of asset objects unloaded after import = 3

========================================================================
Received Import Request.
  Time since last request: 0.000013 seconds.
  path: Assets/Art/Image (417).png
  artifactKey: Guid(4b8c421402ba0ca4e8751ad2f0d9c1b3) Importer(815301076,1909f56bfc062723c751e8b465ee728b)
Start importing Assets/Art/Image (417).png using Guid(4b8c421402ba0ca4e8751ad2f0d9c1b3) Importer(815301076,1909f56bfc062723c751e8b465ee728b) (PreviewImporter) -> (artifact id: 'c1dfa8ebde770453335bce73441a01e2') in 0.0263818 seconds
Number of updated asset objects reloaded before import = 0Number of asset objects unloaded after import = 3

========================================================================
Received Import Request.
  Time since last request: 0.000015 seconds.
  path: Assets/Art/Image (672).png
  artifactKey: Guid(aafaf15907ed9574f8441cce744bf69e) Importer(815301076,1909f56bfc062723c751e8b465ee728b)
Start importing Assets/Art/Image (672).png using Guid(aafaf15907ed9574f8441cce744bf69e) Importer(815301076,1909f56bfc062723c751e8b465ee728b) (PreviewImporter) -> (artifact id: 'b57c0522d2e5f3e8b51f422bb2d2667d') in 0.0318503 seconds
Number of updated asset objects reloaded before import = 0Number of asset objects unloaded after import = 3

========================================================================
Received Import Request.
  Time since last request: 0.000046 seconds.
  path: Assets/Art/Image (409).png
  artifactKey: Guid(d5ba888e137ec1e4f8af01a84c7e9b34) Importer(815301076,1909f56bfc062723c751e8b465ee728b)
Start importing Assets/Art/Image (409).png using Guid(d5ba888e137ec1e4f8af01a84c7e9b34) Importer(815301076,1909f56bfc062723c751e8b465ee728b) (PreviewImporter) -> (artifact id: '3d62fea5c4bd3bd0c89a8a59c9446b57') in 0.0263198 seconds
Number of updated asset objects reloaded before import = 0Number of asset objects unloaded after import = 3

========================================================================
Received Import Request.
  Time since last request: 0.000031 seconds.
  path: Assets/Art/Image (848).png
  artifactKey: Guid(67ed0ef28520be24594fc21faa9f6604) Importer(815301076,1909f56bfc062723c751e8b465ee728b)
Start importing Assets/Art/Image (848).png using Guid(67ed0ef28520be24594fc21faa9f6604) Importer(815301076,1909f56bfc062723c751e8b465ee728b) (PreviewImporter) -> (artifact id: '9e683f843b515928b7deee55948f3c27') in 0.0241937 seconds
Number of updated asset objects reloaded before import = 0Number of asset objects unloaded after import = 3

========================================================================
Received Import Request.
  Time since last request: 0.000018 seconds.
  path: Assets/Art/Image (781).png
  artifactKey: Guid(394acfce7935f4f4b83a380b42ae7016) Importer(815301076,1909f56bfc062723c751e8b465ee728b)
Start importing Assets/Art/Image (781).png using Guid(394acfce7935f4f4b83a380b42ae7016) Importer(815301076,1909f56bfc062723c751e8b465ee728b) (PreviewImporter) -> (artifact id: '27bbc62adeb503c0b705137a5f551ff7') in 0.030395 seconds
Number of updated asset objects reloaded before import = 0Number of asset objects unloaded after import = 3

========================================================================
Received Import Request.
  Time since last request: 0.000021 seconds.
  path: Assets/Art/Image (792).png
  artifactKey: Guid(2c60eb32a27d239409e7d78151340143) Importer(815301076,1909f56bfc062723c751e8b465ee728b)
Start importing Assets/Art/Image (792).png using Guid(2c60eb32a27d239409e7d78151340143) Importer(815301076,1909f56bfc062723c751e8b465ee728b) (PreviewImporter) -> (artifact id: '83ee88300712a9471535592a98251492') in 0.0278466 seconds
Number of updated asset objects reloaded before import = 0Number of asset objects unloaded after import = 3

========================================================================
Received Import Request.
  Time since last request: 0.000096 seconds.
  path: Assets/Art/Image (766).png
  artifactKey: Guid(b2caa79a4bf4e1e4b938879254797715) Importer(815301076,1909f56bfc062723c751e8b465ee728b)
Start importing Assets/Art/Image (766).png using Guid(b2caa79a4bf4e1e4b938879254797715) Importer(815301076,1909f56bfc062723c751e8b465ee728b) (PreviewImporter) -> (artifact id: '8bf658d97d2f2c2a61f645f04f4796a1') in 0.0280865 seconds
Number of updated asset objects reloaded before import = 0Number of asset objects unloaded after import = 3

========================================================================
Received Import Request.
  Time since last request: 0.000016 seconds.
  path: Assets/Art/Image (424).png
  artifactKey: Guid(b9f9f310f313c474d869e7434b446776) Importer(815301076,1909f56bfc062723c751e8b465ee728b)
Start importing Assets/Art/Image (424).png using Guid(b9f9f310f313c474d869e7434b446776) Importer(815301076,1909f56bfc062723c751e8b465ee728b) (PreviewImporter) -> (artifact id: 'ef3fefc27195e4a54f1fd5ee4bff2960') in 0.0226071 seconds
Number of updated asset objects reloaded before import = 0Number of asset objects unloaded after import = 3

========================================================================
Received Import Request.
  Time since last request: 0.000031 seconds.
  path: Assets/Art/Image (415).png
  artifactKey: Guid(81436b2d6c193ff43a0187aec6c5e072) Importer(815301076,1909f56bfc062723c751e8b465ee728b)
Start importing Assets/Art/Image (415).png using Guid(81436b2d6c193ff43a0187aec6c5e072) Importer(815301076,1909f56bfc062723c751e8b465ee728b) (PreviewImporter) -> (artifact id: '385db4042f8b9c15f9633f7c68d0d3e6') in 0.0259702 seconds
Number of updated asset objects reloaded before import = 0Number of asset objects unloaded after import = 3

========================================================================
Received Import Request.
  Time since last request: 0.000045 seconds.
  path: Assets/Art/Image (788).png
  artifactKey: Guid(ccbf94d90fb52b04f9b471b0974457ff) Importer(815301076,1909f56bfc062723c751e8b465ee728b)
Start importing Assets/Art/Image (788).png using Guid(ccbf94d90fb52b04f9b471b0974457ff) Importer(815301076,1909f56bfc062723c751e8b465ee728b) (PreviewImporter) -> (artifact id: 'ef0ada7a0877ba663cd5ce2a8e1afd93') in 0.0222457 seconds
Number of updated asset objects reloaded before import = 0Number of asset objects unloaded after import = 3

========================================================================
Received Import Request.
  Time since last request: 0.000016 seconds.
  path: Assets/Art/Image (784).png
  artifactKey: Guid(3231606821a87664da12da3f3f9198f1) Importer(815301076,1909f56bfc062723c751e8b465ee728b)
Start importing Assets/Art/Image (784).png using Guid(3231606821a87664da12da3f3f9198f1) Importer(815301076,1909f56bfc062723c751e8b465ee728b) (PreviewImporter) -> (artifact id: '7f4dface6928967bb9ec3440b0607c34') in 0.0263781 seconds
Number of updated asset objects reloaded before import = 0Number of asset objects unloaded after import = 3

========================================================================
Received Import Request.
  Time since last request: 0.000021 seconds.
  path: Assets/Art/Image (771).png
  artifactKey: Guid(ba93c3e968883304c935e9510d4fd348) Importer(815301076,1909f56bfc062723c751e8b465ee728b)
Start importing Assets/Art/Image (771).png using Guid(ba93c3e968883304c935e9510d4fd348) Importer(815301076,1909f56bfc062723c751e8b465ee728b) (PreviewImporter) -> (artifact id: '0df2b0abbbdfdcfbb52e8b4b8ff182f7') in 0.0240402 seconds
Number of updated asset objects reloaded before import = 0Number of asset objects unloaded after import = 3

========================================================================
Received Import Request.
  Time since last request: 0.000018 seconds.
  path: Assets/Art/Image (914).png
  artifactKey: Guid(ad453f44ca416af4baf3b6543ffac88d) Importer(815301076,1909f56bfc062723c751e8b465ee728b)
Start importing Assets/Art/Image (914).png using Guid(ad453f44ca416af4baf3b6543ffac88d) Importer(815301076,1909f56bfc062723c751e8b465ee728b) (PreviewImporter) -> (artifact id: '3f5dccf15d1a9bfb0f1993c316887a1b') in 0.0223479 seconds
Number of updated asset objects reloaded before import = 0Number of asset objects unloaded after import = 3

========================================================================
Received Import Request.
  Time since last request: 0.000016 seconds.
  path: Assets/Art/Image (412).png
  artifactKey: Guid(7f6bb146f0b6d36468c1a5bcac5424c6) Importer(815301076,1909f56bfc062723c751e8b465ee728b)
Start importing Assets/Art/Image (412).png using Guid(7f6bb146f0b6d36468c1a5bcac5424c6) Importer(815301076,1909f56bfc062723c751e8b465ee728b) (PreviewImporter) -> (artifact id: '5297630e995116eac9cced9af9093669') in 0.023751 seconds
Number of updated asset objects reloaded before import = 0Number of asset objects unloaded after import = 3

========================================================================
Received Import Request.
  Time since last request: 0.000030 seconds.
  path: Assets/Art/Image (407).png
  artifactKey: Guid(8b43cf358294f8b47ab4c2c79b79b1a1) Importer(815301076,1909f56bfc062723c751e8b465ee728b)
Start importing Assets/Art/Image (407).png using Guid(8b43cf358294f8b47ab4c2c79b79b1a1) Importer(815301076,1909f56bfc062723c751e8b465ee728b) (PreviewImporter) -> (artifact id: '343c86c0be235e5c3ce753a4f0ff9652') in 0.0251541 seconds
Number of updated asset objects reloaded before import = 0Number of asset objects unloaded after import = 3

========================================================================
Received Import Request.
  Time since last request: 0.000012 seconds.
  path: Assets/Art/Image (421).png
  artifactKey: Guid(10ea395d6412ca34297454df4e0d63a0) Importer(815301076,1909f56bfc062723c751e8b465ee728b)
Start importing Assets/Art/Image (421).png using Guid(10ea395d6412ca34297454df4e0d63a0) Importer(815301076,1909f56bfc062723c751e8b465ee728b) (PreviewImporter) -> (artifact id: '252e0cf953cbf89f4f8e6afb45632625') in 0.0234649 seconds
Number of updated asset objects reloaded before import = 0Number of asset objects unloaded after import = 3

========================================================================
Received Import Request.
  Time since last request: 0.000020 seconds.
  path: Assets/Art/Image (890).png
  artifactKey: Guid(d4133ca764b22a74a9f75bf96657fddc) Importer(815301076,1909f56bfc062723c751e8b465ee728b)
Start importing Assets/Art/Image (890).png using Guid(d4133ca764b22a74a9f75bf96657fddc) Importer(815301076,1909f56bfc062723c751e8b465ee728b) (PreviewImporter) -> (artifact id: '05d541172aa2268932a5c39bd817662b') in 0.0276058 seconds
Number of updated asset objects reloaded before import = 0Number of asset objects unloaded after import = 3

========================================================================
Received Import Request.
  Time since last request: 0.000015 seconds.
  path: Assets/Art/Image (782).png
  artifactKey: Guid(8ac3b8ef2919c2549ad23e34edc15498) Importer(815301076,1909f56bfc062723c751e8b465ee728b)
Start importing Assets/Art/Image (782).png using Guid(8ac3b8ef2919c2549ad23e34edc15498) Importer(815301076,1909f56bfc062723c751e8b465ee728b) (PreviewImporter) -> (artifact id: '13808dcd5cb79c35c380baf56b20c42d') in 0.0239395 seconds
Number of updated asset objects reloaded before import = 0Number of asset objects unloaded after import = 3

========================================================================
Received Import Request.
  Time since last request: 0.000015 seconds.
  path: Assets/Art/Image (796).png
  artifactKey: Guid(79dc016e77177b84fa86d6215aee0cd0) Importer(815301076,1909f56bfc062723c751e8b465ee728b)
Start importing Assets/Art/Image (796).png using Guid(79dc016e77177b84fa86d6215aee0cd0) Importer(815301076,1909f56bfc062723c751e8b465ee728b) (PreviewImporter) -> (artifact id: '2673bf89f7f9d6376e24c493f9dd0c0f') in 0.0279615 seconds
Number of updated asset objects reloaded before import = 0Number of asset objects unloaded after import = 3

========================================================================
Received Import Request.
  Time since last request: 0.000019 seconds.
  path: Assets/Art/Image (898).png
  artifactKey: Guid(b2807639fd6364b4e823279f5b89a229) Importer(815301076,1909f56bfc062723c751e8b465ee728b)
Start importing Assets/Art/Image (898).png using Guid(b2807639fd6364b4e823279f5b89a229) Importer(815301076,1909f56bfc062723c751e8b465ee728b) (PreviewImporter) -> (artifact id: 'e0469e851337622017af38c85902d20a') in 0.0241114 seconds
Number of updated asset objects reloaded before import = 0Number of asset objects unloaded after import = 3

========================================================================
Received Import Request.
  Time since last request: 0.000023 seconds.
  path: Assets/Art/Image (844).png
  artifactKey: Guid(2a1701bec1aeb924fbaea04c3c49f7bd) Importer(815301076,1909f56bfc062723c751e8b465ee728b)
Start importing Assets/Art/Image (844).png using Guid(2a1701bec1aeb924fbaea04c3c49f7bd) Importer(815301076,1909f56bfc062723c751e8b465ee728b) (PreviewImporter) -> (artifact id: 'fc053660603a8e631cefa00ce51be76c') in 0.0292342 seconds
Number of updated asset objects reloaded before import = 0Number of asset objects unloaded after import = 3

========================================================================
Received Import Request.
  Time since last request: 0.000021 seconds.
  path: Assets/Art/Image (776).png
  artifactKey: Guid(2d068d94779d26047b7ed1aff6cce533) Importer(815301076,1909f56bfc062723c751e8b465ee728b)
Start importing Assets/Art/Image (776).png using Guid(2d068d94779d26047b7ed1aff6cce533) Importer(815301076,1909f56bfc062723c751e8b465ee728b) (PreviewImporter) -> (artifact id: '5e5e93074f1aecca286c8982cab0c0c3') in 0.030553 seconds
Number of updated asset objects reloaded before import = 0Number of asset objects unloaded after import = 3

========================================================================
Received Import Request.
  Time since last request: 0.000012 seconds.
  path: Assets/Art/Image (411).png
  artifactKey: Guid(9ac135a3162aaf644804bc5afd590454) Importer(815301076,1909f56bfc062723c751e8b465ee728b)
Start importing Assets/Art/Image (411).png using Guid(9ac135a3162aaf644804bc5afd590454) Importer(815301076,1909f56bfc062723c751e8b465ee728b) (PreviewImporter) -> (artifact id: '1c8c2d8b72ded07aecd853e4836dbdb6') in 0.0261106 seconds
Number of updated asset objects reloaded before import = 0Number of asset objects unloaded after import = 3

========================================================================
Received Import Request.
  Time since last request: 0.000021 seconds.
  path: Assets/Art/Image (900).png
  artifactKey: Guid(b8ee778cc1943b3479eb905fd51b408b) Importer(815301076,1909f56bfc062723c751e8b465ee728b)
Start importing Assets/Art/Image (900).png using Guid(b8ee778cc1943b3479eb905fd51b408b) Importer(815301076,1909f56bfc062723c751e8b465ee728b) (PreviewImporter) -> (artifact id: 'fd8c1eeaf7dd8e5e64b407417d31d733') in 0.0321776 seconds
Number of updated asset objects reloaded before import = 0Number of asset objects unloaded after import = 3

========================================================================
Received Import Request.
  Time since last request: 0.000020 seconds.
  path: Assets/Art/Image (785).png
  artifactKey: Guid(cfe82047e147fec4cac65a64668a4804) Importer(815301076,1909f56bfc062723c751e8b465ee728b)
Start importing Assets/Art/Image (785).png using Guid(cfe82047e147fec4cac65a64668a4804) Importer(815301076,1909f56bfc062723c751e8b465ee728b) (PreviewImporter) -> (artifact id: 'a99d1d526eeafd209045c34f7a1850d1') in 0.0276248 seconds
Number of updated asset objects reloaded before import = 0Number of asset objects unloaded after import = 3

========================================================================
Received Import Request.
  Time since last request: 9.862208 seconds.
  path: Assets/Art/Image (306).png
  artifactKey: Guid(9651d11e508e2144aab88b447fdc982b) Importer(815301076,1909f56bfc062723c751e8b465ee728b)
Start importing Assets/Art/Image (306).png using Guid(9651d11e508e2144aab88b447fdc982b) Importer(815301076,1909f56bfc062723c751e8b465ee728b) (PreviewImporter) -> (artifact id: '8eb201b4b0c48ae57b54f615ca5bdf08') in 0.0467076 seconds
Number of updated asset objects reloaded before import = 0Number of asset objects unloaded after import = 3

========================================================================
Received Import Request.
  Time since last request: 0.000023 seconds.
  path: Assets/Art/Image (323).png
  artifactKey: Guid(840a805f692ad0440b575df5fb82d114) Importer(815301076,1909f56bfc062723c751e8b465ee728b)
Start importing Assets/Art/Image (323).png using Guid(840a805f692ad0440b575df5fb82d114) Importer(815301076,1909f56bfc062723c751e8b465ee728b) (PreviewImporter) -> (artifact id: '216f87777445ad439a9c1453f7f9524d') in 0.0839137 seconds
Number of updated asset objects reloaded before import = 0Number of asset objects unloaded after import = 3

========================================================================
Received Import Request.
  Time since last request: 0.000014 seconds.
  path: Assets/Art/Image (719).png
  artifactKey: Guid(f03763411f9452f41a629721706d7126) Importer(815301076,1909f56bfc062723c751e8b465ee728b)
Start importing Assets/Art/Image (719).png using Guid(f03763411f9452f41a629721706d7126) Importer(815301076,1909f56bfc062723c751e8b465ee728b) (PreviewImporter) -> (artifact id: '945c433e2ae655cee3a504fd0baaec4e') in 0.0541999 seconds
Number of updated asset objects reloaded before import = 0Number of asset objects unloaded after import = 3

========================================================================
Received Import Request.
  Time since last request: 0.000030 seconds.
  path: Assets/Art/Image (1100).png
  artifactKey: Guid(6faad3f66d476614fa08249b02a5b40e) Importer(815301076,1909f56bfc062723c751e8b465ee728b)
Start importing Assets/Art/Image (1100).png using Guid(6faad3f66d476614fa08249b02a5b40e) Importer(815301076,1909f56bfc062723c751e8b465ee728b) (PreviewImporter) -> (artifact id: '47bd991e89d4ff011307270e03056f15') in 0.0222657 seconds
Number of updated asset objects reloaded before import = 0Number of asset objects unloaded after import = 3

========================================================================
Received Import Request.
  Time since last request: 0.000027 seconds.
  path: Assets/Art/Image (1214).png
  artifactKey: Guid(027f56d84e9a5f2429247b43ed9381ec) Importer(815301076,1909f56bfc062723c751e8b465ee728b)
Start importing Assets/Art/Image (1214).png using Guid(027f56d84e9a5f2429247b43ed9381ec) Importer(815301076,1909f56bfc062723c751e8b465ee728b) (PreviewImporter) -> (artifact id: '626feb02c564bba7945f549ea709d367') in 0.0212903 seconds
Number of updated asset objects reloaded before import = 0Number of asset objects unloaded after import = 3

========================================================================
Received Import Request.
  Time since last request: 0.000018 seconds.
  path: Assets/Art/Image (1203).png
  artifactKey: Guid(4f89f989b90e21a45863a4d31447606d) Importer(815301076,1909f56bfc062723c751e8b465ee728b)
Start importing Assets/Art/Image (1203).png using Guid(4f89f989b90e21a45863a4d31447606d) Importer(815301076,1909f56bfc062723c751e8b465ee728b) (PreviewImporter) -> (artifact id: '3178e1eb43b7d3332ec7d486ecc50f6d') in 0.0253897 seconds
Number of updated asset objects reloaded before import = 0Number of asset objects unloaded after import = 3

========================================================================
Received Import Request.
  Time since last request: 0.000019 seconds.
  path: Assets/Art/Image (716).png
  artifactKey: Guid(adf209bc90b666346b20d10c2d8a49fc) Importer(815301076,1909f56bfc062723c751e8b465ee728b)
Start importing Assets/Art/Image (716).png using Guid(adf209bc90b666346b20d10c2d8a49fc) Importer(815301076,1909f56bfc062723c751e8b465ee728b) (PreviewImporter) -> (artifact id: '2e92723dccf43b281f453b13fef86099') in 0.0233545 seconds
Number of updated asset objects reloaded before import = 0Number of asset objects unloaded after import = 3

========================================================================
Received Import Request.
  Time since last request: 0.000027 seconds.
  path: Assets/Art/Image (1194).png
  artifactKey: Guid(062011e79fd06b24c8b716873a826af6) Importer(815301076,1909f56bfc062723c751e8b465ee728b)
Start importing Assets/Art/Image (1194).png using Guid(062011e79fd06b24c8b716873a826af6) Importer(815301076,1909f56bfc062723c751e8b465ee728b) (PreviewImporter) -> (artifact id: '5a34ec03dc4cbf393d2d305c22e000c6') in 0.0248954 seconds
Number of updated asset objects reloaded before import = 0Number of asset objects unloaded after import = 3

========================================================================
Received Import Request.
  Time since last request: 0.000024 seconds.
  path: Assets/Art/Image (1368).png
  artifactKey: Guid(146bbff0c6496984eb7dba138ac8cf8c) Importer(815301076,1909f56bfc062723c751e8b465ee728b)
Start importing Assets/Art/Image (1368).png using Guid(146bbff0c6496984eb7dba138ac8cf8c) Importer(815301076,1909f56bfc062723c751e8b465ee728b) (PreviewImporter) -> (artifact id: '19f1b267dd6f6131f9f5790ab4c7c545') in 0.0223225 seconds
Number of updated asset objects reloaded before import = 0Number of asset objects unloaded after import = 3

========================================================================
Received Import Request.
  Time since last request: 0.000039 seconds.
  path: Assets/Art/Image (1412).png
  artifactKey: Guid(b0cbd77c34416914e9b3b5b0d287e790) Importer(815301076,1909f56bfc062723c751e8b465ee728b)
Start importing Assets/Art/Image (1412).png using Guid(b0cbd77c34416914e9b3b5b0d287e790) Importer(815301076,1909f56bfc062723c751e8b465ee728b) (PreviewImporter) -> (artifact id: '52f5327f923581041be8a8c2fdc06340') in 0.0249861 seconds
Number of updated asset objects reloaded before import = 0Number of asset objects unloaded after import = 3

========================================================================
Received Import Request.
  Time since last request: 0.000013 seconds.
  path: Assets/Art/Image (1450).png
  artifactKey: Guid(a1e93125236b7fe41a0ef15fac790b3a) Importer(815301076,1909f56bfc062723c751e8b465ee728b)
Start importing Assets/Art/Image (1450).png using Guid(a1e93125236b7fe41a0ef15fac790b3a) Importer(815301076,1909f56bfc062723c751e8b465ee728b) (PreviewImporter) -> (artifact id: 'be5f17612c740f7e5f406f4775ad0f79') in 0.022769 seconds
Number of updated asset objects reloaded before import = 0Number of asset objects unloaded after import = 3

========================================================================
Received Import Request.
  Time since last request: 0.000014 seconds.
  path: Assets/Art/Image (1487).png
  artifactKey: Guid(adfe98af31fea0048acd5a6e19099ebf) Importer(815301076,1909f56bfc062723c751e8b465ee728b)
Start importing Assets/Art/Image (1487).png using Guid(adfe98af31fea0048acd5a6e19099ebf) Importer(815301076,1909f56bfc062723c751e8b465ee728b) (PreviewImporter) -> (artifact id: '26472c6a8cb97459c0341948466bb9ec') in 0.0265716 seconds
Number of updated asset objects reloaded before import = 0Number of asset objects unloaded after import = 3

========================================================================
Received Import Request.
  Time since last request: 0.000016 seconds.
  path: Assets/Art/Image (489).png
  artifactKey: Guid(757968f16da70b042b58eaeb0b3752f5) Importer(815301076,1909f56bfc062723c751e8b465ee728b)
Start importing Assets/Art/Image (489).png using Guid(757968f16da70b042b58eaeb0b3752f5) Importer(815301076,1909f56bfc062723c751e8b465ee728b) (PreviewImporter) -> (artifact id: 'f666f61ae9269074ad284f76512c94e4') in 0.0241901 seconds
Number of updated asset objects reloaded before import = 0Number of asset objects unloaded after import = 3

========================================================================
Received Import Request.
  Time since last request: 0.000014 seconds.
  path: Assets/Art/Image (322).png
  artifactKey: Guid(23133f8ec3aec7c4dab5b582ed542f42) Importer(815301076,1909f56bfc062723c751e8b465ee728b)
Start importing Assets/Art/Image (322).png using Guid(23133f8ec3aec7c4dab5b582ed542f42) Importer(815301076,1909f56bfc062723c751e8b465ee728b) (PreviewImporter) -> (artifact id: '1fc6410effefe2e80c74389d5fc1054d') in 0.0235071 seconds
Number of updated asset objects reloaded before import = 0Number of asset objects unloaded after import = 3

========================================================================
Received Import Request.
  Time since last request: 0.000015 seconds.
  path: Assets/Art/Image (1098).png
  artifactKey: Guid(d236eb526ed8a1143b586a724b9fb077) Importer(815301076,1909f56bfc062723c751e8b465ee728b)
Start importing Assets/Art/Image (1098).png using Guid(d236eb526ed8a1143b586a724b9fb077) Importer(815301076,1909f56bfc062723c751e8b465ee728b) (PreviewImporter) -> (artifact id: '9ea7a33ecfdbc2fc0e86ed0573d39886') in 0.0262381 seconds
Number of updated asset objects reloaded before import = 0Number of asset objects unloaded after import = 3

========================================================================
Received Import Request.
  Time since last request: 0.000023 seconds.
  path: Assets/Art/Image (1473).png
  artifactKey: Guid(1a4a803180ae5074298e39e8a7d9f60e) Importer(815301076,1909f56bfc062723c751e8b465ee728b)
Start importing Assets/Art/Image (1473).png using Guid(1a4a803180ae5074298e39e8a7d9f60e) Importer(815301076,1909f56bfc062723c751e8b465ee728b) (PreviewImporter) -> (artifact id: 'a349626214033a817ec00e6ceb2c1a93') in 0.02669 seconds
Number of updated asset objects reloaded before import = 0Number of asset objects unloaded after import = 3

========================================================================
Received Import Request.
  Time since last request: 0.000019 seconds.
  path: Assets/Art/Image (1250).png
  artifactKey: Guid(3649b85c584a6f34c8b34d67ec161023) Importer(815301076,1909f56bfc062723c751e8b465ee728b)
Start importing Assets/Art/Image (1250).png using Guid(3649b85c584a6f34c8b34d67ec161023) Importer(815301076,1909f56bfc062723c751e8b465ee728b) (PreviewImporter) -> (artifact id: '34da775af2881910c5325b85da8d95f8') in 0.0283663 seconds
Number of updated asset objects reloaded before import = 0Number of asset objects unloaded after import = 3

========================================================================
Received Import Request.
  Time since last request: 0.000012 seconds.
  path: Assets/Art/Image (1315).png
  artifactKey: Guid(a1e00e54a3683544e82c452f4c838c2f) Importer(815301076,1909f56bfc062723c751e8b465ee728b)
Start importing Assets/Art/Image (1315).png using Guid(a1e00e54a3683544e82c452f4c838c2f) Importer(815301076,1909f56bfc062723c751e8b465ee728b) (PreviewImporter) -> (artifact id: '8f746ef3de2f611b5ce72f71440765c2') in 0.0283466 seconds
Number of updated asset objects reloaded before import = 0Number of asset objects unloaded after import = 3

========================================================================
Received Import Request.
  Time since last request: 0.000024 seconds.
  path: Assets/Art/Image (1424).png
  artifactKey: Guid(528238abae0dc3a43b3ad25fdbb5ceaf) Importer(815301076,1909f56bfc062723c751e8b465ee728b)
Start importing Assets/Art/Image (1424).png using Guid(528238abae0dc3a43b3ad25fdbb5ceaf) Importer(815301076,1909f56bfc062723c751e8b465ee728b) (PreviewImporter) -> (artifact id: 'eb040c42cbc7bd9d6f2ad4688a8ee839') in 0.0267307 seconds
Number of updated asset objects reloaded before import = 0Number of asset objects unloaded after import = 3

========================================================================
Received Import Request.
  Time since last request: 0.000021 seconds.
  path: Assets/Art/Image (1446).png
  artifactKey: Guid(dcbe823445d984c4d8da24d86c694e3c) Importer(815301076,1909f56bfc062723c751e8b465ee728b)
Start importing Assets/Art/Image (1446).png using Guid(dcbe823445d984c4d8da24d86c694e3c) Importer(815301076,1909f56bfc062723c751e8b465ee728b) (PreviewImporter) -> (artifact id: '43b06972cb8729ac67be066372fd3153') in 0.0237208 seconds
Number of updated asset objects reloaded before import = 0Number of asset objects unloaded after import = 3

========================================================================
Received Import Request.
  Time since last request: 0.000023 seconds.
  path: Assets/Art/Image (1395).png
  artifactKey: Guid(a4563bed6278c094f8bd71214fa08a0e) Importer(815301076,1909f56bfc062723c751e8b465ee728b)
Start importing Assets/Art/Image (1395).png using Guid(a4563bed6278c094f8bd71214fa08a0e) Importer(815301076,1909f56bfc062723c751e8b465ee728b) (PreviewImporter) -> (artifact id: 'cc697f08a263e50137f57333b5f1bb80') in 0.0291656 seconds
Number of updated asset objects reloaded before import = 0Number of asset objects unloaded after import = 3

========================================================================
Received Import Request.
  Time since last request: 0.000020 seconds.
  path: Assets/Art/Image (1403).png
  artifactKey: Guid(23dc67aabaf54754ba28618ccd840816) Importer(815301076,1909f56bfc062723c751e8b465ee728b)
Start importing Assets/Art/Image (1403).png using Guid(23dc67aabaf54754ba28618ccd840816) Importer(815301076,1909f56bfc062723c751e8b465ee728b) (PreviewImporter) -> (artifact id: 'b5c5f8a4b5efb6970666f5b677104c89') in 0.0212072 seconds
Number of updated asset objects reloaded before import = 0Number of asset objects unloaded after import = 3

========================================================================
Received Import Request.
  Time since last request: 0.000019 seconds.
  path: Assets/Art/Image (1283).png
  artifactKey: Guid(6315d2f5d18b0c34dbacfd9da321d860) Importer(815301076,1909f56bfc062723c751e8b465ee728b)
Start importing Assets/Art/Image (1283).png using Guid(6315d2f5d18b0c34dbacfd9da321d860) Importer(815301076,1909f56bfc062723c751e8b465ee728b) (PreviewImporter) -> (artifact id: '1d94921260130c05294412a4e508bc8f') in 0.0275793 seconds
Number of updated asset objects reloaded before import = 0Number of asset objects unloaded after import = 3

========================================================================
Received Import Request.
  Time since last request: 0.000015 seconds.
  path: Assets/Art/Image (1432).png
  artifactKey: Guid(816a6b86cb248974480a71c7e5f03255) Importer(815301076,1909f56bfc062723c751e8b465ee728b)
Start importing Assets/Art/Image (1432).png using Guid(816a6b86cb248974480a71c7e5f03255) Importer(815301076,1909f56bfc062723c751e8b465ee728b) (PreviewImporter) -> (artifact id: '24432f91e5a5b5f9cd27aec50f2e3a23') in 0.0298544 seconds
Number of updated asset objects reloaded before import = 0Number of asset objects unloaded after import = 3

========================================================================
Received Import Request.
  Time since last request: 0.000017 seconds.
  path: Assets/Art/Image (736).png
  artifactKey: Guid(d77abcfeacdd35e40bd0195dada387dd) Importer(815301076,1909f56bfc062723c751e8b465ee728b)
Start importing Assets/Art/Image (736).png using Guid(d77abcfeacdd35e40bd0195dada387dd) Importer(815301076,1909f56bfc062723c751e8b465ee728b) (PreviewImporter) -> (artifact id: 'c5f29c8352fb50195e1e30db0d37961c') in 0.0268999 seconds
Number of updated asset objects reloaded before import = 0Number of asset objects unloaded after import = 3

========================================================================
Received Import Request.
  Time since last request: 0.000022 seconds.
  path: Assets/Art/Image (1271).png
  artifactKey: Guid(592a9eb3a0b51b4419e38dbc8f10c495) Importer(815301076,1909f56bfc062723c751e8b465ee728b)
Start importing Assets/Art/Image (1271).png using Guid(592a9eb3a0b51b4419e38dbc8f10c495) Importer(815301076,1909f56bfc062723c751e8b465ee728b) (PreviewImporter) -> (artifact id: 'f01b5b25f594c9a03d60d78173385dda') in 0.0277021 seconds
Number of updated asset objects reloaded before import = 0Number of asset objects unloaded after import = 3

========================================================================
Received Import Request.
  Time since last request: 0.000023 seconds.
  path: Assets/Art/Image (1095).png
  artifactKey: Guid(6d3a62c0b1a4e5744baf7e2fe9dd0fdb) Importer(815301076,1909f56bfc062723c751e8b465ee728b)
Start importing Assets/Art/Image (1095).png using Guid(6d3a62c0b1a4e5744baf7e2fe9dd0fdb) Importer(815301076,1909f56bfc062723c751e8b465ee728b) (PreviewImporter) -> (artifact id: 'acb466e14a1f624731e8774c6fedd632') in 0.0274244 seconds
Number of updated asset objects reloaded before import = 0Number of asset objects unloaded after import = 3

========================================================================
Received Import Request.
  Time since last request: 0.000038 seconds.
  path: Assets/Art/Image (1249).png
  artifactKey: Guid(338fd3a6043d7a74b80cfb2a62570a64) Importer(815301076,1909f56bfc062723c751e8b465ee728b)
Start importing Assets/Art/Image (1249).png using Guid(338fd3a6043d7a74b80cfb2a62570a64) Importer(815301076,1909f56bfc062723c751e8b465ee728b) (PreviewImporter) -> (artifact id: '34174ad8404cfa14fccf4fabcc9a1be1') in 0.0247171 seconds
Number of updated asset objects reloaded before import = 0Number of asset objects unloaded after import = 3

========================================================================
Received Import Request.
  Time since last request: 0.000022 seconds.
  path: Assets/Art/Image (1394).png
  artifactKey: Guid(e7eeb6f7451565b4fab6e6285e33c774) Importer(815301076,1909f56bfc062723c751e8b465ee728b)
Start importing Assets/Art/Image (1394).png using Guid(e7eeb6f7451565b4fab6e6285e33c774) Importer(815301076,1909f56bfc062723c751e8b465ee728b) (PreviewImporter) -> (artifact id: '40c76658f97cb392ef3468896fa01ae6') in 0.0250536 seconds
Number of updated asset objects reloaded before import = 0Number of asset objects unloaded after import = 3

========================================================================
Received Import Request.
  Time since last request: 0.000015 seconds.
  path: Assets/Art/Image (1267).png
  artifactKey: Guid(466f3b42f62da294ca605ef7b93155b0) Importer(815301076,1909f56bfc062723c751e8b465ee728b)
Start importing Assets/Art/Image (1267).png using Guid(466f3b42f62da294ca605ef7b93155b0) Importer(815301076,1909f56bfc062723c751e8b465ee728b) (PreviewImporter) -> (artifact id: '3a96b0ab9f034c4366a5109d2c1c86ab') in 0.0240394 seconds
Number of updated asset objects reloaded before import = 0Number of asset objects unloaded after import = 3

========================================================================
Received Import Request.
  Time since last request: 0.000016 seconds.
  path: Assets/Art/Image (1346).png
  artifactKey: Guid(a20f4333506fee144acf6ab4f221c9b1) Importer(815301076,1909f56bfc062723c751e8b465ee728b)
Start importing Assets/Art/Image (1346).png using Guid(a20f4333506fee144acf6ab4f221c9b1) Importer(815301076,1909f56bfc062723c751e8b465ee728b) (PreviewImporter) -> (artifact id: 'a21c08df4efa79df625dbb2997808c8d') in 0.0234003 seconds
Number of updated asset objects reloaded before import = 0Number of asset objects unloaded after import = 3

========================================================================
Received Import Request.
  Time since last request: 0.000015 seconds.
  path: Assets/Art/Image (729).png
  artifactKey: Guid(74d6f82033330364a933f276bdd7c8a4) Importer(815301076,1909f56bfc062723c751e8b465ee728b)
Start importing Assets/Art/Image (729).png using Guid(74d6f82033330364a933f276bdd7c8a4) Importer(815301076,1909f56bfc062723c751e8b465ee728b) (PreviewImporter) -> (artifact id: '2ebf93d1c0d9f1f42ea6ee1d562fc088') in 0.0253887 seconds
Number of updated asset objects reloaded before import = 0Number of asset objects unloaded after import = 3

========================================================================
Received Import Request.
  Time since last request: 0.000015 seconds.
  path: Assets/Art/Image (1472).png
  artifactKey: Guid(9696ab989a056464f94ed81b9a52cc1c) Importer(815301076,1909f56bfc062723c751e8b465ee728b)
Start importing Assets/Art/Image (1472).png using Guid(9696ab989a056464f94ed81b9a52cc1c) Importer(815301076,1909f56bfc062723c751e8b465ee728b) (PreviewImporter) -> (artifact id: '381f02a7e3fbaa9b11390633bba2bc8c') in 0.0250358 seconds
Number of updated asset objects reloaded before import = 0Number of asset objects unloaded after import = 3

========================================================================
Received Import Request.
  Time since last request: 0.000026 seconds.
  path: Assets/Art/Image (1284).png
  artifactKey: Guid(3cead0f0f214c8847938e3f9c16c71d2) Importer(815301076,1909f56bfc062723c751e8b465ee728b)
Start importing Assets/Art/Image (1284).png using Guid(3cead0f0f214c8847938e3f9c16c71d2) Importer(815301076,1909f56bfc062723c751e8b465ee728b) (PreviewImporter) -> (artifact id: '8459f6186913adcec39ee76d582a75fe') in 0.0227115 seconds
Number of updated asset objects reloaded before import = 0Number of asset objects unloaded after import = 3

========================================================================
Received Import Request.
  Time since last request: 0.000014 seconds.
  path: Assets/Art/Image (1442).png
  artifactKey: Guid(33b3aa39c662ca7499a07a2958e811e0) Importer(815301076,1909f56bfc062723c751e8b465ee728b)
Start importing Assets/Art/Image (1442).png using Guid(33b3aa39c662ca7499a07a2958e811e0) Importer(815301076,1909f56bfc062723c751e8b465ee728b) (PreviewImporter) -> (artifact id: 'a4b9d93977f49688a6e728349c76deb1') in 0.0242443 seconds
Number of updated asset objects reloaded before import = 0Number of asset objects unloaded after import = 3

========================================================================
Received Import Request.
  Time since last request: 0.000018 seconds.
  path: Assets/Art/Image (1440).png
  artifactKey: Guid(f89a14378f20c424681cd4763939c4ad) Importer(815301076,1909f56bfc062723c751e8b465ee728b)
Start importing Assets/Art/Image (1440).png using Guid(f89a14378f20c424681cd4763939c4ad) Importer(815301076,1909f56bfc062723c751e8b465ee728b) (PreviewImporter) -> (artifact id: '507b0623597401d1c801287afab6b12a') in 0.023159 seconds
Number of updated asset objects reloaded before import = 0Number of asset objects unloaded after import = 3

========================================================================
Received Import Request.
  Time since last request: 0.000018 seconds.
  path: Assets/Art/Image (1398).png
  artifactKey: Guid(aaae80518d5b8b2498e4c31e477b9c10) Importer(815301076,1909f56bfc062723c751e8b465ee728b)
Start importing Assets/Art/Image (1398).png using Guid(aaae80518d5b8b2498e4c31e477b9c10) Importer(815301076,1909f56bfc062723c751e8b465ee728b) (PreviewImporter) -> (artifact id: '87279f5c7596cc40b3516a6f467ce92a') in 0.0229938 seconds
Number of updated asset objects reloaded before import = 0Number of asset objects unloaded after import = 3

========================================================================
Received Import Request.
  Time since last request: 0.000014 seconds.
  path: Assets/Art/Image (1089).png
  artifactKey: Guid(97ec8ceb616a4db47ae5c375884d9a87) Importer(815301076,1909f56bfc062723c751e8b465ee728b)
Start importing Assets/Art/Image (1089).png using Guid(97ec8ceb616a4db47ae5c375884d9a87) Importer(815301076,1909f56bfc062723c751e8b465ee728b) (PreviewImporter) -> (artifact id: '8659884a3fe5e0250495117a16bfa753') in 0.0277724 seconds
Number of updated asset objects reloaded before import = 0Number of asset objects unloaded after import = 3

========================================================================
Received Import Request.
  Time since last request: 0.000024 seconds.
  path: Assets/Art/Image (1353).png
  artifactKey: Guid(4c6382ab18dd5474f95c378e54d56b17) Importer(815301076,1909f56bfc062723c751e8b465ee728b)
Start importing Assets/Art/Image (1353).png using Guid(4c6382ab18dd5474f95c378e54d56b17) Importer(815301076,1909f56bfc062723c751e8b465ee728b) (PreviewImporter) -> (artifact id: '691effa0c9b1dedea6f76997741a02b7') in 0.022106 seconds
Number of updated asset objects reloaded before import = 0Number of asset objects unloaded after import = 3

========================================================================
Received Import Request.
  Time since last request: 0.000049 seconds.
  path: Assets/Art/Image (1342).png
  artifactKey: Guid(49a5813cea21ad04c8746de74182e603) Importer(815301076,1909f56bfc062723c751e8b465ee728b)
Start importing Assets/Art/Image (1342).png using Guid(49a5813cea21ad04c8746de74182e603) Importer(815301076,1909f56bfc062723c751e8b465ee728b) (PreviewImporter) -> (artifact id: '3dafa6d2bd57c802842101d9b2abc279') in 0.0266404 seconds
Number of updated asset objects reloaded before import = 0Number of asset objects unloaded after import = 3

========================================================================
Received Import Request.
  Time since last request: 0.000019 seconds.
  path: Assets/Art/Image (1354).png
  artifactKey: Guid(35038b31b8a13db47b6a663bc997125a) Importer(815301076,1909f56bfc062723c751e8b465ee728b)
Start importing Assets/Art/Image (1354).png using Guid(35038b31b8a13db47b6a663bc997125a) Importer(815301076,1909f56bfc062723c751e8b465ee728b) (PreviewImporter) -> (artifact id: '291cc8caebb41a3f3e94262a092b73a2') in 0.0235326 seconds
Number of updated asset objects reloaded before import = 0Number of asset objects unloaded after import = 3

========================================================================
Received Import Request.
  Time since last request: 0.000023 seconds.
  path: Assets/Art/Image (1337).png
  artifactKey: Guid(36f299d31b1c99a4fb7d0e213c59f48b) Importer(815301076,1909f56bfc062723c751e8b465ee728b)
Start importing Assets/Art/Image (1337).png using Guid(36f299d31b1c99a4fb7d0e213c59f48b) Importer(815301076,1909f56bfc062723c751e8b465ee728b) (PreviewImporter) -> (artifact id: '54e5d5be3138b5101083a145d052bf77') in 0.0263003 seconds
Number of updated asset objects reloaded before import = 0Number of asset objects unloaded after import = 3

========================================================================
Received Import Request.
  Time since last request: 0.000013 seconds.
  path: Assets/Art/Image (328).png
  artifactKey: Guid(b8dd7e2a949ca0f459b90324b8d875d4) Importer(815301076,1909f56bfc062723c751e8b465ee728b)
Start importing Assets/Art/Image (328).png using Guid(b8dd7e2a949ca0f459b90324b8d875d4) Importer(815301076,1909f56bfc062723c751e8b465ee728b) (PreviewImporter) -> (artifact id: '74306ecf752cce1f9fc00a41719b0e44') in 0.024379 seconds
Number of updated asset objects reloaded before import = 0Number of asset objects unloaded after import = 3

========================================================================
Received Import Request.
  Time since last request: 0.000022 seconds.
  path: Assets/Art/Image (1258).png
  artifactKey: Guid(d27679e852b39014ba20bc5c75f9d961) Importer(815301076,1909f56bfc062723c751e8b465ee728b)
Start importing Assets/Art/Image (1258).png using Guid(d27679e852b39014ba20bc5c75f9d961) Importer(815301076,1909f56bfc062723c751e8b465ee728b) (PreviewImporter) -> (artifact id: '6feec84e1fca24c60066db69705ec963') in 0.0260454 seconds
Number of updated asset objects reloaded before import = 0Number of asset objects unloaded after import = 3

========================================================================
Received Import Request.
  Time since last request: 0.000031 seconds.
  path: Assets/Art/Image (1210).png
  artifactKey: Guid(209aed26be11b3a45952e2ad34a5b76b) Importer(815301076,1909f56bfc062723c751e8b465ee728b)
Start importing Assets/Art/Image (1210).png using Guid(209aed26be11b3a45952e2ad34a5b76b) Importer(815301076,1909f56bfc062723c751e8b465ee728b) (PreviewImporter) -> (artifact id: '57f09215a782a2af95aa1738e95c574a') in 0.0236952 seconds
Number of updated asset objects reloaded before import = 0Number of asset objects unloaded after import = 3

========================================================================
Received Import Request.
  Time since last request: 0.000031 seconds.
  path: Assets/Art/Image (1240).png
  artifactKey: Guid(30e87f294f1f8b5408a839f2c20a9257) Importer(815301076,1909f56bfc062723c751e8b465ee728b)
Start importing Assets/Art/Image (1240).png using Guid(30e87f294f1f8b5408a839f2c20a9257) Importer(815301076,1909f56bfc062723c751e8b465ee728b) (PreviewImporter) -> (artifact id: 'e8e5874a2d3af7d9632da175472c267b') in 0.0304207 seconds
Number of updated asset objects reloaded before import = 0Number of asset objects unloaded after import = 3

========================================================================
Received Import Request.
  Time since last request: 0.000017 seconds.
  path: Assets/Art/Image (1357).png
  artifactKey: Guid(8861d5a8ceef28542adc6c3f63a939b4) Importer(815301076,1909f56bfc062723c751e8b465ee728b)
Start importing Assets/Art/Image (1357).png using Guid(8861d5a8ceef28542adc6c3f63a939b4) Importer(815301076,1909f56bfc062723c751e8b465ee728b) (PreviewImporter) -> (artifact id: 'f78c357c6e3c2127eabcccb8529f00d2') in 0.0275936 seconds
Number of updated asset objects reloaded before import = 0Number of asset objects unloaded after import = 3

========================================================================
Received Import Request.
  Time since last request: 0.000016 seconds.
  path: Assets/Art/Image (331).png
  artifactKey: Guid(a8c22e63483aeb84e92944f8c4d7bc2b) Importer(815301076,1909f56bfc062723c751e8b465ee728b)
Start importing Assets/Art/Image (331).png using Guid(a8c22e63483aeb84e92944f8c4d7bc2b) Importer(815301076,1909f56bfc062723c751e8b465ee728b) (PreviewImporter) -> (artifact id: '98ae478ebd188b68ab8850eb47c82e1e') in 0.0260989 seconds
Number of updated asset objects reloaded before import = 0Number of asset objects unloaded after import = 3

========================================================================
Received Import Request.
  Time since last request: 0.000013 seconds.
  path: Assets/Art/Image (1205).png
  artifactKey: Guid(cf82979ef9595d7428df3e42b439be39) Importer(815301076,1909f56bfc062723c751e8b465ee728b)
Start importing Assets/Art/Image (1205).png using Guid(cf82979ef9595d7428df3e42b439be39) Importer(815301076,1909f56bfc062723c751e8b465ee728b) (PreviewImporter) -> (artifact id: '86eebd0c2f470502acf88e171be2ba49') in 0.0282023 seconds
Number of updated asset objects reloaded before import = 0Number of asset objects unloaded after import = 3

========================================================================
Received Import Request.
  Time since last request: 0.000025 seconds.
  path: Assets/Art/Image (1296).png
  artifactKey: Guid(07fba57dbc5f1b24fbf4c30d1577a85c) Importer(815301076,1909f56bfc062723c751e8b465ee728b)
Start importing Assets/Art/Image (1296).png using Guid(07fba57dbc5f1b24fbf4c30d1577a85c) Importer(815301076,1909f56bfc062723c751e8b465ee728b) (PreviewImporter) -> (artifact id: '01f39e76de60be092539e6ed270d62e0') in 0.0252217 seconds
Number of updated asset objects reloaded before import = 0Number of asset objects unloaded after import = 3

========================================================================
Received Import Request.
  Time since last request: 0.000032 seconds.
  path: Assets/Art/Image (1289).png
  artifactKey: Guid(a813f1880e8588d4995a18b0dd770096) Importer(815301076,1909f56bfc062723c751e8b465ee728b)
Start importing Assets/Art/Image (1289).png using Guid(a813f1880e8588d4995a18b0dd770096) Importer(815301076,1909f56bfc062723c751e8b465ee728b) (PreviewImporter) -> (artifact id: 'a00efea89ea9ff608acef5fdc0889226') in 0.0272728 seconds
Number of updated asset objects reloaded before import = 0Number of asset objects unloaded after import = 3

========================================================================
Received Import Request.
  Time since last request: 0.000013 seconds.
  path: Assets/Art/Image (1093).png
  artifactKey: Guid(ffbee2f14cc03e041a9b7ce27b65090c) Importer(815301076,1909f56bfc062723c751e8b465ee728b)
Start importing Assets/Art/Image (1093).png using Guid(ffbee2f14cc03e041a9b7ce27b65090c) Importer(815301076,1909f56bfc062723c751e8b465ee728b) (PreviewImporter) -> (artifact id: '5152042995623b3cf675fabfc15f969a') in 0.022628 seconds
Number of updated asset objects reloaded before import = 0Number of asset objects unloaded after import = 3

========================================================================
Received Import Request.
  Time since last request: 4.918719 seconds.
  path: Assets/Art/Image (1452).png
  artifactKey: Guid(23677acf5a9d4d04a8482ee258bdca0e) Importer(815301076,1909f56bfc062723c751e8b465ee728b)
Start importing Assets/Art/Image (1452).png using Guid(23677acf5a9d4d04a8482ee258bdca0e) Importer(815301076,1909f56bfc062723c751e8b465ee728b) (PreviewImporter) -> (artifact id: '41a91c7628d10aeefc2e23bc53fd3e8f') in 0.0824708 seconds
Number of updated asset objects reloaded before import = 0Number of asset objects unloaded after import = 3

========================================================================
Received Import Request.
  Time since last request: 0.000014 seconds.
  path: Assets/Art/Image (1112).png
  artifactKey: Guid(b31ef57d3ec82074f89417e94685b176) Importer(815301076,1909f56bfc062723c751e8b465ee728b)
Start importing Assets/Art/Image (1112).png using Guid(b31ef57d3ec82074f89417e94685b176) Importer(815301076,1909f56bfc062723c751e8b465ee728b) (PreviewImporter) -> (artifact id: '68432292606287545b1c36e48936f16e') in 0.0910849 seconds
Number of updated asset objects reloaded before import = 0Number of asset objects unloaded after import = 3

========================================================================
Received Import Request.
  Time since last request: 0.000034 seconds.
  path: Assets/Art/Image (836).png
  artifactKey: Guid(be9c15e18bcb82848a66c0f650f7b2f6) Importer(815301076,1909f56bfc062723c751e8b465ee728b)
Start importing Assets/Art/Image (836).png using Guid(be9c15e18bcb82848a66c0f650f7b2f6) Importer(815301076,1909f56bfc062723c751e8b465ee728b) (PreviewImporter) -> (artifact id: '9a292f978642547d618e8c4bffe2e73e') in 0.0229224 seconds
Number of updated asset objects reloaded before import = 0Number of asset objects unloaded after import = 3

========================================================================
Received Import Request.
  Time since last request: 0.000025 seconds.
  path: Assets/Art/Image (1107).png
  artifactKey: Guid(7d4b38811355d6e4d93027ef1a91c33c) Importer(815301076,1909f56bfc062723c751e8b465ee728b)
Start importing Assets/Art/Image (1107).png using Guid(7d4b38811355d6e4d93027ef1a91c33c) Importer(815301076,1909f56bfc062723c751e8b465ee728b) (PreviewImporter) -> (artifact id: 'd3a0df500bea7199c66dbf16fd643ac4') in 0.0217339 seconds
Number of updated asset objects reloaded before import = 0Number of asset objects unloaded after import = 3

========================================================================
Received Import Request.
  Time since last request: 0.000017 seconds.
  path: Assets/Art/Image (817).png
  artifactKey: Guid(9d344dc65c8eb7049a1aec6f9e00b257) Importer(815301076,1909f56bfc062723c751e8b465ee728b)
Start importing Assets/Art/Image (817).png using Guid(9d344dc65c8eb7049a1aec6f9e00b257) Importer(815301076,1909f56bfc062723c751e8b465ee728b) (PreviewImporter) -> (artifact id: '7aed0cb5a925b18ff77ad30853ecc400') in 0.026046 seconds
Number of updated asset objects reloaded before import = 0Number of asset objects unloaded after import = 3

========================================================================
Received Import Request.
  Time since last request: 0.000019 seconds.
  path: Assets/Art/Image (1318).png
  artifactKey: Guid(5a0017e8cae3a0e41b659dc399b8bf8f) Importer(815301076,1909f56bfc062723c751e8b465ee728b)
Start importing Assets/Art/Image (1318).png using Guid(5a0017e8cae3a0e41b659dc399b8bf8f) Importer(815301076,1909f56bfc062723c751e8b465ee728b) (PreviewImporter) -> (artifact id: '0192f313c2954cbaeec8b9a2663aaac3') in 0.0225362 seconds
Number of updated asset objects reloaded before import = 0Number of asset objects unloaded after import = 3

========================================================================
Received Import Request.
  Time since last request: 0.000029 seconds.
  path: Assets/Art/Image (1123).png
  artifactKey: Guid(22550f30495dd7f47aadaf487548a932) Importer(815301076,1909f56bfc062723c751e8b465ee728b)
Start importing Assets/Art/Image (1123).png using Guid(22550f30495dd7f47aadaf487548a932) Importer(815301076,1909f56bfc062723c751e8b465ee728b) (PreviewImporter) -> (artifact id: 'a5dfdc991063eb21ce8d0b563e1032f3') in 0.0280165 seconds
Number of updated asset objects reloaded before import = 0Number of asset objects unloaded after import = 3

========================================================================
Received Import Request.
  Time since last request: 0.000025 seconds.
  path: Assets/Art/Image (1117).png
  artifactKey: Guid(2cecfad98c003f744bc12b35d400081c) Importer(815301076,1909f56bfc062723c751e8b465ee728b)
Start importing Assets/Art/Image (1117).png using Guid(2cecfad98c003f744bc12b35d400081c) Importer(815301076,1909f56bfc062723c751e8b465ee728b) (PreviewImporter) -> (artifact id: 'e5e1cf68277a2d1aa3abecb3cd299db5') in 0.0284045 seconds
Number of updated asset objects reloaded before import = 0Number of asset objects unloaded after import = 3

========================================================================
Received Import Request.
  Time since last request: 0.000043 seconds.
  path: Assets/Art/Image (833).png
  artifactKey: Guid(d371b11039a572040ab67be3dab35cd5) Importer(815301076,1909f56bfc062723c751e8b465ee728b)
Start importing Assets/Art/Image (833).png using Guid(d371b11039a572040ab67be3dab35cd5) Importer(815301076,1909f56bfc062723c751e8b465ee728b) (PreviewImporter) -> (artifact id: '95d703b3c67e2caec2405fd45ed31e5f') in 0.0310623 seconds
Number of updated asset objects reloaded before import = 0Number of asset objects unloaded after import = 3

========================================================================
Received Import Request.
  Time since last request: 0.000019 seconds.
  path: Assets/Art/Image (431).png
  artifactKey: Guid(16e0839dd1f24a349933bd4463b88d17) Importer(815301076,1909f56bfc062723c751e8b465ee728b)
Start importing Assets/Art/Image (431).png using Guid(16e0839dd1f24a349933bd4463b88d17) Importer(815301076,1909f56bfc062723c751e8b465ee728b) (PreviewImporter) -> (artifact id: '7c9c2babbc123e5c98c87244a862786f') in 0.0245284 seconds
Number of updated asset objects reloaded before import = 0Number of asset objects unloaded after import = 3

========================================================================
Received Import Request.
  Time since last request: 0.000019 seconds.
  path: Assets/Art/Image (813).png
  artifactKey: Guid(b267eb5dc46543145a4f620878cb7138) Importer(815301076,1909f56bfc062723c751e8b465ee728b)
Start importing Assets/Art/Image (813).png using Guid(b267eb5dc46543145a4f620878cb7138) Importer(815301076,1909f56bfc062723c751e8b465ee728b) (PreviewImporter) -> (artifact id: 'a769dfbba141c41d2e9321ae7281ec5b') in 0.0255195 seconds
Number of updated asset objects reloaded before import = 0Number of asset objects unloaded after import = 3

========================================================================
Received Import Request.
  Time since last request: 0.000018 seconds.
  path: Assets/Art/Image (1384).png
  artifactKey: Guid(96d0f9a0bd0447d43813e81c48bdefa2) Importer(815301076,1909f56bfc062723c751e8b465ee728b)
Start importing Assets/Art/Image (1384).png using Guid(96d0f9a0bd0447d43813e81c48bdefa2) Importer(815301076,1909f56bfc062723c751e8b465ee728b) (PreviewImporter) -> (artifact id: '7057ad82999a5821228e0a7e44b0b5c5') in 0.0260839 seconds
Number of updated asset objects reloaded before import = 0Number of asset objects unloaded after import = 3

Editor requested this worker to shutdown with reason: Scaling down because of idle timeout
AssetImportWorker is now disconnected from the server
Process exiting
Exiting without the bug reporter. Application will terminate with return code 0