Using pre-set license
Built from '6000.1/staging' branch; Version is '6000.1.7f1 (13a8ffad9172) revision 1288447'; Using compiler version '194234433'; Build Type 'Release'
OS: 'Windows 11  (10.0.26100) 64bit Core' Language: 'en' Physical Memory: 32491 MB
BatchMode: 1, IsHumanControllingUs: 0, StartBugReporterOnCrash: 0, Is64bit: 1, IsPro: 1
Date: 2025-08-04T09:46:00Z

COMMAND LINE ARGUMENTS:
C:\Program Files\Unity\Hub\Editor\6000.1.7f1\Editor\Unity.exe
-adb2
-batchMode
-noUpm
-name
AssetImportWorker4
-projectPath
D:/Projects/Unity/White Screen Test
-logFile
Logs/AssetImportWorker4.log
-srvPort
53295
-job-worker-count
15
-background-job-worker-count
8
-gc-helper-count
1
-name
AssetImport
Successfully changed project path to: D:/Projects/Unity/White Screen Test
D:/Projects/Unity/White Screen Test
[UnityMemory] Configuration Parameters - Can be set up in boot.config
    "memorysetup-allocator-temp-initial-block-size-main=262144"
    "memorysetup-allocator-temp-initial-block-size-worker=262144"
    "memorysetup-bucket-allocator-granularity=16"
    "memorysetup-bucket-allocator-bucket-count=8"
    "memorysetup-bucket-allocator-block-size=33554432"
    "memorysetup-bucket-allocator-block-count=8"
    "memorysetup-main-allocator-block-size=16777216"
    "memorysetup-thread-allocator-block-size=16777216"
    "memorysetup-gfx-main-allocator-block-size=16777216"
    "memorysetup-gfx-thread-allocator-block-size=16777216"
    "memorysetup-cache-allocator-block-size=4194304"
    "memorysetup-typetree-allocator-block-size=2097152"
    "memorysetup-profiler-bucket-allocator-granularity=16"
    "memorysetup-profiler-bucket-allocator-bucket-count=8"
    "memorysetup-profiler-bucket-allocator-block-size=33554432"
    "memorysetup-profiler-bucket-allocator-block-count=8"
    "memorysetup-profiler-allocator-block-size=16777216"
    "memorysetup-profiler-editor-allocator-block-size=1048576"
    "memorysetup-temp-allocator-size-main=16777216"
    "memorysetup-job-temp-allocator-block-size=2097152"
    "memorysetup-job-temp-allocator-block-size-background=1048576"
    "memorysetup-job-temp-allocator-reduction-small-platforms=262144"
    "memorysetup-temp-allocator-size-background-worker=32768"
    "memorysetup-temp-allocator-size-job-worker=262144"
    "memorysetup-temp-allocator-size-preload-manager=33554432"
    "memorysetup-temp-allocator-size-nav-mesh-worker=65536"
    "memorysetup-temp-allocator-size-audio-worker=65536"
    "memorysetup-temp-allocator-size-cloud-worker=32768"
    "memorysetup-temp-allocator-size-gi-baking-worker=262144"
    "memorysetup-temp-allocator-size-gi-baking-worker=262144"
    "memorysetup-temp-allocator-size-gi-baking-worker=262144"
    "memorysetup-temp-allocator-size-gi-baking-worker=262144"
    "memorysetup-temp-allocator-size-gi-baking-worker=262144"
    "memorysetup-temp-allocator-size-gfx=262144"
Player connection [41564]  Target information:

Player connection [41564]  * "[IP] 192.168.31.102 [Port] 0 [Flags] 2 [Guid] 3591112545 [EditorId] 3591112545 [Version] 1048832 [Id] WindowsEditor(7,Roman-PC) [Debug] 1 [PackageName] WindowsEditor [ProjectName] Editor" 

Player connection [41564] Host joined multi-casting on [225.0.0.222:54997]...
Player connection [41564] Host joined alternative multi-casting on [225.0.0.222:34997]...
JobSystem: Creating JobQueue using job-worker-count value 15
Input System module state changed to: Initialized.
[Physics::Module] Initialized fallback backend.
[Physics::Module] Id: 0xdecafbad
Library Redirect Path: Library/
[Physics::Module] Selected backend.
[Physics::Module] Name: PhysX
[Physics::Module] Id: 0xf2b8ea05
[Physics::Module] SDK Version: 4.1.2
[Physics::Module] Integration Version: 1.0.0
[Physics::Module] Threading Mode: Multi-Threaded
Refreshing native plugins compatible for Editor in 1.37 ms, found 4 plugins.
Preloading 0 native plugins for Editor in 0.00 ms.
Initialize engine version: 6000.1.7f1 (13a8ffad9172)
[Subsystems] Discovering subsystems at path C:/Program Files/Unity/Hub/Editor/6000.1.7f1/Editor/Data/Resources/UnitySubsystems
[Subsystems] Discovering subsystems at path D:/Projects/Unity/White Screen Test/Assets
GfxDevice: creating device client; kGfxThreadingModeNonThreaded
Direct3D:
    Version:  Direct3D 11.0 [level 11.1]
    Renderer: NVIDIA GeForce RTX 4080 Laptop GPU (ID=0x27e0)
    Vendor:   NVIDIA
    VRAM:     11997 MB
    Driver:   32.0.15.6094
Initialize mono
Mono path[0] = 'C:/Program Files/Unity/Hub/Editor/6000.1.7f1/Editor/Data/Managed'
Mono path[1] = 'C:/Program Files/Unity/Hub/Editor/6000.1.7f1/Editor/Data/MonoBleedingEdge/lib/mono/unityjit-win32'
Mono config path = 'C:/Program Files/Unity/Hub/Editor/6000.1.7f1/Editor/Data/MonoBleedingEdge/etc'
Using monoOptions --debugger-agent=transport=dt_socket,embedding=1,server=y,suspend=n,address=127.0.0.1:56324
Begin MonoManager ReloadAssembly
Registering precompiled unity dll's ...
Register platform support module: C:/Program Files/Unity/Hub/Editor/6000.1.7f1/Editor/Data/PlaybackEngines/WebGLSupport/UnityEditor.WebGL.Extensions.dll
Register platform support module: C:/Program Files/Unity/Hub/Editor/6000.1.7f1/Editor/Data/PlaybackEngines/WindowsStandaloneSupport/UnityEditor.WindowsStandalone.Extensions.dll
Register platform support module: C:/Program Files/Unity/Hub/Editor/6000.1.7f1/Editor/Data/PlaybackEngines/iOSSupport/UnityEditor.iOS.Extensions.dll
Registered in 0.001711 seconds.
- Loaded All Assemblies, in  1.525 seconds
[usbmuxd] Start listen thread
[usbmuxd] Listen thread started
[usbmuxd] Send listen message
[usbmuxd] Attached: 5 00008110-00040DA62E03801E
Native extension for iOS target not found
Native extension for WindowsStandalone target not found
Native extension for WebGL target not found
Mono: successfully reloaded assembly
- Finished resetting the current domain, in  0.264 seconds
Domain Reload Profiling: 1787ms
	BeginReloadAssembly (173ms)
		ExecutionOrderSort (0ms)
		DisableScriptedObjects (0ms)
		BackupInstance (0ms)
		ReleaseScriptingObjects (0ms)
		CreateAndSetChildDomain (1ms)
	RebuildCommonClasses (40ms)
	RebuildNativeTypeToScriptingClass (10ms)
	initialDomainReloadingComplete (48ms)
	LoadAllAssembliesAndSetupDomain (1252ms)
		LoadAssemblies (171ms)
		RebuildTransferFunctionScriptingTraits (0ms)
		AnalyzeDomain (1249ms)
			TypeCache.Refresh (1248ms)
				TypeCache.ScanAssembly (1234ms)
			BuildScriptInfoCaches (0ms)
			ResolveRequiredComponents (0ms)
	FinalizeReload (265ms)
		ReleaseScriptCaches (0ms)
		RebuildScriptCaches (0ms)
		SetupLoadedEditorAssemblies (235ms)
			LogAssemblyErrors (0ms)
			InitializePlatformSupportModulesInManaged (57ms)
			SetLoadedEditorAssemblies (3ms)
			BeforeProcessingInitializeOnLoad (44ms)
			ProcessInitializeOnLoadAttributes (98ms)
			ProcessInitializeOnLoadMethodAttributes (32ms)
			AfterProcessingInitializeOnLoad (0ms)
			EditorAssembliesLoaded (0ms)
		ExecutionOrderSort2 (0ms)
		AwakeInstancesAfterBackupRestoration (0ms)
========================================================================
Worker process is ready to serve import requests
Import Worker Mode flag is 0x00
Begin MonoManager ReloadAssembly
- Loaded All Assemblies, in  1.030 seconds
Refreshing native plugins compatible for Editor in 0.59 ms, found 4 plugins.
Native extension for iOS target not found
Native extension for WindowsStandalone target not found
Native extension for WebGL target not found
Mono: successfully reloaded assembly
- Finished resetting the current domain, in  0.829 seconds
Domain Reload Profiling: 1858ms
	BeginReloadAssembly (110ms)
		ExecutionOrderSort (0ms)
		DisableScriptedObjects (4ms)
		BackupInstance (0ms)
		ReleaseScriptingObjects (0ms)
		CreateAndSetChildDomain (20ms)
	RebuildCommonClasses (22ms)
	RebuildNativeTypeToScriptingClass (8ms)
	initialDomainReloadingComplete (23ms)
	LoadAllAssembliesAndSetupDomain (866ms)
		LoadAssemblies (592ms)
		RebuildTransferFunctionScriptingTraits (0ms)
		AnalyzeDomain (333ms)
			TypeCache.Refresh (276ms)
				TypeCache.ScanAssembly (121ms)
			BuildScriptInfoCaches (47ms)
			ResolveRequiredComponents (7ms)
	FinalizeReload (829ms)
		ReleaseScriptCaches (0ms)
		RebuildScriptCaches (0ms)
		SetupLoadedEditorAssemblies (712ms)
			LogAssemblyErrors (0ms)
			InitializePlatformSupportModulesInManaged (6ms)
			SetLoadedEditorAssemblies (4ms)
			BeforeProcessingInitializeOnLoad (138ms)
			ProcessInitializeOnLoadAttributes (447ms)
			ProcessInitializeOnLoadMethodAttributes (111ms)
			AfterProcessingInitializeOnLoad (6ms)
			EditorAssembliesLoaded (0ms)
		ExecutionOrderSort2 (0ms)
		AwakeInstancesAfterBackupRestoration (10ms)
Launched and connected shader compiler UnityShaderCompiler.exe after 0.03 seconds
Refreshing native plugins compatible for Editor in 1.36 ms, found 4 plugins.
Preloading 0 native plugins for Editor in 0.00 ms.
Unloading 267 Unused Serialized files (Serialized files now loaded: 0)
Unloading 7240 unused Assets / (6.9 MB). Loaded Objects now: 7980.
Memory consumption went from 205.0 MB to 198.1 MB.
Total: 11.523000 ms (FindLiveObjects: 0.568300 ms CreateObjectMapping: 0.615300 ms MarkObjects: 7.218000 ms  DeleteObjects: 3.120300 ms)

========================================================================
Received Prepare
Refreshing native plugins compatible for Editor in 1.56 ms, found 4 plugins.
Preloading 0 native plugins for Editor in 0.00 ms.
Unloading 29 Unused Serialized files (Serialized files now loaded: 0)
Unloading 7227 unused Assets / (7.4 MB). Loaded Objects now: 7980.
Memory consumption went from 168.6 MB to 161.2 MB.
Total: 21.764600 ms (FindLiveObjects: 1.231500 ms CreateObjectMapping: 0.499400 ms MarkObjects: 10.729800 ms  DeleteObjects: 9.302200 ms)

Prepare: number of updated asset objects reloaded= 0
========================================================================
Received Prepare
Refreshing native plugins compatible for Editor in 1.41 ms, found 4 plugins.
Preloading 0 native plugins for Editor in 0.00 ms.
Unloading 29 Unused Serialized files (Serialized files now loaded: 0)
Unloading 7227 unused Assets / (6.4 MB). Loaded Objects now: 7980.
Memory consumption went from 168.5 MB to 162.1 MB.
Total: 12.386600 ms (FindLiveObjects: 1.085600 ms CreateObjectMapping: 0.485800 ms MarkObjects: 6.916600 ms  DeleteObjects: 3.897100 ms)

Prepare: number of updated asset objects reloaded= 0
========================================================================
Received Prepare
Refreshing native plugins compatible for Editor in 1.51 ms, found 4 plugins.
Preloading 0 native plugins for Editor in 0.00 ms.
Unloading 29 Unused Serialized files (Serialized files now loaded: 0)
Unloading 7227 unused Assets / (6.9 MB). Loaded Objects now: 7980.
Memory consumption went from 168.5 MB to 161.6 MB.
Total: 13.732000 ms (FindLiveObjects: 1.339900 ms CreateObjectMapping: 0.625000 ms MarkObjects: 7.099400 ms  DeleteObjects: 4.666300 ms)

Prepare: number of updated asset objects reloaded= 0
========================================================================
Received Prepare
Refreshing native plugins compatible for Editor in 1.56 ms, found 4 plugins.
Preloading 0 native plugins for Editor in 0.00 ms.
Unloading 29 Unused Serialized files (Serialized files now loaded: 0)
Unloading 7227 unused Assets / (7.1 MB). Loaded Objects now: 7980.
Memory consumption went from 168.5 MB to 161.4 MB.
Total: 16.578400 ms (FindLiveObjects: 0.872300 ms CreateObjectMapping: 0.741000 ms MarkObjects: 10.740000 ms  DeleteObjects: 4.223900 ms)

Prepare: number of updated asset objects reloaded= 0
========================================================================
Received Prepare
Refreshing native plugins compatible for Editor in 1.47 ms, found 4 plugins.
Preloading 0 native plugins for Editor in 0.00 ms.
Unloading 29 Unused Serialized files (Serialized files now loaded: 0)
Unloading 7227 unused Assets / (7.5 MB). Loaded Objects now: 7980.
Memory consumption went from 168.5 MB to 161.0 MB.
Total: 14.464800 ms (FindLiveObjects: 0.855900 ms CreateObjectMapping: 0.671100 ms MarkObjects: 7.918500 ms  DeleteObjects: 5.017700 ms)

Prepare: number of updated asset objects reloaded= 0
========================================================================
Received Prepare
Refreshing native plugins compatible for Editor in 1.64 ms, found 4 plugins.
Preloading 0 native plugins for Editor in 0.00 ms.
Unloading 29 Unused Serialized files (Serialized files now loaded: 0)
Unloading 7227 unused Assets / (7.4 MB). Loaded Objects now: 7980.
Memory consumption went from 168.4 MB to 161.1 MB.
Total: 16.351500 ms (FindLiveObjects: 0.779600 ms CreateObjectMapping: 0.717400 ms MarkObjects: 10.529900 ms  DeleteObjects: 4.322700 ms)

Prepare: number of updated asset objects reloaded= 0
========================================================================
Received Prepare
Refreshing native plugins compatible for Editor in 1.38 ms, found 4 plugins.
Preloading 0 native plugins for Editor in 0.00 ms.
Unloading 29 Unused Serialized files (Serialized files now loaded: 0)
Unloading 7227 unused Assets / (6.9 MB). Loaded Objects now: 7980.
Memory consumption went from 168.5 MB to 161.6 MB.
Total: 15.430900 ms (FindLiveObjects: 0.691300 ms CreateObjectMapping: 0.657800 ms MarkObjects: 10.108000 ms  DeleteObjects: 3.972500 ms)

Prepare: number of updated asset objects reloaded= 0
========================================================================
Received Prepare
Refreshing native plugins compatible for Editor in 1.51 ms, found 4 plugins.
Preloading 0 native plugins for Editor in 0.00 ms.
Unloading 29 Unused Serialized files (Serialized files now loaded: 0)
Unloading 7227 unused Assets / (7.2 MB). Loaded Objects now: 7980.
Memory consumption went from 168.5 MB to 161.3 MB.
Total: 13.279400 ms (FindLiveObjects: 0.789900 ms CreateObjectMapping: 0.804800 ms MarkObjects: 7.389700 ms  DeleteObjects: 4.294000 ms)

Prepare: number of updated asset objects reloaded= 0
========================================================================
Received Prepare
Refreshing native plugins compatible for Editor in 1.53 ms, found 4 plugins.
Preloading 0 native plugins for Editor in 0.00 ms.
Unloading 29 Unused Serialized files (Serialized files now loaded: 0)
Unloading 7227 unused Assets / (6.8 MB). Loaded Objects now: 7980.
Memory consumption went from 168.5 MB to 161.6 MB.
Total: 13.230100 ms (FindLiveObjects: 0.764300 ms CreateObjectMapping: 0.640000 ms MarkObjects: 7.748200 ms  DeleteObjects: 4.075900 ms)

Prepare: number of updated asset objects reloaded= 0
========================================================================
Received Prepare
Refreshing native plugins compatible for Editor in 1.53 ms, found 4 plugins.
Preloading 0 native plugins for Editor in 0.00 ms.
Unloading 29 Unused Serialized files (Serialized files now loaded: 0)
Unloading 7227 unused Assets / (6.5 MB). Loaded Objects now: 7980.
Memory consumption went from 168.5 MB to 161.9 MB.
Total: 12.989000 ms (FindLiveObjects: 0.738400 ms CreateObjectMapping: 0.734800 ms MarkObjects: 7.418100 ms  DeleteObjects: 4.095900 ms)

Prepare: number of updated asset objects reloaded= 0
========================================================================
Received Prepare
Begin MonoManager ReloadAssembly
- Loaded All Assemblies, in  1.683 seconds
Refreshing native plugins compatible for Editor in 1.67 ms, found 4 plugins.
Native extension for iOS target not found
Native extension for WindowsStandalone target not found
Native extension for WebGL target not found
Mono: successfully reloaded assembly
- Finished resetting the current domain, in  1.521 seconds
Domain Reload Profiling: 3201ms
	BeginReloadAssembly (554ms)
		ExecutionOrderSort (0ms)
		DisableScriptedObjects (97ms)
		BackupInstance (0ms)
		ReleaseScriptingObjects (0ms)
		CreateAndSetChildDomain (173ms)
	RebuildCommonClasses (42ms)
	RebuildNativeTypeToScriptingClass (20ms)
	initialDomainReloadingComplete (49ms)
	LoadAllAssembliesAndSetupDomain (1015ms)
		LoadAssemblies (880ms)
		RebuildTransferFunctionScriptingTraits (0ms)
		AnalyzeDomain (290ms)
			TypeCache.Refresh (18ms)
				TypeCache.ScanAssembly (1ms)
			BuildScriptInfoCaches (251ms)
			ResolveRequiredComponents (14ms)
	FinalizeReload (1521ms)
		ReleaseScriptCaches (0ms)
		RebuildScriptCaches (0ms)
		SetupLoadedEditorAssemblies (1281ms)
			LogAssemblyErrors (0ms)
			InitializePlatformSupportModulesInManaged (16ms)
			SetLoadedEditorAssemblies (13ms)
			BeforeProcessingInitializeOnLoad (268ms)
			ProcessInitializeOnLoadAttributes (885ms)
			ProcessInitializeOnLoadMethodAttributes (94ms)
			AfterProcessingInitializeOnLoad (5ms)
			EditorAssembliesLoaded (1ms)
		ExecutionOrderSort2 (0ms)
		AwakeInstancesAfterBackupRestoration (23ms)
Refreshing native plugins compatible for Editor in 1.66 ms, found 4 plugins.
Preloading 0 native plugins for Editor in 0.00 ms.
Unloading 29 Unused Serialized files (Serialized files now loaded: 0)
Unloading 7239 unused Assets / (6.5 MB). Loaded Objects now: 7986.
Memory consumption went from 171.9 MB to 165.5 MB.
Total: 13.084100 ms (FindLiveObjects: 1.138400 ms CreateObjectMapping: 0.485800 ms MarkObjects: 7.221900 ms  DeleteObjects: 4.236800 ms)

Prepare: number of updated asset objects reloaded= 0
========================================================================
Received Prepare
Refreshing native plugins compatible for Editor in 1.51 ms, found 4 plugins.
Preloading 0 native plugins for Editor in 0.00 ms.
Unloading 29 Unused Serialized files (Serialized files now loaded: 0)
Unloading 7227 unused Assets / (6.7 MB). Loaded Objects now: 7986.
Memory consumption went from 172.1 MB to 165.4 MB.
Total: 13.347200 ms (FindLiveObjects: 1.110900 ms CreateObjectMapping: 0.451300 ms MarkObjects: 7.667100 ms  DeleteObjects: 4.116300 ms)

Prepare: number of updated asset objects reloaded= 0
========================================================================
Received Prepare
Begin MonoManager ReloadAssembly
- Loaded All Assemblies, in  1.335 seconds
Refreshing native plugins compatible for Editor in 1.97 ms, found 4 plugins.
Native extension for iOS target not found
Native extension for WindowsStandalone target not found
Native extension for WebGL target not found
Mono: successfully reloaded assembly
- Finished resetting the current domain, in  1.250 seconds
Domain Reload Profiling: 2584ms
	BeginReloadAssembly (365ms)
		ExecutionOrderSort (0ms)
		DisableScriptedObjects (26ms)
		BackupInstance (0ms)
		ReleaseScriptingObjects (0ms)
		CreateAndSetChildDomain (68ms)
	RebuildCommonClasses (39ms)
	RebuildNativeTypeToScriptingClass (20ms)
	initialDomainReloadingComplete (41ms)
	LoadAllAssembliesAndSetupDomain (868ms)
		LoadAssemblies (793ms)
		RebuildTransferFunctionScriptingTraits (0ms)
		AnalyzeDomain (253ms)
			TypeCache.Refresh (13ms)
				TypeCache.ScanAssembly (1ms)
			BuildScriptInfoCaches (218ms)
			ResolveRequiredComponents (16ms)
	FinalizeReload (1251ms)
		ReleaseScriptCaches (0ms)
		RebuildScriptCaches (0ms)
		SetupLoadedEditorAssemblies (1054ms)
			LogAssemblyErrors (0ms)
			InitializePlatformSupportModulesInManaged (12ms)
			SetLoadedEditorAssemblies (13ms)
			BeforeProcessingInitializeOnLoad (269ms)
			ProcessInitializeOnLoadAttributes (651ms)
			ProcessInitializeOnLoadMethodAttributes (102ms)
			AfterProcessingInitializeOnLoad (6ms)
			EditorAssembliesLoaded (0ms)
		ExecutionOrderSort2 (0ms)
		AwakeInstancesAfterBackupRestoration (21ms)
Refreshing native plugins compatible for Editor in 1.29 ms, found 4 plugins.
Preloading 0 native plugins for Editor in 0.00 ms.
Unloading 29 Unused Serialized files (Serialized files now loaded: 0)
Unloading 7239 unused Assets / (6.4 MB). Loaded Objects now: 7991.
Memory consumption went from 172.0 MB to 165.6 MB.
Total: 12.483000 ms (FindLiveObjects: 1.061600 ms CreateObjectMapping: 0.493500 ms MarkObjects: 6.915600 ms  DeleteObjects: 4.011700 ms)

Prepare: number of updated asset objects reloaded= 0
========================================================================
Received Prepare
Refreshing native plugins compatible for Editor in 1.61 ms, found 4 plugins.
Preloading 0 native plugins for Editor in 0.00 ms.
Unloading 29 Unused Serialized files (Serialized files now loaded: 0)
Unloading 7227 unused Assets / (7.0 MB). Loaded Objects now: 7991.
Memory consumption went from 172.2 MB to 165.1 MB.
Total: 16.642300 ms (FindLiveObjects: 1.155800 ms CreateObjectMapping: 0.562400 ms MarkObjects: 9.632700 ms  DeleteObjects: 5.290100 ms)

Prepare: number of updated asset objects reloaded= 0
========================================================================
Received Prepare
Refreshing native plugins compatible for Editor in 1.77 ms, found 4 plugins.
Preloading 0 native plugins for Editor in 0.00 ms.
Unloading 29 Unused Serialized files (Serialized files now loaded: 0)
Unloading 7228 unused Assets / (6.9 MB). Loaded Objects now: 7992.
Memory consumption went from 172.2 MB to 165.2 MB.
Total: 13.626500 ms (FindLiveObjects: 0.803100 ms CreateObjectMapping: 0.660500 ms MarkObjects: 7.858500 ms  DeleteObjects: 4.303000 ms)

Prepare: number of updated asset objects reloaded= 0
========================================================================
Received Import Request.
  Time since last request: 240323.172901 seconds.
  path: Assets/Scripts/ButtonController.cs
  artifactKey: Guid(654d0fd2edb447c42a364fed7b497b60) Importer(815301076,1909f56bfc062723c751e8b465ee728b)
Start importing Assets/Scripts/ButtonController.cs using Guid(654d0fd2edb447c42a364fed7b497b60) Importer(815301076,1909f56bfc062723c751e8b465ee728b) (PreviewImporter) -> (artifact id: 'a43e4c1cb7886890fa206580ef0222a4') in 0.1175264 seconds
Number of updated asset objects reloaded before import = 0Number of asset objects unloaded after import = 0

========================================================================
Received Import Request.
  Time since last request: 1.871738 seconds.
  path: Assets/Scripts/ButtonsController.cs
  artifactKey: Guid(70fb38079097d524fbf49ef3340ece6e) Importer(815301076,1909f56bfc062723c751e8b465ee728b)
Start importing Assets/Scripts/ButtonsController.cs using Guid(70fb38079097d524fbf49ef3340ece6e) Importer(815301076,1909f56bfc062723c751e8b465ee728b) (PreviewImporter) -> (artifact id: '7d2b991b64e3e3b7ce0d25ca6160675b') in 0.0004777 seconds
Number of updated asset objects reloaded before import = 0Number of asset objects unloaded after import = 0

========================================================================
Received Prepare
Refreshing native plugins compatible for Editor in 1.57 ms, found 4 plugins.
Preloading 0 native plugins for Editor in 0.00 ms.
Unloading 29 Unused Serialized files (Serialized files now loaded: 0)
Unloading 7227 unused Assets / (6.9 MB). Loaded Objects now: 7993.
Memory consumption went from 172.7 MB to 165.9 MB.
Total: 16.308500 ms (FindLiveObjects: 0.961200 ms CreateObjectMapping: 0.995100 ms MarkObjects: 9.531300 ms  DeleteObjects: 4.819100 ms)

Prepare: number of updated asset objects reloaded= 0
========================================================================
Received Prepare
Refreshing native plugins compatible for Editor in 1.67 ms, found 4 plugins.
Preloading 0 native plugins for Editor in 0.00 ms.
Unloading 29 Unused Serialized files (Serialized files now loaded: 0)
Unloading 7227 unused Assets / (6.9 MB). Loaded Objects now: 7993.
Memory consumption went from 172.7 MB to 165.8 MB.
Total: 15.142200 ms (FindLiveObjects: 1.449500 ms CreateObjectMapping: 0.919100 ms MarkObjects: 8.412200 ms  DeleteObjects: 4.360400 ms)

Prepare: number of updated asset objects reloaded= 0
========================================================================
Received Prepare
Refreshing native plugins compatible for Editor in 1.36 ms, found 4 plugins.
Preloading 0 native plugins for Editor in 0.00 ms.
Unloading 29 Unused Serialized files (Serialized files now loaded: 0)
Unloading 7228 unused Assets / (6.3 MB). Loaded Objects now: 7994.
Memory consumption went from 172.7 MB to 166.4 MB.
Total: 13.640900 ms (FindLiveObjects: 1.098700 ms CreateObjectMapping: 0.623200 ms MarkObjects: 7.769800 ms  DeleteObjects: 4.147500 ms)

Prepare: number of updated asset objects reloaded= 0
========================================================================
Received Prepare
Begin MonoManager ReloadAssembly
- Loaded All Assemblies, in  0.736 seconds
Refreshing native plugins compatible for Editor in 0.59 ms, found 4 plugins.
Native extension for iOS target not found
Native extension for WindowsStandalone target not found
Native extension for WebGL target not found
Mono: successfully reloaded assembly
- Finished resetting the current domain, in  0.650 seconds
Domain Reload Profiling: 1388ms
	BeginReloadAssembly (247ms)
		ExecutionOrderSort (0ms)
		DisableScriptedObjects (10ms)
		BackupInstance (0ms)
		ReleaseScriptingObjects (0ms)
		CreateAndSetChildDomain (41ms)
	RebuildCommonClasses (23ms)
	RebuildNativeTypeToScriptingClass (8ms)
	initialDomainReloadingComplete (19ms)
	LoadAllAssembliesAndSetupDomain (441ms)
		LoadAssemblies (356ms)
		RebuildTransferFunctionScriptingTraits (0ms)
		AnalyzeDomain (237ms)
			TypeCache.Refresh (8ms)
				TypeCache.ScanAssembly (0ms)
			BuildScriptInfoCaches (218ms)
			ResolveRequiredComponents (8ms)
	FinalizeReload (650ms)
		ReleaseScriptCaches (0ms)
		RebuildScriptCaches (0ms)
		SetupLoadedEditorAssemblies (543ms)
			LogAssemblyErrors (0ms)
			InitializePlatformSupportModulesInManaged (6ms)
			SetLoadedEditorAssemblies (4ms)
			BeforeProcessingInitializeOnLoad (128ms)
			ProcessInitializeOnLoadAttributes (361ms)
			ProcessInitializeOnLoadMethodAttributes (42ms)
			AfterProcessingInitializeOnLoad (2ms)
			EditorAssembliesLoaded (0ms)
		ExecutionOrderSort2 (0ms)
		AwakeInstancesAfterBackupRestoration (11ms)
Refreshing native plugins compatible for Editor in 1.39 ms, found 4 plugins.
Preloading 0 native plugins for Editor in 0.00 ms.
Unloading 29 Unused Serialized files (Serialized files now loaded: 0)
Unloading 7240 unused Assets / (5.0 MB). Loaded Objects now: 7999.
Memory consumption went from 172.6 MB to 167.6 MB.
Total: 12.839400 ms (FindLiveObjects: 1.261600 ms CreateObjectMapping: 0.656900 ms MarkObjects: 7.321900 ms  DeleteObjects: 3.597300 ms)

Prepare: number of updated asset objects reloaded= 0
========================================================================
Received Prepare
Refreshing native plugins compatible for Editor in 1.46 ms, found 4 plugins.
Preloading 0 native plugins for Editor in 0.00 ms.
Unloading 29 Unused Serialized files (Serialized files now loaded: 0)
Unloading 7228 unused Assets / (7.0 MB). Loaded Objects now: 7999.
Memory consumption went from 172.7 MB to 165.7 MB.
Total: 15.647100 ms (FindLiveObjects: 1.158800 ms CreateObjectMapping: 0.466400 ms MarkObjects: 8.927000 ms  DeleteObjects: 5.093400 ms)

Prepare: number of updated asset objects reloaded= 0
========================================================================
Received Prepare
Refreshing native plugins compatible for Editor in 1.68 ms, found 4 plugins.
Preloading 0 native plugins for Editor in 0.00 ms.
Unloading 29 Unused Serialized files (Serialized files now loaded: 0)
Unloading 7228 unused Assets / (7.4 MB). Loaded Objects now: 7999.
Memory consumption went from 172.7 MB to 165.4 MB.
Total: 13.574400 ms (FindLiveObjects: 0.987900 ms CreateObjectMapping: 0.484700 ms MarkObjects: 7.394200 ms  DeleteObjects: 4.706000 ms)

Prepare: number of updated asset objects reloaded= 0
========================================================================
Received Prepare
Refreshing native plugins compatible for Editor in 1.69 ms, found 4 plugins.
Preloading 0 native plugins for Editor in 0.00 ms.
Unloading 29 Unused Serialized files (Serialized files now loaded: 0)
Unloading 7228 unused Assets / (6.9 MB). Loaded Objects now: 7999.
Memory consumption went from 172.7 MB to 165.8 MB.
Total: 14.382900 ms (FindLiveObjects: 1.161500 ms CreateObjectMapping: 0.602800 ms MarkObjects: 7.964700 ms  DeleteObjects: 4.652200 ms)

Prepare: number of updated asset objects reloaded= 0
========================================================================
Received Prepare
Begin MonoManager ReloadAssembly
- Loaded All Assemblies, in  0.835 seconds
Refreshing native plugins compatible for Editor in 0.61 ms, found 4 plugins.
Native extension for iOS target not found
Native extension for WindowsStandalone target not found
Native extension for WebGL target not found
Mono: successfully reloaded assembly
- Finished resetting the current domain, in  0.657 seconds
Domain Reload Profiling: 1494ms
	BeginReloadAssembly (240ms)
		ExecutionOrderSort (0ms)
		DisableScriptedObjects (13ms)
		BackupInstance (0ms)
		ReleaseScriptingObjects (0ms)
		CreateAndSetChildDomain (70ms)
	RebuildCommonClasses (25ms)
	RebuildNativeTypeToScriptingClass (10ms)
	initialDomainReloadingComplete (23ms)
	LoadAllAssembliesAndSetupDomain (539ms)
		LoadAssemblies (464ms)
		RebuildTransferFunctionScriptingTraits (0ms)
		AnalyzeDomain (175ms)
			TypeCache.Refresh (9ms)
				TypeCache.ScanAssembly (0ms)
			BuildScriptInfoCaches (156ms)
			ResolveRequiredComponents (7ms)
	FinalizeReload (657ms)
		ReleaseScriptCaches (0ms)
		RebuildScriptCaches (0ms)
		SetupLoadedEditorAssemblies (553ms)
			LogAssemblyErrors (0ms)
			InitializePlatformSupportModulesInManaged (5ms)
			SetLoadedEditorAssemblies (4ms)
			BeforeProcessingInitializeOnLoad (128ms)
			ProcessInitializeOnLoadAttributes (371ms)
			ProcessInitializeOnLoadMethodAttributes (42ms)
			AfterProcessingInitializeOnLoad (2ms)
			EditorAssembliesLoaded (0ms)
		ExecutionOrderSort2 (0ms)
		AwakeInstancesAfterBackupRestoration (11ms)
Refreshing native plugins compatible for Editor in 1.61 ms, found 4 plugins.
Preloading 0 native plugins for Editor in 0.00 ms.
Unloading 29 Unused Serialized files (Serialized files now loaded: 0)
Unloading 7240 unused Assets / (7.2 MB). Loaded Objects now: 8004.
Memory consumption went from 172.6 MB to 165.4 MB.
Total: 13.048900 ms (FindLiveObjects: 0.719900 ms CreateObjectMapping: 0.725300 ms MarkObjects: 7.139400 ms  DeleteObjects: 4.462600 ms)

Prepare: number of updated asset objects reloaded= 0
========================================================================
Received Prepare
Refreshing native plugins compatible for Editor in 1.52 ms, found 4 plugins.
Preloading 0 native plugins for Editor in 0.00 ms.
Unloading 29 Unused Serialized files (Serialized files now loaded: 0)
Unloading 7229 unused Assets / (6.7 MB). Loaded Objects now: 8005.
Memory consumption went from 172.8 MB to 166.1 MB.
Total: 13.202300 ms (FindLiveObjects: 0.978300 ms CreateObjectMapping: 0.848300 ms MarkObjects: 7.362300 ms  DeleteObjects: 4.012300 ms)

Prepare: number of updated asset objects reloaded= 0
========================================================================
Received Prepare
Begin MonoManager ReloadAssembly
- Loaded All Assemblies, in  1.192 seconds
Refreshing native plugins compatible for Editor in 1.90 ms, found 4 plugins.
Native extension for iOS target not found
Native extension for WindowsStandalone target not found
Native extension for WebGL target not found
Mono: successfully reloaded assembly
- Finished resetting the current domain, in  1.281 seconds
Domain Reload Profiling: 2473ms
	BeginReloadAssembly (312ms)
		ExecutionOrderSort (0ms)
		DisableScriptedObjects (16ms)
		BackupInstance (0ms)
		ReleaseScriptingObjects (0ms)
		CreateAndSetChildDomain (70ms)
	RebuildCommonClasses (38ms)
	RebuildNativeTypeToScriptingClass (19ms)
	initialDomainReloadingComplete (40ms)
	LoadAllAssembliesAndSetupDomain (781ms)
		LoadAssemblies (661ms)
		RebuildTransferFunctionScriptingTraits (0ms)
		AnalyzeDomain (250ms)
			TypeCache.Refresh (16ms)
				TypeCache.ScanAssembly (1ms)
			BuildScriptInfoCaches (215ms)
			ResolveRequiredComponents (13ms)
	FinalizeReload (1282ms)
		ReleaseScriptCaches (0ms)
		RebuildScriptCaches (0ms)
		SetupLoadedEditorAssemblies (1090ms)
			LogAssemblyErrors (0ms)
			InitializePlatformSupportModulesInManaged (11ms)
			SetLoadedEditorAssemblies (13ms)
			BeforeProcessingInitializeOnLoad (271ms)
			ProcessInitializeOnLoadAttributes (678ms)
			ProcessInitializeOnLoadMethodAttributes (113ms)
			AfterProcessingInitializeOnLoad (5ms)
			EditorAssembliesLoaded (0ms)
		ExecutionOrderSort2 (0ms)
		AwakeInstancesAfterBackupRestoration (25ms)
Refreshing native plugins compatible for Editor in 1.65 ms, found 4 plugins.
Preloading 0 native plugins for Editor in 0.00 ms.
Unloading 29 Unused Serialized files (Serialized files now loaded: 0)
Unloading 7241 unused Assets / (6.4 MB). Loaded Objects now: 8010.
Memory consumption went from 172.6 MB to 166.2 MB.
Total: 13.243500 ms (FindLiveObjects: 1.147700 ms CreateObjectMapping: 0.580400 ms MarkObjects: 7.317900 ms  DeleteObjects: 4.196300 ms)

Prepare: number of updated asset objects reloaded= 0
========================================================================
Received Prepare
Refreshing native plugins compatible for Editor in 1.52 ms, found 4 plugins.
Preloading 0 native plugins for Editor in 0.00 ms.
Unloading 29 Unused Serialized files (Serialized files now loaded: 0)
Unloading 7229 unused Assets / (7.2 MB). Loaded Objects now: 8010.
Memory consumption went from 172.8 MB to 165.6 MB.
Total: 12.979400 ms (FindLiveObjects: 1.102800 ms CreateObjectMapping: 0.558900 ms MarkObjects: 7.024400 ms  DeleteObjects: 4.291900 ms)

Prepare: number of updated asset objects reloaded= 0
========================================================================
Received Prepare
Begin MonoManager ReloadAssembly
- Loaded All Assemblies, in  0.540 seconds
Refreshing native plugins compatible for Editor in 0.65 ms, found 4 plugins.
Native extension for iOS target not found
Native extension for WindowsStandalone target not found
Native extension for WebGL target not found
Mono: successfully reloaded assembly
- Finished resetting the current domain, in  0.681 seconds
Domain Reload Profiling: 1223ms
	BeginReloadAssembly (149ms)
		ExecutionOrderSort (0ms)
		DisableScriptedObjects (9ms)
		BackupInstance (0ms)
		ReleaseScriptingObjects (0ms)
		CreateAndSetChildDomain (36ms)
	RebuildCommonClasses (22ms)
	RebuildNativeTypeToScriptingClass (8ms)
	initialDomainReloadingComplete (18ms)
	LoadAllAssembliesAndSetupDomain (345ms)
		LoadAssemblies (258ms)
		RebuildTransferFunctionScriptingTraits (0ms)
		AnalyzeDomain (145ms)
			TypeCache.Refresh (8ms)
				TypeCache.ScanAssembly (0ms)
			BuildScriptInfoCaches (126ms)
			ResolveRequiredComponents (7ms)
	FinalizeReload (681ms)
		ReleaseScriptCaches (0ms)
		RebuildScriptCaches (0ms)
		SetupLoadedEditorAssemblies (568ms)
			LogAssemblyErrors (0ms)
			InitializePlatformSupportModulesInManaged (6ms)
			SetLoadedEditorAssemblies (4ms)
			BeforeProcessingInitializeOnLoad (132ms)
			ProcessInitializeOnLoadAttributes (379ms)
			ProcessInitializeOnLoadMethodAttributes (46ms)
			AfterProcessingInitializeOnLoad (2ms)
			EditorAssembliesLoaded (0ms)
		ExecutionOrderSort2 (0ms)
		AwakeInstancesAfterBackupRestoration (13ms)
Refreshing native plugins compatible for Editor in 1.72 ms, found 4 plugins.
Preloading 0 native plugins for Editor in 0.00 ms.
Unloading 29 Unused Serialized files (Serialized files now loaded: 0)
Unloading 7241 unused Assets / (7.0 MB). Loaded Objects now: 8015.
Memory consumption went from 172.7 MB to 165.7 MB.
Total: 13.155900 ms (FindLiveObjects: 0.740300 ms CreateObjectMapping: 0.731000 ms MarkObjects: 7.664000 ms  DeleteObjects: 4.019200 ms)

Prepare: number of updated asset objects reloaded= 0
========================================================================
Received Prepare
Refreshing native plugins compatible for Editor in 1.54 ms, found 4 plugins.
Preloading 0 native plugins for Editor in 0.00 ms.
Unloading 29 Unused Serialized files (Serialized files now loaded: 0)
Unloading 7229 unused Assets / (6.6 MB). Loaded Objects now: 8015.
Memory consumption went from 172.8 MB to 166.2 MB.
Total: 13.501200 ms (FindLiveObjects: 1.224900 ms CreateObjectMapping: 0.519000 ms MarkObjects: 7.481800 ms  DeleteObjects: 4.274300 ms)

Prepare: number of updated asset objects reloaded= 0
========================================================================
Received Prepare
Begin MonoManager ReloadAssembly
- Loaded All Assemblies, in  1.240 seconds
Refreshing native plugins compatible for Editor in 1.92 ms, found 4 plugins.
Native extension for iOS target not found
Native extension for WindowsStandalone target not found
Native extension for WebGL target not found
Mono: successfully reloaded assembly
- Finished resetting the current domain, in  1.213 seconds
Domain Reload Profiling: 2452ms
	BeginReloadAssembly (277ms)
		ExecutionOrderSort (0ms)
		DisableScriptedObjects (21ms)
		BackupInstance (0ms)
		ReleaseScriptingObjects (0ms)
		CreateAndSetChildDomain (59ms)
	RebuildCommonClasses (49ms)
	RebuildNativeTypeToScriptingClass (16ms)
	initialDomainReloadingComplete (33ms)
	LoadAllAssembliesAndSetupDomain (864ms)
		LoadAssemblies (703ms)
		RebuildTransferFunctionScriptingTraits (0ms)
		AnalyzeDomain (278ms)
			TypeCache.Refresh (20ms)
				TypeCache.ScanAssembly (2ms)
			BuildScriptInfoCaches (240ms)
			ResolveRequiredComponents (13ms)
	FinalizeReload (1213ms)
		ReleaseScriptCaches (0ms)
		RebuildScriptCaches (0ms)
		SetupLoadedEditorAssemblies (1022ms)
			LogAssemblyErrors (0ms)
			InitializePlatformSupportModulesInManaged (11ms)
			SetLoadedEditorAssemblies (9ms)
			BeforeProcessingInitializeOnLoad (261ms)
			ProcessInitializeOnLoadAttributes (633ms)
			ProcessInitializeOnLoadMethodAttributes (102ms)
			AfterProcessingInitializeOnLoad (6ms)
			EditorAssembliesLoaded (0ms)
		ExecutionOrderSort2 (0ms)
		AwakeInstancesAfterBackupRestoration (24ms)
Refreshing native plugins compatible for Editor in 1.42 ms, found 4 plugins.
Preloading 0 native plugins for Editor in 0.00 ms.
Unloading 29 Unused Serialized files (Serialized files now loaded: 0)
Unloading 7241 unused Assets / (7.0 MB). Loaded Objects now: 8020.
Memory consumption went from 172.7 MB to 165.7 MB.
Total: 13.226400 ms (FindLiveObjects: 1.169200 ms CreateObjectMapping: 0.518100 ms MarkObjects: 7.194500 ms  DeleteObjects: 4.335200 ms)

Prepare: number of updated asset objects reloaded= 0
========================================================================
Received Prepare
Refreshing native plugins compatible for Editor in 1.49 ms, found 4 plugins.
Preloading 0 native plugins for Editor in 0.00 ms.
Unloading 29 Unused Serialized files (Serialized files now loaded: 0)
Unloading 7229 unused Assets / (6.1 MB). Loaded Objects now: 8020.
Memory consumption went from 172.9 MB to 166.8 MB.
Total: 12.633900 ms (FindLiveObjects: 0.983700 ms CreateObjectMapping: 0.474600 ms MarkObjects: 7.300100 ms  DeleteObjects: 3.874400 ms)

Prepare: number of updated asset objects reloaded= 0
========================================================================
Received Prepare
Begin MonoManager ReloadAssembly
- Loaded All Assemblies, in  1.179 seconds
Refreshing native plugins compatible for Editor in 1.13 ms, found 4 plugins.
Native extension for iOS target not found
Native extension for WindowsStandalone target not found
Native extension for WebGL target not found
Mono: successfully reloaded assembly
- Finished resetting the current domain, in  1.285 seconds
Domain Reload Profiling: 2466ms
	BeginReloadAssembly (317ms)
		ExecutionOrderSort (0ms)
		DisableScriptedObjects (19ms)
		BackupInstance (0ms)
		ReleaseScriptingObjects (0ms)
		CreateAndSetChildDomain (76ms)
	RebuildCommonClasses (48ms)
	RebuildNativeTypeToScriptingClass (14ms)
	initialDomainReloadingComplete (32ms)
	LoadAllAssembliesAndSetupDomain (768ms)
		LoadAssemblies (679ms)
		RebuildTransferFunctionScriptingTraits (0ms)
		AnalyzeDomain (225ms)
			TypeCache.Refresh (12ms)
				TypeCache.ScanAssembly (0ms)
			BuildScriptInfoCaches (196ms)
			ResolveRequiredComponents (12ms)
	FinalizeReload (1286ms)
		ReleaseScriptCaches (0ms)
		RebuildScriptCaches (0ms)
		SetupLoadedEditorAssemblies (1072ms)
			LogAssemblyErrors (0ms)
			InitializePlatformSupportModulesInManaged (9ms)
			SetLoadedEditorAssemblies (12ms)
			BeforeProcessingInitializeOnLoad (261ms)
			ProcessInitializeOnLoadAttributes (685ms)
			ProcessInitializeOnLoadMethodAttributes (98ms)
			AfterProcessingInitializeOnLoad (7ms)
			EditorAssembliesLoaded (0ms)
		ExecutionOrderSort2 (0ms)
		AwakeInstancesAfterBackupRestoration (26ms)
Refreshing native plugins compatible for Editor in 1.57 ms, found 4 plugins.
Preloading 0 native plugins for Editor in 0.00 ms.
Unloading 29 Unused Serialized files (Serialized files now loaded: 0)
Unloading 7241 unused Assets / (6.4 MB). Loaded Objects now: 8025.
Memory consumption went from 172.8 MB to 166.4 MB.
Total: 12.405600 ms (FindLiveObjects: 1.235000 ms CreateObjectMapping: 0.487200 ms MarkObjects: 6.524200 ms  DeleteObjects: 4.158000 ms)

Prepare: number of updated asset objects reloaded= 0
========================================================================
Received Prepare
Refreshing native plugins compatible for Editor in 1.48 ms, found 4 plugins.
Preloading 0 native plugins for Editor in 0.00 ms.
Unloading 29 Unused Serialized files (Serialized files now loaded: 0)
Unloading 7228 unused Assets / (7.3 MB). Loaded Objects now: 8024.
Memory consumption went from 172.9 MB to 165.6 MB.
Total: 14.340600 ms (FindLiveObjects: 1.330200 ms CreateObjectMapping: 0.645100 ms MarkObjects: 7.208000 ms  DeleteObjects: 5.155900 ms)

Prepare: number of updated asset objects reloaded= 0
========================================================================
Received Prepare
Begin MonoManager ReloadAssembly
- Loaded All Assemblies, in  1.108 seconds
Refreshing native plugins compatible for Editor in 1.79 ms, found 4 plugins.
Native extension for iOS target not found
Native extension for WindowsStandalone target not found
Native extension for WebGL target not found
Mono: successfully reloaded assembly
- Finished resetting the current domain, in  1.275 seconds
Domain Reload Profiling: 2383ms
	BeginReloadAssembly (307ms)
		ExecutionOrderSort (0ms)
		DisableScriptedObjects (18ms)
		BackupInstance (0ms)
		ReleaseScriptingObjects (0ms)
		CreateAndSetChildDomain (73ms)
	RebuildCommonClasses (48ms)
	RebuildNativeTypeToScriptingClass (24ms)
	initialDomainReloadingComplete (30ms)
	LoadAllAssembliesAndSetupDomain (698ms)
		LoadAssemblies (570ms)
		RebuildTransferFunctionScriptingTraits (0ms)
		AnalyzeDomain (246ms)
			TypeCache.Refresh (12ms)
				TypeCache.ScanAssembly (0ms)
			BuildScriptInfoCaches (217ms)
			ResolveRequiredComponents (12ms)
	FinalizeReload (1275ms)
		ReleaseScriptCaches (0ms)
		RebuildScriptCaches (0ms)
		SetupLoadedEditorAssemblies (1074ms)
			LogAssemblyErrors (0ms)
			InitializePlatformSupportModulesInManaged (11ms)
			SetLoadedEditorAssemblies (11ms)
			BeforeProcessingInitializeOnLoad (254ms)
			ProcessInitializeOnLoadAttributes (700ms)
			ProcessInitializeOnLoadMethodAttributes (91ms)
			AfterProcessingInitializeOnLoad (6ms)
			EditorAssembliesLoaded (0ms)
		ExecutionOrderSort2 (0ms)
		AwakeInstancesAfterBackupRestoration (23ms)
Refreshing native plugins compatible for Editor in 1.33 ms, found 4 plugins.
Preloading 0 native plugins for Editor in 0.00 ms.
Unloading 29 Unused Serialized files (Serialized files now loaded: 0)
Unloading 7240 unused Assets / (6.3 MB). Loaded Objects now: 8029.
Memory consumption went from 172.8 MB to 166.5 MB.
Total: 11.549600 ms (FindLiveObjects: 0.963300 ms CreateObjectMapping: 0.432100 ms MarkObjects: 6.559900 ms  DeleteObjects: 3.593000 ms)

Prepare: number of updated asset objects reloaded= 0
========================================================================
Received Prepare
Refreshing native plugins compatible for Editor in 1.41 ms, found 4 plugins.
Preloading 0 native plugins for Editor in 0.00 ms.
Unloading 29 Unused Serialized files (Serialized files now loaded: 0)
Unloading 7228 unused Assets / (6.5 MB). Loaded Objects now: 8029.
Memory consumption went from 172.9 MB to 166.4 MB.
Total: 12.980400 ms (FindLiveObjects: 1.152600 ms CreateObjectMapping: 0.515000 ms MarkObjects: 7.309600 ms  DeleteObjects: 4.002000 ms)

Prepare: number of updated asset objects reloaded= 0
========================================================================
Received Import Request.
  Time since last request: 2674.250502 seconds.
  path: Assets/Prefabs/Allocation.prefab
  artifactKey: Guid(d746e1962749f784f91712e5e67ba287) Importer(815301076,1909f56bfc062723c751e8b465ee728b)
Start importing Assets/Prefabs/Allocation.prefab using Guid(d746e1962749f784f91712e5e67ba287) Importer(815301076,1909f56bfc062723c751e8b465ee728b) (PreviewImporter) -> (artifact id: 'fff59e09c8b6de0c9901ae707b4a1119') in 0.1813425 seconds
Number of updated asset objects reloaded before import = 0Number of asset objects unloaded after import = 31

========================================================================
Received Import Request.
  Time since last request: 23.167649 seconds.
  path: Assets/Prefabs/Allocation.prefab
  artifactKey: Guid(d746e1962749f784f91712e5e67ba287) Importer(815301076,1909f56bfc062723c751e8b465ee728b)
Start importing Assets/Prefabs/Allocation.prefab using Guid(d746e1962749f784f91712e5e67ba287) Importer(815301076,1909f56bfc062723c751e8b465ee728b) (PreviewImporter) -> (artifact id: '1e601a0588025138dbefdeebec6832d1') in 0.0102922 seconds
Number of updated asset objects reloaded before import = 0Number of asset objects unloaded after import = 31

========================================================================
Received Prepare
Refreshing native plugins compatible for Editor in 2.00 ms, found 4 plugins.
Preloading 0 native plugins for Editor in 0.00 ms.
Unloading 29 Unused Serialized files (Serialized files now loaded: 0)
Unloading 7229 unused Assets / (5.5 MB). Loaded Objects now: 8030.
Memory consumption went from 173.3 MB to 167.8 MB.
Total: 23.352300 ms (FindLiveObjects: 1.168500 ms CreateObjectMapping: 0.988100 ms MarkObjects: 17.082900 ms  DeleteObjects: 4.111100 ms)

Prepare: number of updated asset objects reloaded= 0
========================================================================
Received Import Request.
  Time since last request: 22.539258 seconds.
  path: Assets/Prefabs/Allocation.prefab
  artifactKey: Guid(d746e1962749f784f91712e5e67ba287) Importer(815301076,1909f56bfc062723c751e8b465ee728b)
Start importing Assets/Prefabs/Allocation.prefab using Guid(d746e1962749f784f91712e5e67ba287) Importer(815301076,1909f56bfc062723c751e8b465ee728b) (PreviewImporter) -> (artifact id: 'b423371f62cd11afbbe06cbd6435ae7f') in 0.0165328 seconds
Number of updated asset objects reloaded before import = 0Number of asset objects unloaded after import = 31

========================================================================
Received Prepare
Begin MonoManager ReloadAssembly
- Loaded All Assemblies, in  0.531 seconds
Refreshing native plugins compatible for Editor in 0.62 ms, found 4 plugins.
Native extension for iOS target not found
Native extension for WindowsStandalone target not found
Native extension for WebGL target not found
Mono: successfully reloaded assembly
- Finished resetting the current domain, in  0.667 seconds
Domain Reload Profiling: 1201ms
	BeginReloadAssembly (157ms)
		ExecutionOrderSort (0ms)
		DisableScriptedObjects (9ms)
		BackupInstance (0ms)
		ReleaseScriptingObjects (0ms)
		CreateAndSetChildDomain (44ms)
	RebuildCommonClasses (22ms)
	RebuildNativeTypeToScriptingClass (9ms)
	initialDomainReloadingComplete (16ms)
	LoadAllAssembliesAndSetupDomain (329ms)
		LoadAssemblies (251ms)
		RebuildTransferFunctionScriptingTraits (0ms)
		AnalyzeDomain (138ms)
			TypeCache.Refresh (7ms)
				TypeCache.ScanAssembly (0ms)
			BuildScriptInfoCaches (119ms)
			ResolveRequiredComponents (8ms)
	FinalizeReload (668ms)
		ReleaseScriptCaches (0ms)
		RebuildScriptCaches (0ms)
		SetupLoadedEditorAssemblies (556ms)
			LogAssemblyErrors (0ms)
			InitializePlatformSupportModulesInManaged (6ms)
			SetLoadedEditorAssemblies (4ms)
			BeforeProcessingInitializeOnLoad (126ms)
			ProcessInitializeOnLoadAttributes (375ms)
			ProcessInitializeOnLoadMethodAttributes (42ms)
			AfterProcessingInitializeOnLoad (2ms)
			EditorAssembliesLoaded (0ms)
		ExecutionOrderSort2 (0ms)
		AwakeInstancesAfterBackupRestoration (11ms)
Refreshing native plugins compatible for Editor in 1.67 ms, found 4 plugins.
Preloading 0 native plugins for Editor in 0.00 ms.
Unloading 29 Unused Serialized files (Serialized files now loaded: 0)
Unloading 7241 unused Assets / (7.0 MB). Loaded Objects now: 8035.
Memory consumption went from 172.9 MB to 165.9 MB.
Total: 13.318400 ms (FindLiveObjects: 0.738700 ms CreateObjectMapping: 0.581800 ms MarkObjects: 7.299500 ms  DeleteObjects: 4.697000 ms)

Prepare: number of updated asset objects reloaded= 0
========================================================================
Received Import Request.
  Time since last request: 15.828255 seconds.
  path: Assets/Prefabs/Allocation.prefab
  artifactKey: Guid(d746e1962749f784f91712e5e67ba287) Importer(815301076,1909f56bfc062723c751e8b465ee728b)
Start importing Assets/Prefabs/Allocation.prefab using Guid(d746e1962749f784f91712e5e67ba287) Importer(815301076,1909f56bfc062723c751e8b465ee728b) (PreviewImporter) -> (artifact id: 'd50fa6ad67dd60aebeb5255dd45517bb') in 0.0449172 seconds
Number of updated asset objects reloaded before import = 0Number of asset objects unloaded after import = 31

========================================================================
Received Import Request.
  Time since last request: 6.736425 seconds.
  path: Assets/Prefabs/Allocation.prefab
  artifactKey: Guid(d746e1962749f784f91712e5e67ba287) Importer(815301076,1909f56bfc062723c751e8b465ee728b)
Start importing Assets/Prefabs/Allocation.prefab using Guid(d746e1962749f784f91712e5e67ba287) Importer(815301076,1909f56bfc062723c751e8b465ee728b) (PreviewImporter) -> (artifact id: 'c2e0042f1580b51ebac95199ad7358c1') in 0.0098592 seconds
Number of updated asset objects reloaded before import = 0Number of asset objects unloaded after import = 31

========================================================================
Received Prepare
Refreshing native plugins compatible for Editor in 1.59 ms, found 4 plugins.
Preloading 0 native plugins for Editor in 0.00 ms.
Unloading 29 Unused Serialized files (Serialized files now loaded: 0)
Unloading 7229 unused Assets / (6.9 MB). Loaded Objects now: 8035.
Memory consumption went from 173.2 MB to 166.3 MB.
Total: 14.308500 ms (FindLiveObjects: 1.112700 ms CreateObjectMapping: 0.470900 ms MarkObjects: 8.247400 ms  DeleteObjects: 4.476300 ms)

Prepare: number of updated asset objects reloaded= 2
========================================================================
Received Prepare
Begin MonoManager ReloadAssembly
- Loaded All Assemblies, in  1.052 seconds
Refreshing native plugins compatible for Editor in 2.00 ms, found 4 plugins.
Native extension for iOS target not found
Native extension for WindowsStandalone target not found
Native extension for WebGL target not found
Mono: successfully reloaded assembly
- Finished resetting the current domain, in  1.267 seconds
Domain Reload Profiling: 2320ms
	BeginReloadAssembly (292ms)
		ExecutionOrderSort (0ms)
		DisableScriptedObjects (16ms)
		BackupInstance (0ms)
		ReleaseScriptingObjects (0ms)
		CreateAndSetChildDomain (85ms)
	RebuildCommonClasses (38ms)
	RebuildNativeTypeToScriptingClass (20ms)
	initialDomainReloadingComplete (29ms)
	LoadAllAssembliesAndSetupDomain (671ms)
		LoadAssemblies (564ms)
		RebuildTransferFunctionScriptingTraits (0ms)
		AnalyzeDomain (212ms)
			TypeCache.Refresh (8ms)
				TypeCache.ScanAssembly (0ms)
			BuildScriptInfoCaches (186ms)
			ResolveRequiredComponents (12ms)
	FinalizeReload (1268ms)
		ReleaseScriptCaches (0ms)
		RebuildScriptCaches (0ms)
		SetupLoadedEditorAssemblies (1048ms)
			LogAssemblyErrors (0ms)
			InitializePlatformSupportModulesInManaged (17ms)
			SetLoadedEditorAssemblies (8ms)
			BeforeProcessingInitializeOnLoad (237ms)
			ProcessInitializeOnLoadAttributes (664ms)
			ProcessInitializeOnLoadMethodAttributes (109ms)
			AfterProcessingInitializeOnLoad (14ms)
			EditorAssembliesLoaded (0ms)
		ExecutionOrderSort2 (0ms)
		AwakeInstancesAfterBackupRestoration (27ms)
Refreshing native plugins compatible for Editor in 1.82 ms, found 4 plugins.
Preloading 0 native plugins for Editor in 0.00 ms.
Unloading 29 Unused Serialized files (Serialized files now loaded: 0)
Unloading 7240 unused Assets / (7.6 MB). Loaded Objects now: 8040.
Memory consumption went from 172.8 MB to 165.3 MB.
Total: 15.742500 ms (FindLiveObjects: 1.091800 ms CreateObjectMapping: 0.748500 ms MarkObjects: 9.073500 ms  DeleteObjects: 4.827100 ms)

Prepare: number of updated asset objects reloaded= 0
========================================================================
Received Import Request.
  Time since last request: 45.967550 seconds.
  path: Assets/Prefabs/Allocation.prefab
  artifactKey: Guid(d746e1962749f784f91712e5e67ba287) Importer(815301076,1909f56bfc062723c751e8b465ee728b)
Start importing Assets/Prefabs/Allocation.prefab using Guid(d746e1962749f784f91712e5e67ba287) Importer(815301076,1909f56bfc062723c751e8b465ee728b) (PreviewImporter) -> (artifact id: 'ac99858aa4d202bc0f4f79e7b25faebb') in 0.1000038 seconds
Number of updated asset objects reloaded before import = 0Number of asset objects unloaded after import = 31

========================================================================
Received Prepare
Refreshing native plugins compatible for Editor in 1.51 ms, found 4 plugins.
Preloading 0 native plugins for Editor in 0.00 ms.
Unloading 29 Unused Serialized files (Serialized files now loaded: 0)
Unloading 7229 unused Assets / (7.0 MB). Loaded Objects now: 8040.
Memory consumption went from 173.2 MB to 166.3 MB.
Total: 15.452600 ms (FindLiveObjects: 1.010000 ms CreateObjectMapping: 0.481700 ms MarkObjects: 9.070100 ms  DeleteObjects: 4.889300 ms)

Prepare: number of updated asset objects reloaded= 0
========================================================================
Received Prepare
Begin MonoManager ReloadAssembly
- Loaded All Assemblies, in  1.157 seconds
Refreshing native plugins compatible for Editor in 2.05 ms, found 4 plugins.
Native extension for iOS target not found
Native extension for WindowsStandalone target not found
Native extension for WebGL target not found
Mono: successfully reloaded assembly
- Finished resetting the current domain, in  1.253 seconds
Domain Reload Profiling: 2412ms
	BeginReloadAssembly (326ms)
		ExecutionOrderSort (0ms)
		DisableScriptedObjects (25ms)
		BackupInstance (0ms)
		ReleaseScriptingObjects (0ms)
		CreateAndSetChildDomain (88ms)
	RebuildCommonClasses (38ms)
	RebuildNativeTypeToScriptingClass (16ms)
	initialDomainReloadingComplete (30ms)
	LoadAllAssembliesAndSetupDomain (749ms)
		LoadAssemblies (640ms)
		RebuildTransferFunctionScriptingTraits (0ms)
		AnalyzeDomain (229ms)
			TypeCache.Refresh (12ms)
				TypeCache.ScanAssembly (0ms)
			BuildScriptInfoCaches (199ms)
			ResolveRequiredComponents (13ms)
	FinalizeReload (1254ms)
		ReleaseScriptCaches (0ms)
		RebuildScriptCaches (0ms)
		SetupLoadedEditorAssemblies (1033ms)
			LogAssemblyErrors (0ms)
			InitializePlatformSupportModulesInManaged (19ms)
			SetLoadedEditorAssemblies (11ms)
			BeforeProcessingInitializeOnLoad (289ms)
			ProcessInitializeOnLoadAttributes (626ms)
			ProcessInitializeOnLoadMethodAttributes (79ms)
			AfterProcessingInitializeOnLoad (8ms)
			EditorAssembliesLoaded (1ms)
		ExecutionOrderSort2 (0ms)
		AwakeInstancesAfterBackupRestoration (35ms)
Refreshing native plugins compatible for Editor in 1.69 ms, found 4 plugins.
Preloading 0 native plugins for Editor in 0.00 ms.
Unloading 29 Unused Serialized files (Serialized files now loaded: 0)
Unloading 7240 unused Assets / (7.3 MB). Loaded Objects now: 8045.
Memory consumption went from 173.0 MB to 165.6 MB.
Total: 12.919500 ms (FindLiveObjects: 1.082600 ms CreateObjectMapping: 0.661600 ms MarkObjects: 6.807800 ms  DeleteObjects: 4.366200 ms)

Prepare: number of updated asset objects reloaded= 0
========================================================================
Received Prepare
Refreshing native plugins compatible for Editor in 1.60 ms, found 4 plugins.
Preloading 0 native plugins for Editor in 0.00 ms.
Unloading 29 Unused Serialized files (Serialized files now loaded: 0)
Unloading 7228 unused Assets / (6.8 MB). Loaded Objects now: 8045.
Memory consumption went from 173.1 MB to 166.2 MB.
Total: 14.140200 ms (FindLiveObjects: 1.110600 ms CreateObjectMapping: 0.491200 ms MarkObjects: 7.946200 ms  DeleteObjects: 4.591000 ms)

Prepare: number of updated asset objects reloaded= 0
========================================================================
Received Prepare
Begin MonoManager ReloadAssembly
- Loaded All Assemblies, in  1.301 seconds
Refreshing native plugins compatible for Editor in 1.93 ms, found 4 plugins.
Native extension for iOS target not found
Native extension for WindowsStandalone target not found
Native extension for WebGL target not found
Mono: successfully reloaded assembly
- Finished resetting the current domain, in  1.419 seconds
Domain Reload Profiling: 2721ms
	BeginReloadAssembly (321ms)
		ExecutionOrderSort (0ms)
		DisableScriptedObjects (17ms)
		BackupInstance (0ms)
		ReleaseScriptingObjects (0ms)
		CreateAndSetChildDomain (68ms)
	RebuildCommonClasses (40ms)
	RebuildNativeTypeToScriptingClass (18ms)
	initialDomainReloadingComplete (36ms)
	LoadAllAssembliesAndSetupDomain (886ms)
		LoadAssemblies (713ms)
		RebuildTransferFunctionScriptingTraits (0ms)
		AnalyzeDomain (326ms)
			TypeCache.Refresh (15ms)
				TypeCache.ScanAssembly (0ms)
			BuildScriptInfoCaches (294ms)
			ResolveRequiredComponents (13ms)
	FinalizeReload (1420ms)
		ReleaseScriptCaches (0ms)
		RebuildScriptCaches (0ms)
		SetupLoadedEditorAssemblies (1208ms)
			LogAssemblyErrors (0ms)
			InitializePlatformSupportModulesInManaged (15ms)
			SetLoadedEditorAssemblies (13ms)
			BeforeProcessingInitializeOnLoad (310ms)
			ProcessInitializeOnLoadAttributes (758ms)
			ProcessInitializeOnLoadMethodAttributes (105ms)
			AfterProcessingInitializeOnLoad (5ms)
			EditorAssembliesLoaded (0ms)
		ExecutionOrderSort2 (0ms)
		AwakeInstancesAfterBackupRestoration (22ms)
Refreshing native plugins compatible for Editor in 1.75 ms, found 4 plugins.
Preloading 0 native plugins for Editor in 0.00 ms.
Unloading 29 Unused Serialized files (Serialized files now loaded: 0)
Unloading 7240 unused Assets / (7.2 MB). Loaded Objects now: 8050.
Memory consumption went from 173.0 MB to 165.8 MB.
Total: 14.557200 ms (FindLiveObjects: 1.169100 ms CreateObjectMapping: 0.613300 ms MarkObjects: 7.761900 ms  DeleteObjects: 5.012100 ms)

Prepare: number of updated asset objects reloaded= 0
========================================================================
Received Prepare
Refreshing native plugins compatible for Editor in 1.64 ms, found 4 plugins.
Preloading 0 native plugins for Editor in 0.00 ms.
Unloading 29 Unused Serialized files (Serialized files now loaded: 0)
Unloading 7228 unused Assets / (6.2 MB). Loaded Objects now: 8050.
Memory consumption went from 173.1 MB to 166.9 MB.
Total: 12.523700 ms (FindLiveObjects: 1.038300 ms CreateObjectMapping: 0.448900 ms MarkObjects: 7.416100 ms  DeleteObjects: 3.618900 ms)

Prepare: number of updated asset objects reloaded= 0
========================================================================
Received Prepare
Begin MonoManager ReloadAssembly
- Loaded All Assemblies, in  1.070 seconds
Refreshing native plugins compatible for Editor in 3.04 ms, found 4 plugins.
Native extension for iOS target not found
Native extension for WindowsStandalone target not found
Native extension for WebGL target not found
Mono: successfully reloaded assembly
- Finished resetting the current domain, in  1.270 seconds
Domain Reload Profiling: 2342ms
	BeginReloadAssembly (255ms)
		ExecutionOrderSort (0ms)
		DisableScriptedObjects (16ms)
		BackupInstance (0ms)
		ReleaseScriptingObjects (0ms)
		CreateAndSetChildDomain (62ms)
	RebuildCommonClasses (36ms)
	RebuildNativeTypeToScriptingClass (15ms)
	initialDomainReloadingComplete (32ms)
	LoadAllAssembliesAndSetupDomain (732ms)
		LoadAssemblies (617ms)
		RebuildTransferFunctionScriptingTraits (0ms)
		AnalyzeDomain (223ms)
			TypeCache.Refresh (13ms)
				TypeCache.ScanAssembly (1ms)
			BuildScriptInfoCaches (193ms)
			ResolveRequiredComponents (12ms)
	FinalizeReload (1270ms)
		ReleaseScriptCaches (0ms)
		RebuildScriptCaches (0ms)
		SetupLoadedEditorAssemblies (1072ms)
			LogAssemblyErrors (0ms)
			InitializePlatformSupportModulesInManaged (10ms)
			SetLoadedEditorAssemblies (14ms)
			BeforeProcessingInitializeOnLoad (274ms)
			ProcessInitializeOnLoadAttributes (674ms)
			ProcessInitializeOnLoadMethodAttributes (94ms)
			AfterProcessingInitializeOnLoad (5ms)
			EditorAssembliesLoaded (0ms)
		ExecutionOrderSort2 (0ms)
		AwakeInstancesAfterBackupRestoration (24ms)
Refreshing native plugins compatible for Editor in 1.37 ms, found 4 plugins.
Preloading 0 native plugins for Editor in 0.00 ms.
Unloading 29 Unused Serialized files (Serialized files now loaded: 0)
Unloading 7240 unused Assets / (6.7 MB). Loaded Objects now: 8055.
Memory consumption went from 173.0 MB to 166.3 MB.
Total: 11.720600 ms (FindLiveObjects: 0.962600 ms CreateObjectMapping: 0.456000 ms MarkObjects: 6.395500 ms  DeleteObjects: 3.905400 ms)

Prepare: number of updated asset objects reloaded= 0
========================================================================
Received Prepare
Begin MonoManager ReloadAssembly
- Loaded All Assemblies, in  0.515 seconds
Refreshing native plugins compatible for Editor in 0.72 ms, found 4 plugins.
Native extension for iOS target not found
Native extension for WindowsStandalone target not found
Native extension for WebGL target not found
Mono: successfully reloaded assembly
- Finished resetting the current domain, in  0.650 seconds
Domain Reload Profiling: 1166ms
	BeginReloadAssembly (142ms)
		ExecutionOrderSort (0ms)
		DisableScriptedObjects (10ms)
		BackupInstance (0ms)
		ReleaseScriptingObjects (0ms)
		CreateAndSetChildDomain (33ms)
	RebuildCommonClasses (22ms)
	RebuildNativeTypeToScriptingClass (8ms)
	initialDomainReloadingComplete (16ms)
	LoadAllAssembliesAndSetupDomain (328ms)
		LoadAssemblies (249ms)
		RebuildTransferFunctionScriptingTraits (0ms)
		AnalyzeDomain (135ms)
			TypeCache.Refresh (6ms)
				TypeCache.ScanAssembly (0ms)
			BuildScriptInfoCaches (118ms)
			ResolveRequiredComponents (7ms)
	FinalizeReload (650ms)
		ReleaseScriptCaches (0ms)
		RebuildScriptCaches (0ms)
		SetupLoadedEditorAssemblies (545ms)
			LogAssemblyErrors (0ms)
			InitializePlatformSupportModulesInManaged (8ms)
			SetLoadedEditorAssemblies (6ms)
			BeforeProcessingInitializeOnLoad (137ms)
			ProcessInitializeOnLoadAttributes (354ms)
			ProcessInitializeOnLoadMethodAttributes (40ms)
			AfterProcessingInitializeOnLoad (2ms)
			EditorAssembliesLoaded (0ms)
		ExecutionOrderSort2 (0ms)
		AwakeInstancesAfterBackupRestoration (11ms)
Refreshing native plugins compatible for Editor in 1.48 ms, found 4 plugins.
Preloading 0 native plugins for Editor in 0.00 ms.
Unloading 29 Unused Serialized files (Serialized files now loaded: 0)
Unloading 7240 unused Assets / (6.9 MB). Loaded Objects now: 8060.
Memory consumption went from 173.0 MB to 166.1 MB.
Total: 12.249100 ms (FindLiveObjects: 0.886100 ms CreateObjectMapping: 0.520700 ms MarkObjects: 6.644400 ms  DeleteObjects: 4.196500 ms)

Prepare: number of updated asset objects reloaded= 0
========================================================================
Received Import Request.
  Time since last request: 883.120306 seconds.
  path: Assets/Art/Image (13) 1.png
  artifactKey: Guid(9ff55416fea81f44684c15e2b18c67f8) Importer(815301076,1909f56bfc062723c751e8b465ee728b)
Start importing Assets/Art/Image (13) 1.png using Guid(9ff55416fea81f44684c15e2b18c67f8) Importer(815301076,1909f56bfc062723c751e8b465ee728b) (PreviewImporter) -> (artifact id: '49fd5a81bac9993c7e5acc92c35352f2') in 0.1183748 seconds
Number of updated asset objects reloaded before import = 0Number of asset objects unloaded after import = 3

========================================================================
Received Import Request.
  Time since last request: 0.000017 seconds.
  path: Assets/Art/Image (20) 1.png
  artifactKey: Guid(a136e07e82b32414ca1043394eeb68cf) Importer(815301076,1909f56bfc062723c751e8b465ee728b)
Start importing Assets/Art/Image (20) 1.png using Guid(a136e07e82b32414ca1043394eeb68cf) Importer(815301076,1909f56bfc062723c751e8b465ee728b) (PreviewImporter) -> (artifact id: '92818bc95f841b6006cd9d13c7a6c6fe') in 0.025698 seconds
Number of updated asset objects reloaded before import = 0Number of asset objects unloaded after import = 3

========================================================================
Received Import Request.
  Time since last request: 0.000015 seconds.
  path: Assets/Art/Image (16) 1.png
  artifactKey: Guid(b2d96e439079d08469cb405369fe3a87) Importer(815301076,1909f56bfc062723c751e8b465ee728b)
Start importing Assets/Art/Image (16) 1.png using Guid(b2d96e439079d08469cb405369fe3a87) Importer(815301076,1909f56bfc062723c751e8b465ee728b) (PreviewImporter) -> (artifact id: 'e8b293e5b87b57b655fc78a6d15d5eb0') in 0.0293908 seconds
Number of updated asset objects reloaded before import = 0Number of asset objects unloaded after import = 3

========================================================================
Received Import Request.
  Time since last request: 0.000015 seconds.
  path: Assets/Art/Image (18) 1.png
  artifactKey: Guid(03bef6b18a2f7cf4a90536415c59f54c) Importer(815301076,1909f56bfc062723c751e8b465ee728b)
Start importing Assets/Art/Image (18) 1.png using Guid(03bef6b18a2f7cf4a90536415c59f54c) Importer(815301076,1909f56bfc062723c751e8b465ee728b) (PreviewImporter) -> (artifact id: '99d61f743e697836f8a55d6741802c24') in 0.0296677 seconds
Number of updated asset objects reloaded before import = 0Number of asset objects unloaded after import = 3

========================================================================
Received Import Request.
  Time since last request: 0.000022 seconds.
  path: Assets/Art/Image (15) 1.png
  artifactKey: Guid(57318a02b5165e743b3ac3449e3f62ea) Importer(815301076,1909f56bfc062723c751e8b465ee728b)
Start importing Assets/Art/Image (15) 1.png using Guid(57318a02b5165e743b3ac3449e3f62ea) Importer(815301076,1909f56bfc062723c751e8b465ee728b) (PreviewImporter) -> (artifact id: '952518eee774734ab1830632ffda4fec') in 0.0284943 seconds
Number of updated asset objects reloaded before import = 0Number of asset objects unloaded after import = 3

========================================================================
Received Import Request.
  Time since last request: 0.000014 seconds.
  path: Assets/Art/Image (23) 1.png
  artifactKey: Guid(4dc5ea8bd72eb854389e73482ba7fc87) Importer(815301076,1909f56bfc062723c751e8b465ee728b)
Start importing Assets/Art/Image (23) 1.png using Guid(4dc5ea8bd72eb854389e73482ba7fc87) Importer(815301076,1909f56bfc062723c751e8b465ee728b) (PreviewImporter) -> (artifact id: '61dbabfe8835fe0663cbb9be1d669eeb') in 0.0189684 seconds
Number of updated asset objects reloaded before import = 0Number of asset objects unloaded after import = 3

========================================================================
Received Import Request.
  Time since last request: 0.000021 seconds.
  path: Assets/Art/Image (21) 1.png
  artifactKey: Guid(8d6f4e7c75de7674090535e514b76e81) Importer(815301076,1909f56bfc062723c751e8b465ee728b)
Start importing Assets/Art/Image (21) 1.png using Guid(8d6f4e7c75de7674090535e514b76e81) Importer(815301076,1909f56bfc062723c751e8b465ee728b) (PreviewImporter) -> (artifact id: 'c57a89bc6927d97e2b0335208e099cdc') in 0.0219749 seconds
Number of updated asset objects reloaded before import = 0Number of asset objects unloaded after import = 3

========================================================================
Received Import Request.
  Time since last request: 0.000015 seconds.
  path: Assets/Art/Image (26) 1.png
  artifactKey: Guid(11127c9f05af73247beccada28d442d0) Importer(815301076,1909f56bfc062723c751e8b465ee728b)
Start importing Assets/Art/Image (26) 1.png using Guid(11127c9f05af73247beccada28d442d0) Importer(815301076,1909f56bfc062723c751e8b465ee728b) (PreviewImporter) -> (artifact id: '698a15606a547bf57cef205789b37610') in 0.0240042 seconds
Number of updated asset objects reloaded before import = 0Number of asset objects unloaded after import = 3

========================================================================
Received Import Request.
  Time since last request: 0.000015 seconds.
  path: Assets/Art/Image (22) 1.png
  artifactKey: Guid(71eeed0f8ce41d94ea8dcb907efd5906) Importer(815301076,1909f56bfc062723c751e8b465ee728b)
Start importing Assets/Art/Image (22) 1.png using Guid(71eeed0f8ce41d94ea8dcb907efd5906) Importer(815301076,1909f56bfc062723c751e8b465ee728b) (PreviewImporter) -> (artifact id: 'f0b45a66258454ccfe6f516fd5ce22e6') in 0.0218607 seconds
Number of updated asset objects reloaded before import = 0Number of asset objects unloaded after import = 3

========================================================================
Received Import Request.
  Time since last request: 0.000019 seconds.
  path: Assets/Art/Image (29) 1.png
  artifactKey: Guid(73601312832b57046913c8d283ac1c00) Importer(815301076,1909f56bfc062723c751e8b465ee728b)
Start importing Assets/Art/Image (29) 1.png using Guid(73601312832b57046913c8d283ac1c00) Importer(815301076,1909f56bfc062723c751e8b465ee728b) (PreviewImporter) -> (artifact id: '0168727ff0801af97248d1d123bd36a9') in 0.0216634 seconds
Number of updated asset objects reloaded before import = 0Number of asset objects unloaded after import = 3

========================================================================
Received Import Request.
  Time since last request: 0.000022 seconds.
  path: Assets/Art/Image (24) 1.png
  artifactKey: Guid(3d5e8944b9032f646a70e61b94d6f1a1) Importer(815301076,1909f56bfc062723c751e8b465ee728b)
Start importing Assets/Art/Image (24) 1.png using Guid(3d5e8944b9032f646a70e61b94d6f1a1) Importer(815301076,1909f56bfc062723c751e8b465ee728b) (PreviewImporter) -> (artifact id: '13424d55f7edf9959260598f386d962e') in 0.0203771 seconds
Number of updated asset objects reloaded before import = 0Number of asset objects unloaded after import = 3

========================================================================
Received Import Request.
  Time since last request: 0.000014 seconds.
  path: Assets/Art/Image (30) 1.png
  artifactKey: Guid(fec16c603928614429436a41395c5689) Importer(815301076,1909f56bfc062723c751e8b465ee728b)
Start importing Assets/Art/Image (30) 1.png using Guid(fec16c603928614429436a41395c5689) Importer(815301076,1909f56bfc062723c751e8b465ee728b) (PreviewImporter) -> (artifact id: '22ef01ddc955beef25cb36e324197b58') in 0.0262199 seconds
Number of updated asset objects reloaded before import = 0Number of asset objects unloaded after import = 3

========================================================================
Received Import Request.
  Time since last request: 0.000016 seconds.
  path: Assets/Art/Image (27) 1.png
  artifactKey: Guid(c8f4966fee2c22043aa825dc5592b8d7) Importer(815301076,1909f56bfc062723c751e8b465ee728b)
Start importing Assets/Art/Image (27) 1.png using Guid(c8f4966fee2c22043aa825dc5592b8d7) Importer(815301076,1909f56bfc062723c751e8b465ee728b) (PreviewImporter) -> (artifact id: 'aaf1a09a13b22e6dc3eb810ef24ec2f5') in 0.0205784 seconds
Number of updated asset objects reloaded before import = 0Number of asset objects unloaded after import = 3

========================================================================
Received Import Request.
  Time since last request: 0.000017 seconds.
  path: Assets/Art/Image (19) 1.png
  artifactKey: Guid(47618c665c3705d4482bd149c21c24e3) Importer(815301076,1909f56bfc062723c751e8b465ee728b)
Start importing Assets/Art/Image (19) 1.png using Guid(47618c665c3705d4482bd149c21c24e3) Importer(815301076,1909f56bfc062723c751e8b465ee728b) (PreviewImporter) -> (artifact id: '01aeead7c753192dd1e68a35c4fc5a81') in 0.0218022 seconds
Number of updated asset objects reloaded before import = 0Number of asset objects unloaded after import = 3

========================================================================
Received Import Request.
  Time since last request: 0.000018 seconds.
  path: Assets/Art/Image (17) 1.png
  artifactKey: Guid(4c0551c48d0f88145a788e67b5f89149) Importer(815301076,1909f56bfc062723c751e8b465ee728b)
Start importing Assets/Art/Image (17) 1.png using Guid(4c0551c48d0f88145a788e67b5f89149) Importer(815301076,1909f56bfc062723c751e8b465ee728b) (PreviewImporter) -> (artifact id: '8a0ab428f5315c5ed1f3b78d39542b62') in 0.0218634 seconds
Number of updated asset objects reloaded before import = 0Number of asset objects unloaded after import = 3

========================================================================
Received Import Request.
  Time since last request: 0.945491 seconds.
  path: Assets/Art/Image (31) 1.png
  artifactKey: Guid(2850e55588f1dd249b1b49e1ad302f3d) Importer(815301076,1909f56bfc062723c751e8b465ee728b)
Start importing Assets/Art/Image (31) 1.png using Guid(2850e55588f1dd249b1b49e1ad302f3d) Importer(815301076,1909f56bfc062723c751e8b465ee728b) (PreviewImporter) -> (artifact id: '311d70e25f8803a576e10b0f6727c025') in 0.0197882 seconds
Number of updated asset objects reloaded before import = 0Number of asset objects unloaded after import = 3

========================================================================
Received Import Request.
  Time since last request: 0.000014 seconds.
  path: Assets/Art/Image (35) 1.png
  artifactKey: Guid(ad1f8abbd7e54564e8b16745252bd212) Importer(815301076,1909f56bfc062723c751e8b465ee728b)
Start importing Assets/Art/Image (35) 1.png using Guid(ad1f8abbd7e54564e8b16745252bd212) Importer(815301076,1909f56bfc062723c751e8b465ee728b) (PreviewImporter) -> (artifact id: '01d0e3e39ef4848ff020fd79435f4e46') in 0.01951 seconds
Number of updated asset objects reloaded before import = 0Number of asset objects unloaded after import = 3

========================================================================
Received Import Request.
  Time since last request: 0.000017 seconds.
  path: Assets/Art/Image (33) 1.png
  artifactKey: Guid(292dcc8d27f72fd428b3ff2c51023565) Importer(815301076,1909f56bfc062723c751e8b465ee728b)
Start importing Assets/Art/Image (33) 1.png using Guid(292dcc8d27f72fd428b3ff2c51023565) Importer(815301076,1909f56bfc062723c751e8b465ee728b) (PreviewImporter) -> (artifact id: '707cc9795c099d27a0fe8c39487d76cb') in 0.0203159 seconds
Number of updated asset objects reloaded before import = 0Number of asset objects unloaded after import = 3

========================================================================
Received Import Request.
  Time since last request: 0.000024 seconds.
  path: Assets/Art/Image (36) 1.png
  artifactKey: Guid(4f9c720149f10da4b8b81dd42508cacc) Importer(815301076,1909f56bfc062723c751e8b465ee728b)
Start importing Assets/Art/Image (36) 1.png using Guid(4f9c720149f10da4b8b81dd42508cacc) Importer(815301076,1909f56bfc062723c751e8b465ee728b) (PreviewImporter) -> (artifact id: '20c03600cbe86169eafd920bbacee42e') in 0.0215952 seconds
Number of updated asset objects reloaded before import = 0Number of asset objects unloaded after import = 3

========================================================================
Received Import Request.
  Time since last request: 1.373211 seconds.
  path: Assets/Art/Image (39) 1.png
  artifactKey: Guid(db60a8ce09d359245add818e72a863f7) Importer(815301076,1909f56bfc062723c751e8b465ee728b)
Start importing Assets/Art/Image (39) 1.png using Guid(db60a8ce09d359245add818e72a863f7) Importer(815301076,1909f56bfc062723c751e8b465ee728b) (PreviewImporter) -> (artifact id: '601ccc000d13656c8ec5a37d6fbf7d72') in 0.0226654 seconds
Number of updated asset objects reloaded before import = 0Number of asset objects unloaded after import = 3

========================================================================
Received Import Request.
  Time since last request: 0.000014 seconds.
  path: Assets/Art/Image (45) 1.png
  artifactKey: Guid(3e17cb354c5a408418e33c61631b2dc2) Importer(815301076,1909f56bfc062723c751e8b465ee728b)
Start importing Assets/Art/Image (45) 1.png using Guid(3e17cb354c5a408418e33c61631b2dc2) Importer(815301076,1909f56bfc062723c751e8b465ee728b) (PreviewImporter) -> (artifact id: 'ca6773d7ed04ed09fe81aabbd7ec2f20') in 0.0292555 seconds
Number of updated asset objects reloaded before import = 0Number of asset objects unloaded after import = 3

========================================================================
Received Import Request.
  Time since last request: 0.000020 seconds.
  path: Assets/Art/Image (43) 1.png
  artifactKey: Guid(3922e05f6ce9c4346a559a0015b672a6) Importer(815301076,1909f56bfc062723c751e8b465ee728b)
Start importing Assets/Art/Image (43) 1.png using Guid(3922e05f6ce9c4346a559a0015b672a6) Importer(815301076,1909f56bfc062723c751e8b465ee728b) (PreviewImporter) -> (artifact id: 'd65f19ec04afeafe08e63b192cef7c3f') in 0.0314466 seconds
Number of updated asset objects reloaded before import = 0Number of asset objects unloaded after import = 3

========================================================================
Received Import Request.
  Time since last request: 0.000017 seconds.
  path: Assets/Art/Image (46) 1.png
  artifactKey: Guid(48d43ae5345368f47b01cf9ad1252edd) Importer(815301076,1909f56bfc062723c751e8b465ee728b)
Start importing Assets/Art/Image (46) 1.png using Guid(48d43ae5345368f47b01cf9ad1252edd) Importer(815301076,1909f56bfc062723c751e8b465ee728b) (PreviewImporter) -> (artifact id: '2a880a9e9b205ceb8b527a889ba2c057') in 0.0276823 seconds
Number of updated asset objects reloaded before import = 0Number of asset objects unloaded after import = 3

========================================================================
Received Import Request.
  Time since last request: 0.000023 seconds.
  path: Assets/Art/Image (368).png
  artifactKey: Guid(4b4430f278e05e042b129dcf7b4581cd) Importer(815301076,1909f56bfc062723c751e8b465ee728b)
Start importing Assets/Art/Image (368).png using Guid(4b4430f278e05e042b129dcf7b4581cd) Importer(815301076,1909f56bfc062723c751e8b465ee728b) (PreviewImporter) -> (artifact id: '3a315d25b4568244cd71a28566ec1c40') in 0.0306346 seconds
Number of updated asset objects reloaded before import = 0Number of asset objects unloaded after import = 3

========================================================================
Received Import Request.
  Time since last request: 0.000012 seconds.
  path: Assets/Art/Image (542).png
  artifactKey: Guid(3feb8ad32e8ac3e47b98f94bac6faf65) Importer(815301076,1909f56bfc062723c751e8b465ee728b)
Start importing Assets/Art/Image (542).png using Guid(3feb8ad32e8ac3e47b98f94bac6faf65) Importer(815301076,1909f56bfc062723c751e8b465ee728b) (PreviewImporter) -> (artifact id: '1847e8a9c3bdbe01af0e62726c650098') in 0.0299256 seconds
Number of updated asset objects reloaded before import = 0Number of asset objects unloaded after import = 3

========================================================================
Received Import Request.
  Time since last request: 0.000020 seconds.
  path: Assets/Art/Image (660).png
  artifactKey: Guid(4bf81223b2414a5498bf26218cf2d46f) Importer(815301076,1909f56bfc062723c751e8b465ee728b)
Start importing Assets/Art/Image (660).png using Guid(4bf81223b2414a5498bf26218cf2d46f) Importer(815301076,1909f56bfc062723c751e8b465ee728b) (PreviewImporter) -> (artifact id: '5daf464feed62ac8fc9a1b720bc3ef41') in 0.0380065 seconds
Number of updated asset objects reloaded before import = 0Number of asset objects unloaded after import = 3

========================================================================
Received Import Request.
  Time since last request: 0.000025 seconds.
  path: Assets/Art/Image (985).png
  artifactKey: Guid(a8dc81f47b0fd6242b643fb38b73e9cf) Importer(815301076,1909f56bfc062723c751e8b465ee728b)
Start importing Assets/Art/Image (985).png using Guid(a8dc81f47b0fd6242b643fb38b73e9cf) Importer(815301076,1909f56bfc062723c751e8b465ee728b) (PreviewImporter) -> (artifact id: 'c7211c787d0a6f49c124cd2979666be2') in 0.0377507 seconds
Number of updated asset objects reloaded before import = 0Number of asset objects unloaded after import = 3

========================================================================
Received Import Request.
  Time since last request: 0.000013 seconds.
  path: Assets/Art/Image (851).png
  artifactKey: Guid(280cbd83c484eea4d95d588c853b9666) Importer(815301076,1909f56bfc062723c751e8b465ee728b)
Start importing Assets/Art/Image (851).png using Guid(280cbd83c484eea4d95d588c853b9666) Importer(815301076,1909f56bfc062723c751e8b465ee728b) (PreviewImporter) -> (artifact id: '8ba0a2b0d95f3c5185143a8eea003395') in 0.0298512 seconds
Number of updated asset objects reloaded before import = 0Number of asset objects unloaded after import = 3

========================================================================
Received Import Request.
  Time since last request: 0.000014 seconds.
  path: Assets/Art/Image (986).png
  artifactKey: Guid(19079597306963d4da6de3c7fc3502f3) Importer(815301076,1909f56bfc062723c751e8b465ee728b)
Start importing Assets/Art/Image (986).png using Guid(19079597306963d4da6de3c7fc3502f3) Importer(815301076,1909f56bfc062723c751e8b465ee728b) (PreviewImporter) -> (artifact id: 'b24db21247608f38a531eaea2d972290') in 0.0273222 seconds
Number of updated asset objects reloaded before import = 0Number of asset objects unloaded after import = 3

========================================================================
Received Import Request.
  Time since last request: 0.000012 seconds.
  path: Assets/Art/Image (987).png
  artifactKey: Guid(45724ae8abb9de74bb6336c659583857) Importer(815301076,1909f56bfc062723c751e8b465ee728b)
Start importing Assets/Art/Image (987).png using Guid(45724ae8abb9de74bb6336c659583857) Importer(815301076,1909f56bfc062723c751e8b465ee728b) (PreviewImporter) -> (artifact id: 'ea36a39ed618529c6045019721774323') in 0.0277584 seconds
Number of updated asset objects reloaded before import = 0Number of asset objects unloaded after import = 3

========================================================================
Received Import Request.
  Time since last request: 0.000016 seconds.
  path: Assets/Art/Image (645).png
  artifactKey: Guid(9fe1662b537e11c448c5bce35338cc3f) Importer(815301076,1909f56bfc062723c751e8b465ee728b)
Start importing Assets/Art/Image (645).png using Guid(9fe1662b537e11c448c5bce35338cc3f) Importer(815301076,1909f56bfc062723c751e8b465ee728b) (PreviewImporter) -> (artifact id: 'f5451778ad18115aeda69075c54e8270') in 0.0284061 seconds
Number of updated asset objects reloaded before import = 0Number of asset objects unloaded after import = 3

========================================================================
Received Import Request.
  Time since last request: 0.000022 seconds.
  path: Assets/Art/Image (994).png
  artifactKey: Guid(3482d17ed03ae2546a18be9dfbe135cf) Importer(815301076,1909f56bfc062723c751e8b465ee728b)
Start importing Assets/Art/Image (994).png using Guid(3482d17ed03ae2546a18be9dfbe135cf) Importer(815301076,1909f56bfc062723c751e8b465ee728b) (PreviewImporter) -> (artifact id: '39a1c6a399dedf2f9a12cda8fe0bd244') in 0.0243206 seconds
Number of updated asset objects reloaded before import = 0Number of asset objects unloaded after import = 3

========================================================================
Received Import Request.
  Time since last request: 0.000013 seconds.
  path: Assets/Art/Image (984).png
  artifactKey: Guid(f0af5c22c6bc5ed4da53024c8326635c) Importer(815301076,1909f56bfc062723c751e8b465ee728b)
Start importing Assets/Art/Image (984).png using Guid(f0af5c22c6bc5ed4da53024c8326635c) Importer(815301076,1909f56bfc062723c751e8b465ee728b) (PreviewImporter) -> (artifact id: 'b71cd1565983b207496153e408f411cb') in 0.0270968 seconds
Number of updated asset objects reloaded before import = 0Number of asset objects unloaded after import = 3

========================================================================
Received Import Request.
  Time since last request: 0.000013 seconds.
  path: Assets/Art/Image (376).png
  artifactKey: Guid(d975629f466f7bc47a4134d3c7bb8dd4) Importer(815301076,1909f56bfc062723c751e8b465ee728b)
Start importing Assets/Art/Image (376).png using Guid(d975629f466f7bc47a4134d3c7bb8dd4) Importer(815301076,1909f56bfc062723c751e8b465ee728b) (PreviewImporter) -> (artifact id: '9406d88567aa13920cd476271bd79704') in 0.0267795 seconds
Number of updated asset objects reloaded before import = 0Number of asset objects unloaded after import = 3

========================================================================
Received Import Request.
  Time since last request: 0.000015 seconds.
  path: Assets/Art/Image (978).png
  artifactKey: Guid(24604554b1f95cb44910ec5cbe3677ae) Importer(815301076,1909f56bfc062723c751e8b465ee728b)
Start importing Assets/Art/Image (978).png using Guid(24604554b1f95cb44910ec5cbe3677ae) Importer(815301076,1909f56bfc062723c751e8b465ee728b) (PreviewImporter) -> (artifact id: '632516bdf65dff715b3c795afcd403fa') in 0.0238999 seconds
Number of updated asset objects reloaded before import = 0Number of asset objects unloaded after import = 3

========================================================================
Received Import Request.
  Time since last request: 0.000014 seconds.
  path: Assets/Art/Image (533).png
  artifactKey: Guid(419d68bd38e69704b8dfded51a18c373) Importer(815301076,1909f56bfc062723c751e8b465ee728b)
Start importing Assets/Art/Image (533).png using Guid(419d68bd38e69704b8dfded51a18c373) Importer(815301076,1909f56bfc062723c751e8b465ee728b) (PreviewImporter) -> (artifact id: 'eeccdc9d3750c5a31e19f8b8418e872c') in 0.0220865 seconds
Number of updated asset objects reloaded before import = 0Number of asset objects unloaded after import = 3

========================================================================
Received Import Request.
  Time since last request: 0.000017 seconds.
  path: Assets/Art/Image (352).png
  artifactKey: Guid(1a5f34c334f148847bbadad659ffb412) Importer(815301076,1909f56bfc062723c751e8b465ee728b)
Start importing Assets/Art/Image (352).png using Guid(1a5f34c334f148847bbadad659ffb412) Importer(815301076,1909f56bfc062723c751e8b465ee728b) (PreviewImporter) -> (artifact id: '09c900a096de51d7c1e3b4595ac63ffa') in 0.0251273 seconds
Number of updated asset objects reloaded before import = 0Number of asset objects unloaded after import = 3

========================================================================
Received Import Request.
  Time since last request: 0.000035 seconds.
  path: Assets/Art/Image (1020).png
  artifactKey: Guid(cd8f8fbf7a0ede84babfee0f922e5fb1) Importer(815301076,1909f56bfc062723c751e8b465ee728b)
Start importing Assets/Art/Image (1020).png using Guid(cd8f8fbf7a0ede84babfee0f922e5fb1) Importer(815301076,1909f56bfc062723c751e8b465ee728b) (PreviewImporter) -> (artifact id: '25cc9526126cd05bc407e7a4790436b8') in 0.0322752 seconds
Number of updated asset objects reloaded before import = 0Number of asset objects unloaded after import = 3

========================================================================
Received Import Request.
  Time since last request: 0.000013 seconds.
  path: Assets/Art/Image (665).png
  artifactKey: Guid(c3b786c5c7eeb5647b3421ef1f0a53dc) Importer(815301076,1909f56bfc062723c751e8b465ee728b)
Start importing Assets/Art/Image (665).png using Guid(c3b786c5c7eeb5647b3421ef1f0a53dc) Importer(815301076,1909f56bfc062723c751e8b465ee728b) (PreviewImporter) -> (artifact id: 'fdf1377528cc14e52f38cc9ecd7f553c') in 0.0262801 seconds
Number of updated asset objects reloaded before import = 0Number of asset objects unloaded after import = 3

========================================================================
Received Import Request.
  Time since last request: 0.000019 seconds.
  path: Assets/Art/Image (1015).png
  artifactKey: Guid(f5a028e138bb7164aab3ca84d264408b) Importer(815301076,1909f56bfc062723c751e8b465ee728b)
Start importing Assets/Art/Image (1015).png using Guid(f5a028e138bb7164aab3ca84d264408b) Importer(815301076,1909f56bfc062723c751e8b465ee728b) (PreviewImporter) -> (artifact id: 'ad2a7461e8cc4ab2c7ab731f371fbdba') in 0.0262419 seconds
Number of updated asset objects reloaded before import = 0Number of asset objects unloaded after import = 3

========================================================================
Received Import Request.
  Time since last request: 0.000013 seconds.
  path: Assets/Art/Image (536).png
  artifactKey: Guid(8bb49d5b698f8614184fc2cdd6fcee59) Importer(815301076,1909f56bfc062723c751e8b465ee728b)
Start importing Assets/Art/Image (536).png using Guid(8bb49d5b698f8614184fc2cdd6fcee59) Importer(815301076,1909f56bfc062723c751e8b465ee728b) (PreviewImporter) -> (artifact id: 'cc49c52b05aecd79719ae6e63d24198c') in 0.0225585 seconds
Number of updated asset objects reloaded before import = 0Number of asset objects unloaded after import = 3

========================================================================
Received Import Request.
  Time since last request: 0.000016 seconds.
  path: Assets/Art/Image (975).png
  artifactKey: Guid(2201629e749fac6409a02ea1169426c9) Importer(815301076,1909f56bfc062723c751e8b465ee728b)
Start importing Assets/Art/Image (975).png using Guid(2201629e749fac6409a02ea1169426c9) Importer(815301076,1909f56bfc062723c751e8b465ee728b) (PreviewImporter) -> (artifact id: '5db8268236b86fe5005e04cb62782562') in 0.0272425 seconds
Number of updated asset objects reloaded before import = 0Number of asset objects unloaded after import = 3

========================================================================
Received Import Request.
  Time since last request: 0.000033 seconds.
  path: Assets/Art/Image (530).png
  artifactKey: Guid(7981c1070f437164e84dc3e0f5420e68) Importer(815301076,1909f56bfc062723c751e8b465ee728b)
Start importing Assets/Art/Image (530).png using Guid(7981c1070f437164e84dc3e0f5420e68) Importer(815301076,1909f56bfc062723c751e8b465ee728b) (PreviewImporter) -> (artifact id: '34cb8397e992f17f43bf64033595f272') in 0.0304741 seconds
Number of updated asset objects reloaded before import = 0Number of asset objects unloaded after import = 3

========================================================================
Received Import Request.
  Time since last request: 0.000018 seconds.
  path: Assets/Art/Image (365).png
  artifactKey: Guid(2415a36b1545bc24396bcb38956ceebe) Importer(815301076,1909f56bfc062723c751e8b465ee728b)
Start importing Assets/Art/Image (365).png using Guid(2415a36b1545bc24396bcb38956ceebe) Importer(815301076,1909f56bfc062723c751e8b465ee728b) (PreviewImporter) -> (artifact id: 'd6cebdbdad88bfdabc13f05dd1f83f8d') in 0.024511 seconds
Number of updated asset objects reloaded before import = 0Number of asset objects unloaded after import = 3

========================================================================
Received Import Request.
  Time since last request: 0.000029 seconds.
  path: Assets/Art/Image (973).png
  artifactKey: Guid(070112d2579800246885026e725f5a05) Importer(815301076,1909f56bfc062723c751e8b465ee728b)
Start importing Assets/Art/Image (973).png using Guid(070112d2579800246885026e725f5a05) Importer(815301076,1909f56bfc062723c751e8b465ee728b) (PreviewImporter) -> (artifact id: '766ab406a1fa977573d0254eaa5c0bc3') in 0.0235742 seconds
Number of updated asset objects reloaded before import = 0Number of asset objects unloaded after import = 3

========================================================================
Received Import Request.
  Time since last request: 0.000018 seconds.
  path: Assets/Art/Image (656).png
  artifactKey: Guid(756c0a1ef4774c84ea5723395f92af41) Importer(815301076,1909f56bfc062723c751e8b465ee728b)
Start importing Assets/Art/Image (656).png using Guid(756c0a1ef4774c84ea5723395f92af41) Importer(815301076,1909f56bfc062723c751e8b465ee728b) (PreviewImporter) -> (artifact id: '96a355c4c48fa4e373621dab5293a6cc') in 0.0237082 seconds
Number of updated asset objects reloaded before import = 0Number of asset objects unloaded after import = 3

========================================================================
Received Import Request.
  Time since last request: 0.000022 seconds.
  path: Assets/Art/Image (364).png
  artifactKey: Guid(9f8464b018cb2734591f6ab7ac67d5e3) Importer(815301076,1909f56bfc062723c751e8b465ee728b)
Start importing Assets/Art/Image (364).png using Guid(9f8464b018cb2734591f6ab7ac67d5e3) Importer(815301076,1909f56bfc062723c751e8b465ee728b) (PreviewImporter) -> (artifact id: '2e818e1d133aa4807c24cfb98e3fd678') in 0.0235272 seconds
Number of updated asset objects reloaded before import = 0Number of asset objects unloaded after import = 3

========================================================================
Received Import Request.
  Time since last request: 0.000029 seconds.
  path: Assets/Art/Image (535).png
  artifactKey: Guid(7bc6cd318356f3640ab71f3c5121d3d4) Importer(815301076,1909f56bfc062723c751e8b465ee728b)
Start importing Assets/Art/Image (535).png using Guid(7bc6cd318356f3640ab71f3c5121d3d4) Importer(815301076,1909f56bfc062723c751e8b465ee728b) (PreviewImporter) -> (artifact id: 'f98d480932c4825cb33b0d4d5edbfeac') in 0.0252037 seconds
Number of updated asset objects reloaded before import = 0Number of asset objects unloaded after import = 3

========================================================================
Received Import Request.
  Time since last request: 0.000014 seconds.
  path: Assets/Art/Image (1018).png
  artifactKey: Guid(d842fa22057ab1d4c8f103dccb2f15d0) Importer(815301076,1909f56bfc062723c751e8b465ee728b)
Start importing Assets/Art/Image (1018).png using Guid(d842fa22057ab1d4c8f103dccb2f15d0) Importer(815301076,1909f56bfc062723c751e8b465ee728b) (PreviewImporter) -> (artifact id: 'ee2e265721f5fd63f6b4638f16e46e2a') in 0.0206993 seconds
Number of updated asset objects reloaded before import = 0Number of asset objects unloaded after import = 3

========================================================================
Received Import Request.
  Time since last request: 0.000024 seconds.
  path: Assets/Art/Image (370).png
  artifactKey: Guid(1f6614ab69cbdcc429435921514d7b31) Importer(815301076,1909f56bfc062723c751e8b465ee728b)
Start importing Assets/Art/Image (370).png using Guid(1f6614ab69cbdcc429435921514d7b31) Importer(815301076,1909f56bfc062723c751e8b465ee728b) (PreviewImporter) -> (artifact id: '03eb56883c3bc73d2f88986fe21ba456') in 0.0238795 seconds
Number of updated asset objects reloaded before import = 0Number of asset objects unloaded after import = 3

========================================================================
Received Import Request.
  Time since last request: 0.000019 seconds.
  path: Assets/Art/Image (522).png
  artifactKey: Guid(c9c56e8e4b0464040a7c04fcedd70958) Importer(815301076,1909f56bfc062723c751e8b465ee728b)
Start importing Assets/Art/Image (522).png using Guid(c9c56e8e4b0464040a7c04fcedd70958) Importer(815301076,1909f56bfc062723c751e8b465ee728b) (PreviewImporter) -> (artifact id: '6977cc37efb6c47456c7f10e7c294190') in 0.0238503 seconds
Number of updated asset objects reloaded before import = 0Number of asset objects unloaded after import = 3

========================================================================
Received Import Request.
  Time since last request: 0.000021 seconds.
  path: Assets/Art/Image (372).png
  artifactKey: Guid(b09fb250b11d553429a6646f5f92d52c) Importer(815301076,1909f56bfc062723c751e8b465ee728b)
Start importing Assets/Art/Image (372).png using Guid(b09fb250b11d553429a6646f5f92d52c) Importer(815301076,1909f56bfc062723c751e8b465ee728b) (PreviewImporter) -> (artifact id: 'b6c49ce05705e28e859a24b893bbefae') in 0.0230978 seconds
Number of updated asset objects reloaded before import = 0Number of asset objects unloaded after import = 3

========================================================================
Received Import Request.
  Time since last request: 0.000022 seconds.
  path: Assets/Art/Image (545).png
  artifactKey: Guid(f921995b9c909654d90648c3d7c18e4e) Importer(815301076,1909f56bfc062723c751e8b465ee728b)
Start importing Assets/Art/Image (545).png using Guid(f921995b9c909654d90648c3d7c18e4e) Importer(815301076,1909f56bfc062723c751e8b465ee728b) (PreviewImporter) -> (artifact id: '1ea4c8a8e452fc97cb308e8f34cb467c') in 0.0240654 seconds
Number of updated asset objects reloaded before import = 0Number of asset objects unloaded after import = 3

========================================================================
Received Import Request.
  Time since last request: 0.000028 seconds.
  path: Assets/Art/Image (1000).png
  artifactKey: Guid(e2ac5c2f8878b454abdaa488799263dc) Importer(815301076,1909f56bfc062723c751e8b465ee728b)
Start importing Assets/Art/Image (1000).png using Guid(e2ac5c2f8878b454abdaa488799263dc) Importer(815301076,1909f56bfc062723c751e8b465ee728b) (PreviewImporter) -> (artifact id: '22a217504b7a3ee4bab7082883ad7575') in 0.020185 seconds
Number of updated asset objects reloaded before import = 0Number of asset objects unloaded after import = 3

========================================================================
Received Import Request.
  Time since last request: 526.784859 seconds.
  path: Assets/Art/Image (1025).png
  artifactKey: Guid(168326e58c1af3b4ebe34c9944bda810) Importer(815301076,1909f56bfc062723c751e8b465ee728b)
Start importing Assets/Art/Image (1025).png using Guid(168326e58c1af3b4ebe34c9944bda810) Importer(815301076,1909f56bfc062723c751e8b465ee728b) (PreviewImporter) -> (artifact id: 'e88edbfccfec7e0afee1db4f560aecbb') in 0.0500415 seconds
Number of updated asset objects reloaded before import = 0Number of asset objects unloaded after import = 3

========================================================================
Received Import Request.
  Time since last request: 0.000022 seconds.
  path: Assets/Art/Image (1030).png
  artifactKey: Guid(0a04696a25e39ce45bd0c2a7042e429a) Importer(815301076,1909f56bfc062723c751e8b465ee728b)
Start importing Assets/Art/Image (1030).png using Guid(0a04696a25e39ce45bd0c2a7042e429a) Importer(815301076,1909f56bfc062723c751e8b465ee728b) (PreviewImporter) -> (artifact id: '9ed1f6a146bf0b8d6113ec33cdeee569') in 0.0457919 seconds
Number of updated asset objects reloaded before import = 0Number of asset objects unloaded after import = 3

========================================================================
Received Import Request.
  Time since last request: 0.000026 seconds.
  path: Assets/Art/Image (1029).png
  artifactKey: Guid(6ed664d6db5bb9141910d570c2a518ce) Importer(815301076,1909f56bfc062723c751e8b465ee728b)
Start importing Assets/Art/Image (1029).png using Guid(6ed664d6db5bb9141910d570c2a518ce) Importer(815301076,1909f56bfc062723c751e8b465ee728b) (PreviewImporter) -> (artifact id: '6fff906fba4db5e555f04f3634392d42') in 0.0371328 seconds
Number of updated asset objects reloaded before import = 0Number of asset objects unloaded after import = 3

========================================================================
Received Import Request.
  Time since last request: 6.512359 seconds.
  path: Assets/Art/Image (966).png
  artifactKey: Guid(ce9d741f5bef9a548b434fc994c0f7bf) Importer(815301076,1909f56bfc062723c751e8b465ee728b)
Start importing Assets/Art/Image (966).png using Guid(ce9d741f5bef9a548b434fc994c0f7bf) Importer(815301076,1909f56bfc062723c751e8b465ee728b) (PreviewImporter) -> (artifact id: '020bf7208316b4c7e5adae40884f653d') in 0.031313 seconds
Number of updated asset objects reloaded before import = 0Number of asset objects unloaded after import = 3

========================================================================
Received Import Request.
  Time since last request: 0.000017 seconds.
  path: Assets/Art/Image (963).png
  artifactKey: Guid(f1eaa96a5549b994a80197720f12e380) Importer(815301076,1909f56bfc062723c751e8b465ee728b)
Start importing Assets/Art/Image (963).png using Guid(f1eaa96a5549b994a80197720f12e380) Importer(815301076,1909f56bfc062723c751e8b465ee728b) (PreviewImporter) -> (artifact id: '5a24aa4a4145532ecfe104ed1e56d95b') in 0.0608449 seconds
Number of updated asset objects reloaded before import = 0Number of asset objects unloaded after import = 3

========================================================================
Received Import Request.
  Time since last request: 0.000025 seconds.
  path: Assets/Art/Image (956).png
  artifactKey: Guid(c5af0913441bf3144b9ee08517c1705f) Importer(815301076,1909f56bfc062723c751e8b465ee728b)
Start importing Assets/Art/Image (956).png using Guid(c5af0913441bf3144b9ee08517c1705f) Importer(815301076,1909f56bfc062723c751e8b465ee728b) (PreviewImporter) -> (artifact id: '17ffce889b1d4ec7775a7cc8e1943dd2') in 0.0596423 seconds
Number of updated asset objects reloaded before import = 0Number of asset objects unloaded after import = 3

========================================================================
Received Import Request.
  Time since last request: 0.000036 seconds.
  path: Assets/Art/Image (960).png
  artifactKey: Guid(eb851a74851c5624e924872131d1fece) Importer(815301076,1909f56bfc062723c751e8b465ee728b)
Start importing Assets/Art/Image (960).png using Guid(eb851a74851c5624e924872131d1fece) Importer(815301076,1909f56bfc062723c751e8b465ee728b) (PreviewImporter) -> (artifact id: '094083146efb386e674cee0aac97c56c') in 0.0384062 seconds
Number of updated asset objects reloaded before import = 0Number of asset objects unloaded after import = 3

========================================================================
Received Import Request.
  Time since last request: 0.000020 seconds.
  path: Assets/Art/Image (936).png
  artifactKey: Guid(c36af114bd93ad54cbe2c1f215c21670) Importer(815301076,1909f56bfc062723c751e8b465ee728b)
Start importing Assets/Art/Image (936).png using Guid(c36af114bd93ad54cbe2c1f215c21670) Importer(815301076,1909f56bfc062723c751e8b465ee728b) (PreviewImporter) -> (artifact id: '2fe2693f51ec527b76ed237ef18a66d0') in 0.0359743 seconds
Number of updated asset objects reloaded before import = 0Number of asset objects unloaded after import = 3

========================================================================
Received Import Request.
  Time since last request: 0.000013 seconds.
  path: Assets/Art/Image (928).png
  artifactKey: Guid(e3a152e2eece0a244a42dd6b99800150) Importer(815301076,1909f56bfc062723c751e8b465ee728b)
Start importing Assets/Art/Image (928).png using Guid(e3a152e2eece0a244a42dd6b99800150) Importer(815301076,1909f56bfc062723c751e8b465ee728b) (PreviewImporter) -> (artifact id: '6c86dbbf5f36ff9aca4c2095a17205b2') in 0.0532378 seconds
Number of updated asset objects reloaded before import = 0Number of asset objects unloaded after import = 3

========================================================================
Received Import Request.
  Time since last request: 0.000014 seconds.
  path: Assets/Art/Image (923).png
  artifactKey: Guid(74e2b2d97fd53954a88d8e1a88e5a2bc) Importer(815301076,1909f56bfc062723c751e8b465ee728b)
Start importing Assets/Art/Image (923).png using Guid(74e2b2d97fd53954a88d8e1a88e5a2bc) Importer(815301076,1909f56bfc062723c751e8b465ee728b) (PreviewImporter) -> (artifact id: 'b3b936185686ba98453a54c7b0cd7aa5') in 0.0299227 seconds
Number of updated asset objects reloaded before import = 0Number of asset objects unloaded after import = 3

========================================================================
Received Import Request.
  Time since last request: 0.000026 seconds.
  path: Assets/Art/Image (922).png
  artifactKey: Guid(eb45f89c0764b5647a632b13c6b63667) Importer(815301076,1909f56bfc062723c751e8b465ee728b)
Start importing Assets/Art/Image (922).png using Guid(eb45f89c0764b5647a632b13c6b63667) Importer(815301076,1909f56bfc062723c751e8b465ee728b) (PreviewImporter) -> (artifact id: '0fed5ac906b692d15a41440690ed2fd8') in 0.0246462 seconds
Number of updated asset objects reloaded before import = 0Number of asset objects unloaded after import = 3

========================================================================
Received Import Request.
  Time since last request: 0.000020 seconds.
  path: Assets/Art/Image (934).png
  artifactKey: Guid(cb351989ec047854a87b36484541fc36) Importer(815301076,1909f56bfc062723c751e8b465ee728b)
Start importing Assets/Art/Image (934).png using Guid(cb351989ec047854a87b36484541fc36) Importer(815301076,1909f56bfc062723c751e8b465ee728b) (PreviewImporter) -> (artifact id: 'eabee7fd9bd1ca693ae712d198b69d3a') in 0.0220425 seconds
Number of updated asset objects reloaded before import = 0Number of asset objects unloaded after import = 3

========================================================================
Received Import Request.
  Time since last request: 0.000016 seconds.
  path: Assets/Art/Image (935).png
  artifactKey: Guid(10398327e225fca4fbbeb186e724ae1e) Importer(815301076,1909f56bfc062723c751e8b465ee728b)
Start importing Assets/Art/Image (935).png using Guid(10398327e225fca4fbbeb186e724ae1e) Importer(815301076,1909f56bfc062723c751e8b465ee728b) (PreviewImporter) -> (artifact id: 'a82fd4fb94070ec6094ca0f1f8443c01') in 0.0238605 seconds
Number of updated asset objects reloaded before import = 0Number of asset objects unloaded after import = 3

========================================================================
Received Import Request.
  Time since last request: 0.000014 seconds.
  path: Assets/Art/Image (952).png
  artifactKey: Guid(070feb98c98af82489a52612a2085251) Importer(815301076,1909f56bfc062723c751e8b465ee728b)
Start importing Assets/Art/Image (952).png using Guid(070feb98c98af82489a52612a2085251) Importer(815301076,1909f56bfc062723c751e8b465ee728b) (PreviewImporter) -> (artifact id: '8324c8469b5507d1ddfd7567f2e4bfee') in 0.0242358 seconds
Number of updated asset objects reloaded before import = 0Number of asset objects unloaded after import = 3

========================================================================
Received Import Request.
  Time since last request: 0.000021 seconds.
  path: Assets/Art/Image (954).png
  artifactKey: Guid(3bf5b2918a2f91947aeec3d655eff1fe) Importer(815301076,1909f56bfc062723c751e8b465ee728b)
Start importing Assets/Art/Image (954).png using Guid(3bf5b2918a2f91947aeec3d655eff1fe) Importer(815301076,1909f56bfc062723c751e8b465ee728b) (PreviewImporter) -> (artifact id: 'd34b91891cac32edcfcab5038f8d6c23') in 0.0223512 seconds
Number of updated asset objects reloaded before import = 0Number of asset objects unloaded after import = 3

========================================================================
Received Import Request.
  Time since last request: 0.732927 seconds.
  path: Assets/Art/Image (916).png
  artifactKey: Guid(975131e73015fb74f98fc469f1b7889b) Importer(815301076,1909f56bfc062723c751e8b465ee728b)
Start importing Assets/Art/Image (916).png using Guid(975131e73015fb74f98fc469f1b7889b) Importer(815301076,1909f56bfc062723c751e8b465ee728b) (PreviewImporter) -> (artifact id: '62bff7f27c199f5d825ca646250f9d33') in 0.0240911 seconds
Number of updated asset objects reloaded before import = 0Number of asset objects unloaded after import = 3

========================================================================
Received Import Request.
  Time since last request: 0.000012 seconds.
  path: Assets/Art/Image (920).png
  artifactKey: Guid(22ab87b7f64871042b8af42e5f5f8599) Importer(815301076,1909f56bfc062723c751e8b465ee728b)
Start importing Assets/Art/Image (920).png using Guid(22ab87b7f64871042b8af42e5f5f8599) Importer(815301076,1909f56bfc062723c751e8b465ee728b) (PreviewImporter) -> (artifact id: 'cb67e591106edc7633e6e8688e3e0179') in 0.0303002 seconds
Number of updated asset objects reloaded before import = 0Number of asset objects unloaded after import = 3

========================================================================
Received Import Request.
  Time since last request: 0.000033 seconds.
  path: Assets/Art/Image (769).png
  artifactKey: Guid(8ff252757185884489013ac7599bf984) Importer(815301076,1909f56bfc062723c751e8b465ee728b)
Start importing Assets/Art/Image (769).png using Guid(8ff252757185884489013ac7599bf984) Importer(815301076,1909f56bfc062723c751e8b465ee728b) (PreviewImporter) -> (artifact id: '6556245b1633654bfecaf36b8ca4f104') in 0.0280799 seconds
Number of updated asset objects reloaded before import = 0Number of asset objects unloaded after import = 3

========================================================================
Received Import Request.
  Time since last request: 0.000024 seconds.
  path: Assets/Art/Image (783).png
  artifactKey: Guid(02ccbbc53aa68bb448223e288caf6fb4) Importer(815301076,1909f56bfc062723c751e8b465ee728b)
Start importing Assets/Art/Image (783).png using Guid(02ccbbc53aa68bb448223e288caf6fb4) Importer(815301076,1909f56bfc062723c751e8b465ee728b) (PreviewImporter) -> (artifact id: 'be33c0827b890191e5383cef491ceed3') in 0.0230797 seconds
Number of updated asset objects reloaded before import = 0Number of asset objects unloaded after import = 3

========================================================================
Received Import Request.
  Time since last request: 0.000014 seconds.
  path: Assets/Art/Image (676).png
  artifactKey: Guid(76a64ed669dc8dc458a3cade3ee72d63) Importer(815301076,1909f56bfc062723c751e8b465ee728b)
Start importing Assets/Art/Image (676).png using Guid(76a64ed669dc8dc458a3cade3ee72d63) Importer(815301076,1909f56bfc062723c751e8b465ee728b) (PreviewImporter) -> (artifact id: 'e2ebbe7fa0df03e146ce2df57139e893') in 0.0216103 seconds
Number of updated asset objects reloaded before import = 0Number of asset objects unloaded after import = 3

========================================================================
Received Import Request.
  Time since last request: 0.000012 seconds.
  path: Assets/Art/Image (402).png
  artifactKey: Guid(6087a57d43c38f143aac563cc98619d3) Importer(815301076,1909f56bfc062723c751e8b465ee728b)
Start importing Assets/Art/Image (402).png using Guid(6087a57d43c38f143aac563cc98619d3) Importer(815301076,1909f56bfc062723c751e8b465ee728b) (PreviewImporter) -> (artifact id: '84911a5ffc588d8c5760579a8ce6fab0') in 0.0245576 seconds
Number of updated asset objects reloaded before import = 0Number of asset objects unloaded after import = 3

========================================================================
Received Import Request.
  Time since last request: 0.000017 seconds.
  path: Assets/Art/Image (401).png
  artifactKey: Guid(aecfc8e5ebe951b45bc01b7142c00836) Importer(815301076,1909f56bfc062723c751e8b465ee728b)
Start importing Assets/Art/Image (401).png using Guid(aecfc8e5ebe951b45bc01b7142c00836) Importer(815301076,1909f56bfc062723c751e8b465ee728b) (PreviewImporter) -> (artifact id: 'f8f7c489358edb1512d613dff5262557') in 0.0264153 seconds
Number of updated asset objects reloaded before import = 0Number of asset objects unloaded after import = 3

========================================================================
Received Import Request.
  Time since last request: 0.000019 seconds.
  path: Assets/Art/Image (846).png
  artifactKey: Guid(5c32f0d9a302b15459c99ab8da4c7d96) Importer(815301076,1909f56bfc062723c751e8b465ee728b)
Start importing Assets/Art/Image (846).png using Guid(5c32f0d9a302b15459c99ab8da4c7d96) Importer(815301076,1909f56bfc062723c751e8b465ee728b) (PreviewImporter) -> (artifact id: '67c8322b276977b5799e60430b0c44d9') in 0.0336444 seconds
Number of updated asset objects reloaded before import = 0Number of asset objects unloaded after import = 3

========================================================================
Received Import Request.
  Time since last request: 0.000020 seconds.
  path: Assets/Art/Image (772).png
  artifactKey: Guid(7feb2fbb0025bd24590d0f2040320aa8) Importer(815301076,1909f56bfc062723c751e8b465ee728b)
Start importing Assets/Art/Image (772).png using Guid(7feb2fbb0025bd24590d0f2040320aa8) Importer(815301076,1909f56bfc062723c751e8b465ee728b) (PreviewImporter) -> (artifact id: 'bd4876f92dd6d90c95cb0d741f118541') in 0.0269036 seconds
Number of updated asset objects reloaded before import = 0Number of asset objects unloaded after import = 3

========================================================================
Received Import Request.
  Time since last request: 0.000028 seconds.
  path: Assets/Art/Image (793).png
  artifactKey: Guid(0b6b051a8f214c14da5ede4195e25bd7) Importer(815301076,1909f56bfc062723c751e8b465ee728b)
Start importing Assets/Art/Image (793).png using Guid(0b6b051a8f214c14da5ede4195e25bd7) Importer(815301076,1909f56bfc062723c751e8b465ee728b) (PreviewImporter) -> (artifact id: '10ad6bb77c03fe285ae7dc61db72b62a') in 0.0291578 seconds
Number of updated asset objects reloaded before import = 0Number of asset objects unloaded after import = 3

========================================================================
Received Import Request.
  Time since last request: 0.000023 seconds.
  path: Assets/Art/Image (775).png
  artifactKey: Guid(aacff322cc2d63d41aca412318cce9bd) Importer(815301076,1909f56bfc062723c751e8b465ee728b)
Start importing Assets/Art/Image (775).png using Guid(aacff322cc2d63d41aca412318cce9bd) Importer(815301076,1909f56bfc062723c751e8b465ee728b) (PreviewImporter) -> (artifact id: '0e20c7e6b3a6575ec5b37aceb93c01fe') in 0.0261473 seconds
Number of updated asset objects reloaded before import = 0Number of asset objects unloaded after import = 3

========================================================================
Received Import Request.
  Time since last request: 0.000019 seconds.
  path: Assets/Art/Image (768).png
  artifactKey: Guid(dbb5d8aefcc892f4f8a9caf9146b9102) Importer(815301076,1909f56bfc062723c751e8b465ee728b)
Start importing Assets/Art/Image (768).png using Guid(dbb5d8aefcc892f4f8a9caf9146b9102) Importer(815301076,1909f56bfc062723c751e8b465ee728b) (PreviewImporter) -> (artifact id: 'a0de9f45fd20e18d0a769c5bcf17d384') in 0.0227552 seconds
Number of updated asset objects reloaded before import = 0Number of asset objects unloaded after import = 3

========================================================================
Received Import Request.
  Time since last request: 0.000016 seconds.
  path: Assets/Art/Image (779).png
  artifactKey: Guid(ed354cd27983a14408d8381e5cd188b5) Importer(815301076,1909f56bfc062723c751e8b465ee728b)
Start importing Assets/Art/Image (779).png using Guid(ed354cd27983a14408d8381e5cd188b5) Importer(815301076,1909f56bfc062723c751e8b465ee728b) (PreviewImporter) -> (artifact id: '7cdadbe7a9870cbe39b87f6a30db85cf') in 0.023122 seconds
Number of updated asset objects reloaded before import = 0Number of asset objects unloaded after import = 3

========================================================================
Received Import Request.
  Time since last request: 0.000019 seconds.
  path: Assets/Art/Image (787).png
  artifactKey: Guid(730ae4f22886a784d8e2efc6f0cfdcb0) Importer(815301076,1909f56bfc062723c751e8b465ee728b)
Start importing Assets/Art/Image (787).png using Guid(730ae4f22886a784d8e2efc6f0cfdcb0) Importer(815301076,1909f56bfc062723c751e8b465ee728b) (PreviewImporter) -> (artifact id: '0ee988bcd8741d21f2d9ed2bc3c5d1ce') in 0.0225469 seconds
Number of updated asset objects reloaded before import = 0Number of asset objects unloaded after import = 3

========================================================================
Received Import Request.
  Time since last request: 0.000021 seconds.
  path: Assets/Art/Image (404).png
  artifactKey: Guid(9788fab66b366ab4ba676850441af4a4) Importer(815301076,1909f56bfc062723c751e8b465ee728b)
Start importing Assets/Art/Image (404).png using Guid(9788fab66b366ab4ba676850441af4a4) Importer(815301076,1909f56bfc062723c751e8b465ee728b) (PreviewImporter) -> (artifact id: 'a420b35608e77158fdfb057b455683e7') in 0.0249564 seconds
Number of updated asset objects reloaded before import = 0Number of asset objects unloaded after import = 3

========================================================================
Received Import Request.
  Time since last request: 0.000019 seconds.
  path: Assets/Art/Image (897).png
  artifactKey: Guid(7c6ad86ebcd3b7a4c954cc81dbc3c2d9) Importer(815301076,1909f56bfc062723c751e8b465ee728b)
Start importing Assets/Art/Image (897).png using Guid(7c6ad86ebcd3b7a4c954cc81dbc3c2d9) Importer(815301076,1909f56bfc062723c751e8b465ee728b) (PreviewImporter) -> (artifact id: '4b9c79bc3bcf2abeb12c6a1775091233') in 0.0234569 seconds
Number of updated asset objects reloaded before import = 0Number of asset objects unloaded after import = 3

========================================================================
Received Import Request.
  Time since last request: 0.000011 seconds.
  path: Assets/Art/Image (511).png
  artifactKey: Guid(0e0afe54ab63cd04e9afe4ba84457da4) Importer(815301076,1909f56bfc062723c751e8b465ee728b)
Start importing Assets/Art/Image (511).png using Guid(0e0afe54ab63cd04e9afe4ba84457da4) Importer(815301076,1909f56bfc062723c751e8b465ee728b) (PreviewImporter) -> (artifact id: '8a8c1756e38ed3599f2e94ffc9180763') in 0.0256287 seconds
Number of updated asset objects reloaded before import = 0Number of asset objects unloaded after import = 3

========================================================================
Received Import Request.
  Time since last request: 0.000019 seconds.
  path: Assets/Art/Image (786).png
  artifactKey: Guid(87d205ca91a3a954691efe3fb20db32d) Importer(815301076,1909f56bfc062723c751e8b465ee728b)
Start importing Assets/Art/Image (786).png using Guid(87d205ca91a3a954691efe3fb20db32d) Importer(815301076,1909f56bfc062723c751e8b465ee728b) (PreviewImporter) -> (artifact id: '04418062851c705a86d4902b3847677c') in 0.0263812 seconds
Number of updated asset objects reloaded before import = 0Number of asset objects unloaded after import = 3

========================================================================
Received Import Request.
  Time since last request: 0.000012 seconds.
  path: Assets/Art/Image (913).png
  artifactKey: Guid(21d194bba85c1364a87daf458fcf8888) Importer(815301076,1909f56bfc062723c751e8b465ee728b)
Start importing Assets/Art/Image (913).png using Guid(21d194bba85c1364a87daf458fcf8888) Importer(815301076,1909f56bfc062723c751e8b465ee728b) (PreviewImporter) -> (artifact id: 'ae896308c3cb54f443777bc89d5664a2') in 0.0234873 seconds
Number of updated asset objects reloaded before import = 0Number of asset objects unloaded after import = 3

========================================================================
Received Import Request.
  Time since last request: 0.000020 seconds.
  path: Assets/Art/Image (515).png
  artifactKey: Guid(b8e26cedd350f8843899037c6f2d04df) Importer(815301076,1909f56bfc062723c751e8b465ee728b)
Start importing Assets/Art/Image (515).png using Guid(b8e26cedd350f8843899037c6f2d04df) Importer(815301076,1909f56bfc062723c751e8b465ee728b) (PreviewImporter) -> (artifact id: '0b91eeaeb7725c815ad263ccb7f4bb89') in 0.0324223 seconds
Number of updated asset objects reloaded before import = 0Number of asset objects unloaded after import = 3

========================================================================
Received Import Request.
  Time since last request: 0.000023 seconds.
  path: Assets/Art/Image (675).png
  artifactKey: Guid(c4c3cd26d2d28ef419759ce308730dc1) Importer(815301076,1909f56bfc062723c751e8b465ee728b)
Start importing Assets/Art/Image (675).png using Guid(c4c3cd26d2d28ef419759ce308730dc1) Importer(815301076,1909f56bfc062723c751e8b465ee728b) (PreviewImporter) -> (artifact id: 'fb09c9da126fb9eafa5874236769eaa6') in 0.0239191 seconds
Number of updated asset objects reloaded before import = 0Number of asset objects unloaded after import = 3

========================================================================
Received Import Request.
  Time since last request: 0.000015 seconds.
  path: Assets/Art/Image (794).png
  artifactKey: Guid(e2b5b1e7036b0f843b8b8cf630a21557) Importer(815301076,1909f56bfc062723c751e8b465ee728b)
Start importing Assets/Art/Image (794).png using Guid(e2b5b1e7036b0f843b8b8cf630a21557) Importer(815301076,1909f56bfc062723c751e8b465ee728b) (PreviewImporter) -> (artifact id: '8e58e00005645b2be4c5b9f82b73c3f0') in 0.0232835 seconds
Number of updated asset objects reloaded before import = 0Number of asset objects unloaded after import = 3

========================================================================
Received Import Request.
  Time since last request: 0.000016 seconds.
  path: Assets/Art/Image (903).png
  artifactKey: Guid(1d4d35b8c40814d4ba836cb82713db68) Importer(815301076,1909f56bfc062723c751e8b465ee728b)
Start importing Assets/Art/Image (903).png using Guid(1d4d35b8c40814d4ba836cb82713db68) Importer(815301076,1909f56bfc062723c751e8b465ee728b) (PreviewImporter) -> (artifact id: 'acbcb144a493cbe8d4af0d3039d3339e') in 0.0270771 seconds
Number of updated asset objects reloaded before import = 0Number of asset objects unloaded after import = 3

========================================================================
Received Import Request.
  Time since last request: 0.000022 seconds.
  path: Assets/Art/Image (397).png
  artifactKey: Guid(b102fb125ca05fa40962d33bc3815a91) Importer(815301076,1909f56bfc062723c751e8b465ee728b)
Start importing Assets/Art/Image (397).png using Guid(b102fb125ca05fa40962d33bc3815a91) Importer(815301076,1909f56bfc062723c751e8b465ee728b) (PreviewImporter) -> (artifact id: 'd4500fd7112fe8520b0802087105f90a') in 0.0260823 seconds
Number of updated asset objects reloaded before import = 0Number of asset objects unloaded after import = 3

========================================================================
Received Import Request.
  Time since last request: 0.000013 seconds.
  path: Assets/Art/Image (915).png
  artifactKey: Guid(0963d7f733586b548915c452e65409be) Importer(815301076,1909f56bfc062723c751e8b465ee728b)
Start importing Assets/Art/Image (915).png using Guid(0963d7f733586b548915c452e65409be) Importer(815301076,1909f56bfc062723c751e8b465ee728b) (PreviewImporter) -> (artifact id: 'e04abcafafeb88869c85e52f7569be57') in 0.0230772 seconds
Number of updated asset objects reloaded before import = 0Number of asset objects unloaded after import = 3

========================================================================
Received Import Request.
  Time since last request: 0.000028 seconds.
  path: Assets/Art/Image (911).png
  artifactKey: Guid(a348a2d623a4a1b4db54a8d414b00765) Importer(815301076,1909f56bfc062723c751e8b465ee728b)
Start importing Assets/Art/Image (911).png using Guid(a348a2d623a4a1b4db54a8d414b00765) Importer(815301076,1909f56bfc062723c751e8b465ee728b) (PreviewImporter) -> (artifact id: 'f7c621dec1386d15df3ec143a654e379') in 0.0260801 seconds
Number of updated asset objects reloaded before import = 0Number of asset objects unloaded after import = 3

========================================================================
Received Import Request.
  Time since last request: 0.000045 seconds.
  path: Assets/Art/Image (774).png
  artifactKey: Guid(a72d492266a9e5241977f694cf293a9a) Importer(815301076,1909f56bfc062723c751e8b465ee728b)
Start importing Assets/Art/Image (774).png using Guid(a72d492266a9e5241977f694cf293a9a) Importer(815301076,1909f56bfc062723c751e8b465ee728b) (PreviewImporter) -> (artifact id: 'aca67c906fd74c4ba6096151da061fe5') in 0.0281687 seconds
Number of updated asset objects reloaded before import = 0Number of asset objects unloaded after import = 3

========================================================================
Received Import Request.
  Time since last request: 0.000018 seconds.
  path: Assets/Art/Image (400).png
  artifactKey: Guid(61cee14e5df8db14b9c480ed77060312) Importer(815301076,1909f56bfc062723c751e8b465ee728b)
Start importing Assets/Art/Image (400).png using Guid(61cee14e5df8db14b9c480ed77060312) Importer(815301076,1909f56bfc062723c751e8b465ee728b) (PreviewImporter) -> (artifact id: '2545507d3f7fd0b5e10d1912d207bc49') in 0.0357329 seconds
Number of updated asset objects reloaded before import = 0Number of asset objects unloaded after import = 3

========================================================================
Received Import Request.
  Time since last request: 0.000021 seconds.
  path: Assets/Art/Image (845).png
  artifactKey: Guid(ab2b57fee9b94074aadb0bcbd2fa6d40) Importer(815301076,1909f56bfc062723c751e8b465ee728b)
Start importing Assets/Art/Image (845).png using Guid(ab2b57fee9b94074aadb0bcbd2fa6d40) Importer(815301076,1909f56bfc062723c751e8b465ee728b) (PreviewImporter) -> (artifact id: '65b7fd87536b07fc3a485de9f8415650') in 0.0253008 seconds
Number of updated asset objects reloaded before import = 0Number of asset objects unloaded after import = 3

========================================================================
Received Import Request.
  Time since last request: 0.000014 seconds.
  path: Assets/Art/Image (406).png
  artifactKey: Guid(f39ebe0732a360343902ec60ff53f92e) Importer(815301076,1909f56bfc062723c751e8b465ee728b)
Start importing Assets/Art/Image (406).png using Guid(f39ebe0732a360343902ec60ff53f92e) Importer(815301076,1909f56bfc062723c751e8b465ee728b) (PreviewImporter) -> (artifact id: '7c7c2b0d4d6911a831730ece837104e8') in 0.0424597 seconds
Number of updated asset objects reloaded before import = 0Number of asset objects unloaded after import = 3

========================================================================
Received Import Request.
  Time since last request: 9.895383 seconds.
  path: Assets/Art/Image (301).png
  artifactKey: Guid(a16cc3d41cef45940b22db2c9bfc30f6) Importer(815301076,1909f56bfc062723c751e8b465ee728b)
Start importing Assets/Art/Image (301).png using Guid(a16cc3d41cef45940b22db2c9bfc30f6) Importer(815301076,1909f56bfc062723c751e8b465ee728b) (PreviewImporter) -> (artifact id: 'f50988a943b85f0adaf5969a3f853481') in 0.0688025 seconds
Number of updated asset objects reloaded before import = 0Number of asset objects unloaded after import = 3

========================================================================
Received Import Request.
  Time since last request: 0.000019 seconds.
  path: Assets/Art/Image (509).png
  artifactKey: Guid(c32bf2c713a8bae4c84dbbc0c594d3f2) Importer(815301076,1909f56bfc062723c751e8b465ee728b)
Start importing Assets/Art/Image (509).png using Guid(c32bf2c713a8bae4c84dbbc0c594d3f2) Importer(815301076,1909f56bfc062723c751e8b465ee728b) (PreviewImporter) -> (artifact id: '25fe7cd5f9ea851c321004b3c038020f') in 0.1141972 seconds
Number of updated asset objects reloaded before import = 0Number of asset objects unloaded after import = 3

========================================================================
Received Import Request.
  Time since last request: 0.000017 seconds.
  path: Assets/Art/Image (494).png
  artifactKey: Guid(bb92d7db08eb5384098467218249ab44) Importer(815301076,1909f56bfc062723c751e8b465ee728b)
Start importing Assets/Art/Image (494).png using Guid(bb92d7db08eb5384098467218249ab44) Importer(815301076,1909f56bfc062723c751e8b465ee728b) (PreviewImporter) -> (artifact id: '385f4352ca4b91c8be25ae2e56a34168') in 0.0424395 seconds
Number of updated asset objects reloaded before import = 0Number of asset objects unloaded after import = 3

========================================================================
Received Import Request.
  Time since last request: 0.000022 seconds.
  path: Assets/Art/Image (1099).png
  artifactKey: Guid(37bfdd684481d93449af31086ed2635e) Importer(815301076,1909f56bfc062723c751e8b465ee728b)
Start importing Assets/Art/Image (1099).png using Guid(37bfdd684481d93449af31086ed2635e) Importer(815301076,1909f56bfc062723c751e8b465ee728b) (PreviewImporter) -> (artifact id: '0824330adf959b8fe53fb18ad65dd72d') in 0.0267688 seconds
Number of updated asset objects reloaded before import = 0Number of asset objects unloaded after import = 3

========================================================================
Received Import Request.
  Time since last request: 0.000022 seconds.
  path: Assets/Art/Image (1244).png
  artifactKey: Guid(67e191e08e1ccdb4e96ad54b0a7e1061) Importer(815301076,1909f56bfc062723c751e8b465ee728b)
Start importing Assets/Art/Image (1244).png using Guid(67e191e08e1ccdb4e96ad54b0a7e1061) Importer(815301076,1909f56bfc062723c751e8b465ee728b) (PreviewImporter) -> (artifact id: '177a6185b09727d4c573cd5c1806edc3') in 0.0252855 seconds
Number of updated asset objects reloaded before import = 0Number of asset objects unloaded after import = 3

========================================================================
Received Import Request.
  Time since last request: 0.000021 seconds.
  path: Assets/Art/Image (1202).png
  artifactKey: Guid(5b0c0bdf316126542be63418e2f03385) Importer(815301076,1909f56bfc062723c751e8b465ee728b)
Start importing Assets/Art/Image (1202).png using Guid(5b0c0bdf316126542be63418e2f03385) Importer(815301076,1909f56bfc062723c751e8b465ee728b) (PreviewImporter) -> (artifact id: '56404560f63fbc8738f7c22244395b0a') in 0.0285951 seconds
Number of updated asset objects reloaded before import = 0Number of asset objects unloaded after import = 3

========================================================================
Received Import Request.
  Time since last request: 0.000015 seconds.
  path: Assets/Art/Image (314).png
  artifactKey: Guid(f9edd3990f0c5c949a0fa9b152792b9f) Importer(815301076,1909f56bfc062723c751e8b465ee728b)
Start importing Assets/Art/Image (314).png using Guid(f9edd3990f0c5c949a0fa9b152792b9f) Importer(815301076,1909f56bfc062723c751e8b465ee728b) (PreviewImporter) -> (artifact id: 'ea3a226e8b6bab31cb84565106c62f95') in 0.0250318 seconds
Number of updated asset objects reloaded before import = 0Number of asset objects unloaded after import = 3

========================================================================
Received Import Request.
  Time since last request: 0.000027 seconds.
  path: Assets/Art/Image (1097).png
  artifactKey: Guid(06b056a7bb9c59243b0aea5be0bae542) Importer(815301076,1909f56bfc062723c751e8b465ee728b)
Start importing Assets/Art/Image (1097).png using Guid(06b056a7bb9c59243b0aea5be0bae542) Importer(815301076,1909f56bfc062723c751e8b465ee728b) (PreviewImporter) -> (artifact id: '458e571b51cb34094174c1c112236540') in 0.0261571 seconds
Number of updated asset objects reloaded before import = 0Number of asset objects unloaded after import = 3

========================================================================
Received Import Request.
  Time since last request: 0.000016 seconds.
  path: Assets/Art/Image (498).png
  artifactKey: Guid(4f2b3e294f5fca444bcf450ed582aa8d) Importer(815301076,1909f56bfc062723c751e8b465ee728b)
Start importing Assets/Art/Image (498).png using Guid(4f2b3e294f5fca444bcf450ed582aa8d) Importer(815301076,1909f56bfc062723c751e8b465ee728b) (PreviewImporter) -> (artifact id: '051681c8065fe6abc298602c3bb771cd') in 0.0233386 seconds
Number of updated asset objects reloaded before import = 0Number of asset objects unloaded after import = 3

========================================================================
Received Import Request.
  Time since last request: 0.000020 seconds.
  path: Assets/Art/Image (1397).png
  artifactKey: Guid(b4b723b0cf9778343b73035649701021) Importer(815301076,1909f56bfc062723c751e8b465ee728b)
Start importing Assets/Art/Image (1397).png using Guid(b4b723b0cf9778343b73035649701021) Importer(815301076,1909f56bfc062723c751e8b465ee728b) (PreviewImporter) -> (artifact id: 'f8a6ce67a8ef4e08e0484c940dd3325e') in 0.0226936 seconds
Number of updated asset objects reloaded before import = 0Number of asset objects unloaded after import = 3

========================================================================
Received Import Request.
  Time since last request: 0.000013 seconds.
  path: Assets/Art/Image (1467).png
  artifactKey: Guid(64c4de3e5d9981945b95eaba8de5370d) Importer(815301076,1909f56bfc062723c751e8b465ee728b)
Start importing Assets/Art/Image (1467).png using Guid(64c4de3e5d9981945b95eaba8de5370d) Importer(815301076,1909f56bfc062723c751e8b465ee728b) (PreviewImporter) -> (artifact id: 'd6fd164cbd461dab013b5a7fab3b02cf') in 0.0232914 seconds
Number of updated asset objects reloaded before import = 0Number of asset objects unloaded after import = 3

========================================================================
Received Import Request.
  Time since last request: 0.000016 seconds.
  path: Assets/Art/Image (1478).png
  artifactKey: Guid(493957bf6f2a60149832a086a9f0969a) Importer(815301076,1909f56bfc062723c751e8b465ee728b)
Start importing Assets/Art/Image (1478).png using Guid(493957bf6f2a60149832a086a9f0969a) Importer(815301076,1909f56bfc062723c751e8b465ee728b) (PreviewImporter) -> (artifact id: 'b2cd823e92f097d28eddb1396d03a7ad') in 0.0225112 seconds
Number of updated asset objects reloaded before import = 0Number of asset objects unloaded after import = 3

========================================================================
Received Import Request.
  Time since last request: 0.000017 seconds.
  path: Assets/Art/Image (1196).png
  artifactKey: Guid(2a0a23bdf04bc864992fe24abc47ae27) Importer(815301076,1909f56bfc062723c751e8b465ee728b)
Start importing Assets/Art/Image (1196).png using Guid(2a0a23bdf04bc864992fe24abc47ae27) Importer(815301076,1909f56bfc062723c751e8b465ee728b) (PreviewImporter) -> (artifact id: '1e1b918e487ef80c8c9817cbbd9161d1') in 0.0227812 seconds
Number of updated asset objects reloaded before import = 0Number of asset objects unloaded after import = 3

========================================================================
Received Import Request.
  Time since last request: 0.000016 seconds.
  path: Assets/Art/Image (726).png
  artifactKey: Guid(3ffcbd4a3637af141a472122e189dad2) Importer(815301076,1909f56bfc062723c751e8b465ee728b)
Start importing Assets/Art/Image (726).png using Guid(3ffcbd4a3637af141a472122e189dad2) Importer(815301076,1909f56bfc062723c751e8b465ee728b) (PreviewImporter) -> (artifact id: '57117cea0626210d63cb42c96b25c813') in 0.0237306 seconds
Number of updated asset objects reloaded before import = 0Number of asset objects unloaded after import = 3

========================================================================
Received Import Request.
  Time since last request: 0.000017 seconds.
  path: Assets/Art/Image (1331).png
  artifactKey: Guid(552ad87f2686983429ec89619dd6d011) Importer(815301076,1909f56bfc062723c751e8b465ee728b)
Start importing Assets/Art/Image (1331).png using Guid(552ad87f2686983429ec89619dd6d011) Importer(815301076,1909f56bfc062723c751e8b465ee728b) (PreviewImporter) -> (artifact id: '5d7e93b86b4534287cb5261f589f735b') in 0.02456 seconds
Number of updated asset objects reloaded before import = 0Number of asset objects unloaded after import = 3

========================================================================
Received Import Request.
  Time since last request: 0.000030 seconds.
  path: Assets/Art/Image (1349).png
  artifactKey: Guid(d33f26d2d339ddb48a9b4d8bffccc403) Importer(815301076,1909f56bfc062723c751e8b465ee728b)
Start importing Assets/Art/Image (1349).png using Guid(d33f26d2d339ddb48a9b4d8bffccc403) Importer(815301076,1909f56bfc062723c751e8b465ee728b) (PreviewImporter) -> (artifact id: 'd3ba422c3c98c90516daaa8c1324abe8') in 0.0222739 seconds
Number of updated asset objects reloaded before import = 0Number of asset objects unloaded after import = 3

========================================================================
Received Import Request.
  Time since last request: 0.000026 seconds.
  path: Assets/Art/Image (1468).png
  artifactKey: Guid(f7faf2488a5b47f4f94513958f340f91) Importer(815301076,1909f56bfc062723c751e8b465ee728b)
Start importing Assets/Art/Image (1468).png using Guid(f7faf2488a5b47f4f94513958f340f91) Importer(815301076,1909f56bfc062723c751e8b465ee728b) (PreviewImporter) -> (artifact id: '035c3c4d722ac55a708c29e4fd05874c') in 0.0279679 seconds
Number of updated asset objects reloaded before import = 0Number of asset objects unloaded after import = 3

========================================================================
Received Import Request.
  Time since last request: 0.000015 seconds.
  path: Assets/Art/Image (312).png
  artifactKey: Guid(efb3213d1c890dd43a7454972efdcb51) Importer(815301076,1909f56bfc062723c751e8b465ee728b)
Start importing Assets/Art/Image (312).png using Guid(efb3213d1c890dd43a7454972efdcb51) Importer(815301076,1909f56bfc062723c751e8b465ee728b) (PreviewImporter) -> (artifact id: '660410908a75c38fc6f6906c1e931fb4') in 0.022848 seconds
Number of updated asset objects reloaded before import = 0Number of asset objects unloaded after import = 3

========================================================================
Received Import Request.
  Time since last request: 0.000014 seconds.
  path: Assets/Art/Image (1431).png
  artifactKey: Guid(aae17281bf16cfb4b92454761c1f1ded) Importer(815301076,1909f56bfc062723c751e8b465ee728b)
Start importing Assets/Art/Image (1431).png using Guid(aae17281bf16cfb4b92454761c1f1ded) Importer(815301076,1909f56bfc062723c751e8b465ee728b) (PreviewImporter) -> (artifact id: 'b785e2195751ddc4d018126e15273360') in 0.0225529 seconds
Number of updated asset objects reloaded before import = 0Number of asset objects unloaded after import = 3

========================================================================
Received Import Request.
  Time since last request: 0.000014 seconds.
  path: Assets/Art/Image (1286).png
  artifactKey: Guid(b57b3c09df8a7124a88d666cefa81f29) Importer(815301076,1909f56bfc062723c751e8b465ee728b)
Start importing Assets/Art/Image (1286).png using Guid(b57b3c09df8a7124a88d666cefa81f29) Importer(815301076,1909f56bfc062723c751e8b465ee728b) (PreviewImporter) -> (artifact id: 'ef6e2283608efcfc1b56303713a4a211') in 0.023031 seconds
Number of updated asset objects reloaded before import = 0Number of asset objects unloaded after import = 3

========================================================================
Received Import Request.
  Time since last request: 0.000020 seconds.
  path: Assets/Art/Image (1373).png
  artifactKey: Guid(18c52d3b980deef459c7b1788746f6fd) Importer(815301076,1909f56bfc062723c751e8b465ee728b)
Start importing Assets/Art/Image (1373).png using Guid(18c52d3b980deef459c7b1788746f6fd) Importer(815301076,1909f56bfc062723c751e8b465ee728b) (PreviewImporter) -> (artifact id: '5d10d779e89fa88a7e7241ceb7999683') in 0.0217051 seconds
Number of updated asset objects reloaded before import = 0Number of asset objects unloaded after import = 3

========================================================================
Received Import Request.
  Time since last request: 0.000029 seconds.
  path: Assets/Art/Image (1293).png
  artifactKey: Guid(c7c1e1e12cc55634cbf2b0ef08e1de45) Importer(815301076,1909f56bfc062723c751e8b465ee728b)
Start importing Assets/Art/Image (1293).png using Guid(c7c1e1e12cc55634cbf2b0ef08e1de45) Importer(815301076,1909f56bfc062723c751e8b465ee728b) (PreviewImporter) -> (artifact id: '8993ad756811e60546f365233ca29a63') in 0.0250604 seconds
Number of updated asset objects reloaded before import = 0Number of asset objects unloaded after import = 3

========================================================================
Received Import Request.
  Time since last request: 0.000019 seconds.
  path: Assets/Art/Image (1260).png
  artifactKey: Guid(486028628e381db4683a41d9faf7e82a) Importer(815301076,1909f56bfc062723c751e8b465ee728b)
Start importing Assets/Art/Image (1260).png using Guid(486028628e381db4683a41d9faf7e82a) Importer(815301076,1909f56bfc062723c751e8b465ee728b) (PreviewImporter) -> (artifact id: 'd656c01135c27b23be32434d10a0b9e5') in 0.0267191 seconds
Number of updated asset objects reloaded before import = 0Number of asset objects unloaded after import = 3

========================================================================
Received Import Request.
  Time since last request: 0.000025 seconds.
  path: Assets/Art/Image (1411).png
  artifactKey: Guid(e8cfbb106b86b6849808b1dec46f1024) Importer(815301076,1909f56bfc062723c751e8b465ee728b)
Start importing Assets/Art/Image (1411).png using Guid(e8cfbb106b86b6849808b1dec46f1024) Importer(815301076,1909f56bfc062723c751e8b465ee728b) (PreviewImporter) -> (artifact id: 'd955a4fe81533e0c1962d900b56d07e8') in 0.0279028 seconds
Number of updated asset objects reloaded before import = 0Number of asset objects unloaded after import = 3

========================================================================
Received Import Request.
  Time since last request: 0.000017 seconds.
  path: Assets/Art/Image (724).png
  artifactKey: Guid(a3a4a94abd8dea34f8f08b58deed76bc) Importer(815301076,1909f56bfc062723c751e8b465ee728b)
Start importing Assets/Art/Image (724).png using Guid(a3a4a94abd8dea34f8f08b58deed76bc) Importer(815301076,1909f56bfc062723c751e8b465ee728b) (PreviewImporter) -> (artifact id: '79976718c82e2f6c575b11cb3b395fcc') in 0.0226069 seconds
Number of updated asset objects reloaded before import = 0Number of asset objects unloaded after import = 3

========================================================================
Received Import Request.
  Time since last request: 0.000020 seconds.
  path: Assets/Art/Image (1082).png
  artifactKey: Guid(fbe438a9c58253041baf284422e03598) Importer(815301076,1909f56bfc062723c751e8b465ee728b)
Start importing Assets/Art/Image (1082).png using Guid(fbe438a9c58253041baf284422e03598) Importer(815301076,1909f56bfc062723c751e8b465ee728b) (PreviewImporter) -> (artifact id: 'b1f01d504d992c56e9c81ba21d990d23') in 0.0240726 seconds
Number of updated asset objects reloaded before import = 0Number of asset objects unloaded after import = 3

========================================================================
Received Import Request.
  Time since last request: 0.000020 seconds.
  path: Assets/Art/Image (1364).png
  artifactKey: Guid(b47a849f91af9844e94ca6f09d8fd5cf) Importer(815301076,1909f56bfc062723c751e8b465ee728b)
Start importing Assets/Art/Image (1364).png using Guid(b47a849f91af9844e94ca6f09d8fd5cf) Importer(815301076,1909f56bfc062723c751e8b465ee728b) (PreviewImporter) -> (artifact id: '9f17e7c079000a93e88a0c2aa91a6d3a') in 0.0304111 seconds
Number of updated asset objects reloaded before import = 0Number of asset objects unloaded after import = 3

========================================================================
Received Import Request.
  Time since last request: 0.000028 seconds.
  path: Assets/Art/Image (1264).png
  artifactKey: Guid(6f6a37f82d765e648bc5c09e0b212ed9) Importer(815301076,1909f56bfc062723c751e8b465ee728b)
Start importing Assets/Art/Image (1264).png using Guid(6f6a37f82d765e648bc5c09e0b212ed9) Importer(815301076,1909f56bfc062723c751e8b465ee728b) (PreviewImporter) -> (artifact id: 'd2e6d7d4033f0bc8bcae9f61820b7fb3') in 0.0241318 seconds
Number of updated asset objects reloaded before import = 0Number of asset objects unloaded after import = 3

========================================================================
Received Import Request.
  Time since last request: 0.000018 seconds.
  path: Assets/Art/Image (313).png
  artifactKey: Guid(1c878edb721678949b5a25785f7a032e) Importer(815301076,1909f56bfc062723c751e8b465ee728b)
Start importing Assets/Art/Image (313).png using Guid(1c878edb721678949b5a25785f7a032e) Importer(815301076,1909f56bfc062723c751e8b465ee728b) (PreviewImporter) -> (artifact id: '1f9cfb499fa3e114b73e48695ff1e301') in 0.026601 seconds
Number of updated asset objects reloaded before import = 0Number of asset objects unloaded after import = 3

========================================================================
Received Import Request.
  Time since last request: 0.000017 seconds.
  path: Assets/Art/Image (493).png
  artifactKey: Guid(376b3f2b8781a134eb0e69f611da188b) Importer(815301076,1909f56bfc062723c751e8b465ee728b)
Start importing Assets/Art/Image (493).png using Guid(376b3f2b8781a134eb0e69f611da188b) Importer(815301076,1909f56bfc062723c751e8b465ee728b) (PreviewImporter) -> (artifact id: 'cae154d05deded6538efe039e172c91a') in 0.0234328 seconds
Number of updated asset objects reloaded before import = 0Number of asset objects unloaded after import = 3

========================================================================
Received Import Request.
  Time since last request: 0.000013 seconds.
  path: Assets/Art/Image (1211).png
  artifactKey: Guid(c61c6ea10e97a724b889ec4ef56cf9be) Importer(815301076,1909f56bfc062723c751e8b465ee728b)
Start importing Assets/Art/Image (1211).png using Guid(c61c6ea10e97a724b889ec4ef56cf9be) Importer(815301076,1909f56bfc062723c751e8b465ee728b) (PreviewImporter) -> (artifact id: '1780718c37d6f6ca9c2ecb57d424fc31') in 0.021592 seconds
Number of updated asset objects reloaded before import = 0Number of asset objects unloaded after import = 3

========================================================================
Received Import Request.
  Time since last request: 0.000016 seconds.
  path: Assets/Art/Image (309).png
  artifactKey: Guid(d0ccea0f1a5c6944cab3e578a5060c2a) Importer(815301076,1909f56bfc062723c751e8b465ee728b)
Start importing Assets/Art/Image (309).png using Guid(d0ccea0f1a5c6944cab3e578a5060c2a) Importer(815301076,1909f56bfc062723c751e8b465ee728b) (PreviewImporter) -> (artifact id: '2e0b1e357f0ad5160393fa2938974b67') in 0.0229396 seconds
Number of updated asset objects reloaded before import = 0Number of asset objects unloaded after import = 3

========================================================================
Received Import Request.
  Time since last request: 0.000021 seconds.
  path: Assets/Art/Image (1297).png
  artifactKey: Guid(885e5c668e6ca6646bce5e469ea3ccac) Importer(815301076,1909f56bfc062723c751e8b465ee728b)
Start importing Assets/Art/Image (1297).png using Guid(885e5c668e6ca6646bce5e469ea3ccac) Importer(815301076,1909f56bfc062723c751e8b465ee728b) (PreviewImporter) -> (artifact id: '9681c669bc3be11ac7c7f79d26a52c00') in 0.0207609 seconds
Number of updated asset objects reloaded before import = 0Number of asset objects unloaded after import = 3

========================================================================
Received Import Request.
  Time since last request: 0.000041 seconds.
  path: Assets/Art/Image (1303).png
  artifactKey: Guid(3bc9c2bbd0ca55d42a88986197ce6aa7) Importer(815301076,1909f56bfc062723c751e8b465ee728b)
Start importing Assets/Art/Image (1303).png using Guid(3bc9c2bbd0ca55d42a88986197ce6aa7) Importer(815301076,1909f56bfc062723c751e8b465ee728b) (PreviewImporter) -> (artifact id: 'fda7b7f88f0451825760efbb1934e591') in 0.025594 seconds
Number of updated asset objects reloaded before import = 0Number of asset objects unloaded after import = 3

========================================================================
Received Import Request.
  Time since last request: 0.000024 seconds.
  path: Assets/Art/Image (1401).png
  artifactKey: Guid(f7c5fee9150cd86478b4d7671bf0e60e) Importer(815301076,1909f56bfc062723c751e8b465ee728b)
Start importing Assets/Art/Image (1401).png using Guid(f7c5fee9150cd86478b4d7671bf0e60e) Importer(815301076,1909f56bfc062723c751e8b465ee728b) (PreviewImporter) -> (artifact id: '79ec1b6f07115ccf215f64dfefd6c3c7') in 0.0246818 seconds
Number of updated asset objects reloaded before import = 0Number of asset objects unloaded after import = 3

========================================================================
Received Import Request.
  Time since last request: 0.000017 seconds.
  path: Assets/Art/Image (1288).png
  artifactKey: Guid(03fc1f95fc0759b4bb8c6dcb4c6656f0) Importer(815301076,1909f56bfc062723c751e8b465ee728b)
Start importing Assets/Art/Image (1288).png using Guid(03fc1f95fc0759b4bb8c6dcb4c6656f0) Importer(815301076,1909f56bfc062723c751e8b465ee728b) (PreviewImporter) -> (artifact id: '8bd2687cc3b71dbbc43bce16b97adf77') in 0.0226962 seconds
Number of updated asset objects reloaded before import = 0Number of asset objects unloaded after import = 3

========================================================================
Received Import Request.
  Time since last request: 0.000029 seconds.
  path: Assets/Art/Image (1094).png
  artifactKey: Guid(c08f90c61ade548439aab5fb7b290ff0) Importer(815301076,1909f56bfc062723c751e8b465ee728b)
Start importing Assets/Art/Image (1094).png using Guid(c08f90c61ade548439aab5fb7b290ff0) Importer(815301076,1909f56bfc062723c751e8b465ee728b) (PreviewImporter) -> (artifact id: 'ad1527ca6d7615e80f295c758313295e') in 0.0219027 seconds
Number of updated asset objects reloaded before import = 0Number of asset objects unloaded after import = 3

========================================================================
Received Import Request.
  Time since last request: 0.000018 seconds.
  path: Assets/Art/Image (1238).png
  artifactKey: Guid(f344270bc8813034fae7bc36cb22c8b9) Importer(815301076,1909f56bfc062723c751e8b465ee728b)
Start importing Assets/Art/Image (1238).png using Guid(f344270bc8813034fae7bc36cb22c8b9) Importer(815301076,1909f56bfc062723c751e8b465ee728b) (PreviewImporter) -> (artifact id: '275425b0cbcb08a574fb880ea3f1f52a') in 0.0272926 seconds
Number of updated asset objects reloaded before import = 0Number of asset objects unloaded after import = 3

========================================================================
Received Import Request.
  Time since last request: 0.000023 seconds.
  path: Assets/Art/Image (1314).png
  artifactKey: Guid(d9de8739bb4d97542bcb78fbe38dd209) Importer(815301076,1909f56bfc062723c751e8b465ee728b)
Start importing Assets/Art/Image (1314).png using Guid(d9de8739bb4d97542bcb78fbe38dd209) Importer(815301076,1909f56bfc062723c751e8b465ee728b) (PreviewImporter) -> (artifact id: 'cd0dc5393168e5044e860a824b7931c3') in 0.0231424 seconds
Number of updated asset objects reloaded before import = 0Number of asset objects unloaded after import = 3

========================================================================
Received Import Request.
  Time since last request: 0.000023 seconds.
  path: Assets/Art/Image (1449).png
  artifactKey: Guid(09ef7d03305838040995e3e6c1e11ba6) Importer(815301076,1909f56bfc062723c751e8b465ee728b)
Start importing Assets/Art/Image (1449).png using Guid(09ef7d03305838040995e3e6c1e11ba6) Importer(815301076,1909f56bfc062723c751e8b465ee728b) (PreviewImporter) -> (artifact id: '93ceba824864dabace955ff6ed519a3b') in 0.0256245 seconds
Number of updated asset objects reloaded before import = 0Number of asset objects unloaded after import = 3

========================================================================
Received Import Request.
  Time since last request: 0.000018 seconds.
  path: Assets/Art/Image (1490).png
  artifactKey: Guid(e90b75f098a3fe046b9586640d1b7a8e) Importer(815301076,1909f56bfc062723c751e8b465ee728b)
Start importing Assets/Art/Image (1490).png using Guid(e90b75f098a3fe046b9586640d1b7a8e) Importer(815301076,1909f56bfc062723c751e8b465ee728b) (PreviewImporter) -> (artifact id: '583af568c08c4c7b4c58d28e9d66a4c1') in 0.0233254 seconds
Number of updated asset objects reloaded before import = 0Number of asset objects unloaded after import = 3

========================================================================
Received Import Request.
  Time since last request: 0.000021 seconds.
  path: Assets/Art/Image (1273).png
  artifactKey: Guid(7746b7501d9dda1458fc2e7c21009da2) Importer(815301076,1909f56bfc062723c751e8b465ee728b)
Start importing Assets/Art/Image (1273).png using Guid(7746b7501d9dda1458fc2e7c21009da2) Importer(815301076,1909f56bfc062723c751e8b465ee728b) (PreviewImporter) -> (artifact id: 'bd23f589515cca226791223315903518') in 0.0223775 seconds
Number of updated asset objects reloaded before import = 0Number of asset objects unloaded after import = 3

========================================================================
Received Import Request.
  Time since last request: 0.000020 seconds.
  path: Assets/Art/Image (1371).png
  artifactKey: Guid(4bfa9c44c5b697e42b63c2fcac3b9c06) Importer(815301076,1909f56bfc062723c751e8b465ee728b)
Start importing Assets/Art/Image (1371).png using Guid(4bfa9c44c5b697e42b63c2fcac3b9c06) Importer(815301076,1909f56bfc062723c751e8b465ee728b) (PreviewImporter) -> (artifact id: 'be408c7df2df97d65ff2be68dcad8aa6') in 0.0277084 seconds
Number of updated asset objects reloaded before import = 0Number of asset objects unloaded after import = 3

========================================================================
Received Import Request.
  Time since last request: 0.000012 seconds.
  path: Assets/Art/Image (1298).png
  artifactKey: Guid(582a165a7bdc2b5428d01dcb633bebba) Importer(815301076,1909f56bfc062723c751e8b465ee728b)
Start importing Assets/Art/Image (1298).png using Guid(582a165a7bdc2b5428d01dcb633bebba) Importer(815301076,1909f56bfc062723c751e8b465ee728b) (PreviewImporter) -> (artifact id: 'dea60f56e5baed1dd7d229af8bf6a22b') in 0.0252897 seconds
Number of updated asset objects reloaded before import = 0Number of asset objects unloaded after import = 3

========================================================================
Received Import Request.
  Time since last request: 0.000018 seconds.
  path: Assets/Art/Image (1387).png
  artifactKey: Guid(a18db94552ff0fb4c919834d76c41ce2) Importer(815301076,1909f56bfc062723c751e8b465ee728b)
Start importing Assets/Art/Image (1387).png using Guid(a18db94552ff0fb4c919834d76c41ce2) Importer(815301076,1909f56bfc062723c751e8b465ee728b) (PreviewImporter) -> (artifact id: '8b89e52b1451037d24290a0be2842e9e') in 0.0257552 seconds
Number of updated asset objects reloaded before import = 0Number of asset objects unloaded after import = 3

========================================================================
Received Import Request.
  Time since last request: 0.000018 seconds.
  path: Assets/Art/Image (1492).png
  artifactKey: Guid(e7a073d303f8db64fb9e65a13a5e1fac) Importer(815301076,1909f56bfc062723c751e8b465ee728b)
Start importing Assets/Art/Image (1492).png using Guid(e7a073d303f8db64fb9e65a13a5e1fac) Importer(815301076,1909f56bfc062723c751e8b465ee728b) (PreviewImporter) -> (artifact id: 'd8ff215bda0e6772ce9e740086ffa236') in 0.0221834 seconds
Number of updated asset objects reloaded before import = 0Number of asset objects unloaded after import = 3

========================================================================
Received Import Request.
  Time since last request: 0.000019 seconds.
  path: Assets/Art/Image (320).png
  artifactKey: Guid(b76fc353568d24c4bbd236446ccbd1ba) Importer(815301076,1909f56bfc062723c751e8b465ee728b)
Start importing Assets/Art/Image (320).png using Guid(b76fc353568d24c4bbd236446ccbd1ba) Importer(815301076,1909f56bfc062723c751e8b465ee728b) (PreviewImporter) -> (artifact id: 'fda3e730c930fd19538930df5b2d7039') in 0.0241138 seconds
Number of updated asset objects reloaded before import = 0Number of asset objects unloaded after import = 3

========================================================================
Received Import Request.
  Time since last request: 0.000016 seconds.
  path: Assets/Art/Image (327).png
  artifactKey: Guid(cb6517e592d453c4c84cfa35fa5dfe5d) Importer(815301076,1909f56bfc062723c751e8b465ee728b)
Start importing Assets/Art/Image (327).png using Guid(cb6517e592d453c4c84cfa35fa5dfe5d) Importer(815301076,1909f56bfc062723c751e8b465ee728b) (PreviewImporter) -> (artifact id: 'f0efcbccc69ce08aa3f15cf7f15ebd9d') in 0.0233078 seconds
Number of updated asset objects reloaded before import = 0Number of asset objects unloaded after import = 3

========================================================================
Received Import Request.
  Time since last request: 0.000018 seconds.
  path: Assets/Art/Image (1436).png
  artifactKey: Guid(dbc1e0556f9fd5c4cac709e09e74b56e) Importer(815301076,1909f56bfc062723c751e8b465ee728b)
Start importing Assets/Art/Image (1436).png using Guid(dbc1e0556f9fd5c4cac709e09e74b56e) Importer(815301076,1909f56bfc062723c751e8b465ee728b) (PreviewImporter) -> (artifact id: '1f26dbfb923fcfac9ea193a73d357496') in 0.0223882 seconds
Number of updated asset objects reloaded before import = 0Number of asset objects unloaded after import = 3

========================================================================
Received Import Request.
  Time since last request: 0.000016 seconds.
  path: Assets/Art/Image (737).png
  artifactKey: Guid(21f8e8bf6a705814391f889c3476221a) Importer(815301076,1909f56bfc062723c751e8b465ee728b)
Start importing Assets/Art/Image (737).png using Guid(21f8e8bf6a705814391f889c3476221a) Importer(815301076,1909f56bfc062723c751e8b465ee728b) (PreviewImporter) -> (artifact id: '3440cd9fbd8b7ad044d60c45b49ae53a') in 0.0288872 seconds
Number of updated asset objects reloaded before import = 0Number of asset objects unloaded after import = 3

========================================================================
Received Import Request.
  Time since last request: 0.000015 seconds.
  path: Assets/Art/Image (738).png
  artifactKey: Guid(87843986f4c68e442b15a46d863aacd1) Importer(815301076,1909f56bfc062723c751e8b465ee728b)
Start importing Assets/Art/Image (738).png using Guid(87843986f4c68e442b15a46d863aacd1) Importer(815301076,1909f56bfc062723c751e8b465ee728b) (PreviewImporter) -> (artifact id: 'c4d842fbd093a196997d6680a0c271b0') in 0.0252172 seconds
Number of updated asset objects reloaded before import = 0Number of asset objects unloaded after import = 3

========================================================================
Received Import Request.
  Time since last request: 0.000024 seconds.
  path: Assets/Art/Image (1253).png
  artifactKey: Guid(c6109cb8733b0054aa19aa906b72855c) Importer(815301076,1909f56bfc062723c751e8b465ee728b)
Start importing Assets/Art/Image (1253).png using Guid(c6109cb8733b0054aa19aa906b72855c) Importer(815301076,1909f56bfc062723c751e8b465ee728b) (PreviewImporter) -> (artifact id: '37bd36fe21c885901523b9648848bad1') in 0.0235355 seconds
Number of updated asset objects reloaded before import = 0Number of asset objects unloaded after import = 3

========================================================================
Received Import Request.
  Time since last request: 4.895146 seconds.
  path: Assets/Art/Image (1456).png
  artifactKey: Guid(318f8b5d402c9e247ae7915ef3ce4815) Importer(815301076,1909f56bfc062723c751e8b465ee728b)
Start importing Assets/Art/Image (1456).png using Guid(318f8b5d402c9e247ae7915ef3ce4815) Importer(815301076,1909f56bfc062723c751e8b465ee728b) (PreviewImporter) -> (artifact id: 'cc8c52f6d9bdde156fc9c7384a14da1e') in 0.0471883 seconds
Number of updated asset objects reloaded before import = 0Number of asset objects unloaded after import = 3

========================================================================
Received Import Request.
  Time since last request: 0.000019 seconds.
  path: Assets/Art/Image (1385).png
  artifactKey: Guid(022764f1820c37c4a9ae3f66e6d4f8e4) Importer(815301076,1909f56bfc062723c751e8b465ee728b)
Start importing Assets/Art/Image (1385).png using Guid(022764f1820c37c4a9ae3f66e6d4f8e4) Importer(815301076,1909f56bfc062723c751e8b465ee728b) (PreviewImporter) -> (artifact id: '4a358829ec0b9c2b5cfed375dccef269') in 0.1055897 seconds
Number of updated asset objects reloaded before import = 0Number of asset objects unloaded after import = 3

========================================================================
Received Import Request.
  Time since last request: 0.000012 seconds.
  path: Assets/Art/Image (819).png
  artifactKey: Guid(42e80f115b4b4e74dba1ae76bbdcb297) Importer(815301076,1909f56bfc062723c751e8b465ee728b)
Start importing Assets/Art/Image (819).png using Guid(42e80f115b4b4e74dba1ae76bbdcb297) Importer(815301076,1909f56bfc062723c751e8b465ee728b) (PreviewImporter) -> (artifact id: '7946c943cf33dc9341db4346d7b75897') in 0.0321205 seconds
Number of updated asset objects reloaded before import = 0Number of asset objects unloaded after import = 3

========================================================================
Received Import Request.
  Time since last request: 0.000024 seconds.
  path: Assets/Art/Image (820).png
  artifactKey: Guid(4519258b88f13be429073ef2dff380f6) Importer(815301076,1909f56bfc062723c751e8b465ee728b)
Start importing Assets/Art/Image (820).png using Guid(4519258b88f13be429073ef2dff380f6) Importer(815301076,1909f56bfc062723c751e8b465ee728b) (PreviewImporter) -> (artifact id: '3d77774905a4d1566aafeeda4c6d9cf5') in 0.0260207 seconds
Number of updated asset objects reloaded before import = 0Number of asset objects unloaded after import = 3

========================================================================
Received Import Request.
  Time since last request: 0.000029 seconds.
  path: Assets/Art/Image (1121).png
  artifactKey: Guid(b830ac0be194bf64ca1ea064d5abacb3) Importer(815301076,1909f56bfc062723c751e8b465ee728b)
Start importing Assets/Art/Image (1121).png using Guid(b830ac0be194bf64ca1ea064d5abacb3) Importer(815301076,1909f56bfc062723c751e8b465ee728b) (PreviewImporter) -> (artifact id: '17ddd6ce56ad7a2dad1d2c7aec0f23d2') in 0.025723 seconds
Number of updated asset objects reloaded before import = 0Number of asset objects unloaded after import = 3

========================================================================
Received Import Request.
  Time since last request: 0.000013 seconds.
  path: Assets/Art/Image (837).png
  artifactKey: Guid(1491269cd8eb0d2488a596e59437e2e3) Importer(815301076,1909f56bfc062723c751e8b465ee728b)
Start importing Assets/Art/Image (837).png using Guid(1491269cd8eb0d2488a596e59437e2e3) Importer(815301076,1909f56bfc062723c751e8b465ee728b) (PreviewImporter) -> (artifact id: 'abc0a0dfafa97710c571d876a6d0acfb') in 0.0248545 seconds
Number of updated asset objects reloaded before import = 0Number of asset objects unloaded after import = 3

========================================================================
Received Import Request.
  Time since last request: 0.000026 seconds.
  path: Assets/Art/Image (435).png
  artifactKey: Guid(1f67be9ded61e6643934713970db8bc5) Importer(815301076,1909f56bfc062723c751e8b465ee728b)
Start importing Assets/Art/Image (435).png using Guid(1f67be9ded61e6643934713970db8bc5) Importer(815301076,1909f56bfc062723c751e8b465ee728b) (PreviewImporter) -> (artifact id: 'b18c8112dba72db90bfb4bd73c2a0db6') in 0.0290939 seconds
Number of updated asset objects reloaded before import = 0Number of asset objects unloaded after import = 3

========================================================================
Received Import Request.
  Time since last request: 0.000014 seconds.
  path: Assets/Art/Image (1126).png
  artifactKey: Guid(cfa1261f4a04ed443be2b266407470b9) Importer(815301076,1909f56bfc062723c751e8b465ee728b)
Start importing Assets/Art/Image (1126).png using Guid(cfa1261f4a04ed443be2b266407470b9) Importer(815301076,1909f56bfc062723c751e8b465ee728b) (PreviewImporter) -> (artifact id: '32afba97c74a97f25dc6ea33d51ee850') in 0.024002 seconds
Number of updated asset objects reloaded before import = 0Number of asset objects unloaded after import = 3

========================================================================
Received Import Request.
  Time since last request: 0.000030 seconds.
  path: Assets/Art/Image (427).png
  artifactKey: Guid(8bbb44dc415e18247847987ad13bad81) Importer(815301076,1909f56bfc062723c751e8b465ee728b)
Start importing Assets/Art/Image (427).png using Guid(8bbb44dc415e18247847987ad13bad81) Importer(815301076,1909f56bfc062723c751e8b465ee728b) (PreviewImporter) -> (artifact id: '8731f73bb2b893cf6c0037e6e190fac2') in 0.0260479 seconds
Number of updated asset objects reloaded before import = 0Number of asset objects unloaded after import = 3

========================================================================
Received Import Request.
  Time since last request: 0.000015 seconds.
  path: Assets/Art/Image (549).png
  artifactKey: Guid(d85da477151d6d74da9df7817aa57735) Importer(815301076,1909f56bfc062723c751e8b465ee728b)
Start importing Assets/Art/Image (549).png using Guid(d85da477151d6d74da9df7817aa57735) Importer(815301076,1909f56bfc062723c751e8b465ee728b) (PreviewImporter) -> (artifact id: 'a3c5568a6c811c0a1ada08a9e733d615') in 0.0294848 seconds
Number of updated asset objects reloaded before import = 0Number of asset objects unloaded after import = 3

========================================================================
Received Import Request.
  Time since last request: 0.000015 seconds.
  path: Assets/Art/Image (551).png
  artifactKey: Guid(c897575300f13c34295090b2764d7cc5) Importer(815301076,1909f56bfc062723c751e8b465ee728b)
Start importing Assets/Art/Image (551).png using Guid(c897575300f13c34295090b2764d7cc5) Importer(815301076,1909f56bfc062723c751e8b465ee728b) (PreviewImporter) -> (artifact id: '6ed44379665d3e7812bc1b5ec46ab67f') in 0.0277716 seconds
Number of updated asset objects reloaded before import = 0Number of asset objects unloaded after import = 3

========================================================================
Received Import Request.
  Time since last request: 0.000015 seconds.
  path: Assets/Art/Image (548).png
  artifactKey: Guid(edebd4ca0f033dd41841a2708dfd0e79) Importer(815301076,1909f56bfc062723c751e8b465ee728b)
Start importing Assets/Art/Image (548).png using Guid(edebd4ca0f033dd41841a2708dfd0e79) Importer(815301076,1909f56bfc062723c751e8b465ee728b) (PreviewImporter) -> (artifact id: '5bbd6367e65d195b075ad8a342e00f81') in 0.0242532 seconds
Number of updated asset objects reloaded before import = 0Number of asset objects unloaded after import = 3

========================================================================
Received Import Request.
  Time since last request: 0.000026 seconds.
  path: Assets/Art/Image (1382).png
  artifactKey: Guid(c7a7aec15fd86664984ca67fa9aef97f) Importer(815301076,1909f56bfc062723c751e8b465ee728b)
Start importing Assets/Art/Image (1382).png using Guid(c7a7aec15fd86664984ca67fa9aef97f) Importer(815301076,1909f56bfc062723c751e8b465ee728b) (PreviewImporter) -> (artifact id: '44239b76231cbdc14507785376874925') in 0.032692 seconds
Number of updated asset objects reloaded before import = 0Number of asset objects unloaded after import = 3

========================================================================
Received Import Request.
  Time since last request: 69.662187 seconds.
  path: Assets/Art/Image (341).png
  artifactKey: Guid(8995d0b71270c8b4fa7396051dc8c1d0) Importer(815301076,1909f56bfc062723c751e8b465ee728b)
Start importing Assets/Art/Image (341).png using Guid(8995d0b71270c8b4fa7396051dc8c1d0) Importer(815301076,1909f56bfc062723c751e8b465ee728b) (PreviewImporter) -> (artifact id: '97ee5760ca98a98e81fd029acb99eca8') in 0.0709847 seconds
Number of updated asset objects reloaded before import = 0Number of asset objects unloaded after import = 3

========================================================================
Received Import Request.
  Time since last request: 0.000050 seconds.
  path: Assets/Art/Image (441).png
  artifactKey: Guid(927d24ac964ccd24eb853f07364a769c) Importer(815301076,1909f56bfc062723c751e8b465ee728b)
Start importing Assets/Art/Image (441).png using Guid(927d24ac964ccd24eb853f07364a769c) Importer(815301076,1909f56bfc062723c751e8b465ee728b) (PreviewImporter) -> (artifact id: '7c4912fb018a1d731fbb4673e5f47cfa') in 0.0919976 seconds
Number of updated asset objects reloaded before import = 0Number of asset objects unloaded after import = 3

========================================================================
Received Import Request.
  Time since last request: 0.000030 seconds.
  path: Assets/Art/Image (562).png
  artifactKey: Guid(b3d53a50107cdc14aacb4a971214a1a3) Importer(815301076,1909f56bfc062723c751e8b465ee728b)
Start importing Assets/Art/Image (562).png using Guid(b3d53a50107cdc14aacb4a971214a1a3) Importer(815301076,1909f56bfc062723c751e8b465ee728b) (PreviewImporter) -> (artifact id: '5f94ef14efe5383a76c9c3d172a4348b') in 0.0897382 seconds
Number of updated asset objects reloaded before import = 0Number of asset objects unloaded after import = 3

========================================================================
Received Import Request.
  Time since last request: 0.000022 seconds.
  path: Assets/Art/Image (683).png
  artifactKey: Guid(3ea5a5e4eee6fd64083754a71e79c3b7) Importer(815301076,1909f56bfc062723c751e8b465ee728b)
Start importing Assets/Art/Image (683).png using Guid(3ea5a5e4eee6fd64083754a71e79c3b7) Importer(815301076,1909f56bfc062723c751e8b465ee728b) (PreviewImporter) -> (artifact id: '5ae17d30a101054a47095f10290dd8da') in 0.0607711 seconds
Number of updated asset objects reloaded before import = 0Number of asset objects unloaded after import = 3

========================================================================
Received Import Request.
  Time since last request: 0.000018 seconds.
  path: Assets/Art/Image (561).png
  artifactKey: Guid(4c411a491477191409aa99b2bd676b78) Importer(815301076,1909f56bfc062723c751e8b465ee728b)
Start importing Assets/Art/Image (561).png using Guid(4c411a491477191409aa99b2bd676b78) Importer(815301076,1909f56bfc062723c751e8b465ee728b) (PreviewImporter) -> (artifact id: 'd7bd453f8537ae6fa5a50a7aed58e3a9') in 0.0332802 seconds
Number of updated asset objects reloaded before import = 0Number of asset objects unloaded after import = 3

========================================================================
Received Import Request.
  Time since last request: 0.000013 seconds.
  path: Assets/Art/Image (554).png
  artifactKey: Guid(ae75a7bb61856414caf99cb9a7d6ae41) Importer(815301076,1909f56bfc062723c751e8b465ee728b)
Start importing Assets/Art/Image (554).png using Guid(ae75a7bb61856414caf99cb9a7d6ae41) Importer(815301076,1909f56bfc062723c751e8b465ee728b) (PreviewImporter) -> (artifact id: 'f2f316e2324c5829f9aebdead035a7f0') in 0.0245682 seconds
Number of updated asset objects reloaded before import = 0Number of asset objects unloaded after import = 3

========================================================================
Received Import Request.
  Time since last request: 0.000021 seconds.
  path: Assets/Art/Image (704).png
  artifactKey: Guid(f6acbacf601ae394e86db19814245945) Importer(815301076,1909f56bfc062723c751e8b465ee728b)
Start importing Assets/Art/Image (704).png using Guid(f6acbacf601ae394e86db19814245945) Importer(815301076,1909f56bfc062723c751e8b465ee728b) (PreviewImporter) -> (artifact id: '3e0b04a209d3a18331122c9d53236125') in 0.0260641 seconds
Number of updated asset objects reloaded before import = 0Number of asset objects unloaded after import = 3

========================================================================
Received Import Request.
  Time since last request: 0.000024 seconds.
  path: Assets/Art/Image (566).png
  artifactKey: Guid(eaad14c24f71eb04fa112f5064f65dd2) Importer(815301076,1909f56bfc062723c751e8b465ee728b)
Start importing Assets/Art/Image (566).png using Guid(eaad14c24f71eb04fa112f5064f65dd2) Importer(815301076,1909f56bfc062723c751e8b465ee728b) (PreviewImporter) -> (artifact id: '7ac2f315319680f37b17ed4c2c3883f4') in 0.0247094 seconds
Number of updated asset objects reloaded before import = 0Number of asset objects unloaded after import = 3

========================================================================
Received Import Request.
  Time since last request: 0.000031 seconds.
  path: Assets/Art/Image (1050).png
  artifactKey: Guid(21f778a186954ce48929c9dae64e27f7) Importer(815301076,1909f56bfc062723c751e8b465ee728b)
Start importing Assets/Art/Image (1050).png using Guid(21f778a186954ce48929c9dae64e27f7) Importer(815301076,1909f56bfc062723c751e8b465ee728b) (PreviewImporter) -> (artifact id: '52b4e3d627fcffb2348964281f8ffcda') in 0.0324619 seconds
Number of updated asset objects reloaded before import = 0Number of asset objects unloaded after import = 3

========================================================================
Received Import Request.
  Time since last request: 0.000018 seconds.
  path: Assets/Art/Image (1042).png
  artifactKey: Guid(90cbdadc8d6a42d4bbec4ef1d85e4b8d) Importer(815301076,1909f56bfc062723c751e8b465ee728b)
Start importing Assets/Art/Image (1042).png using Guid(90cbdadc8d6a42d4bbec4ef1d85e4b8d) Importer(815301076,1909f56bfc062723c751e8b465ee728b) (PreviewImporter) -> (artifact id: 'da25b045ed44c74eb8c5a43fe48ad410') in 0.029716 seconds
Number of updated asset objects reloaded before import = 0Number of asset objects unloaded after import = 3

========================================================================
Received Import Request.
  Time since last request: 0.000022 seconds.
  path: Assets/Art/Image (1138).png
  artifactKey: Guid(2e765216af6113b49a3e2d6e2de88cc6) Importer(815301076,1909f56bfc062723c751e8b465ee728b)
Start importing Assets/Art/Image (1138).png using Guid(2e765216af6113b49a3e2d6e2de88cc6) Importer(815301076,1909f56bfc062723c751e8b465ee728b) (PreviewImporter) -> (artifact id: 'cf185bb61a2124d6074bf45185995b7e') in 0.024818 seconds
Number of updated asset objects reloaded before import = 0Number of asset objects unloaded after import = 3

========================================================================
Received Import Request.
  Time since last request: 0.000016 seconds.
  path: Assets/Art/Image (1142).png
  artifactKey: Guid(93b1d02c94b2ccb4bb721c699b8089f8) Importer(815301076,1909f56bfc062723c751e8b465ee728b)
Start importing Assets/Art/Image (1142).png using Guid(93b1d02c94b2ccb4bb721c699b8089f8) Importer(815301076,1909f56bfc062723c751e8b465ee728b) (PreviewImporter) -> (artifact id: 'd7fd5112201c84d00b04ddd1f43d7b29') in 0.0237972 seconds
Number of updated asset objects reloaded before import = 0Number of asset objects unloaded after import = 3

========================================================================
Received Import Request.
  Time since last request: 0.000025 seconds.
  path: Assets/Art/Image (349).png
  artifactKey: Guid(9487af5b55486cd4fa43660fe70bffab) Importer(815301076,1909f56bfc062723c751e8b465ee728b)
Start importing Assets/Art/Image (349).png using Guid(9487af5b55486cd4fa43660fe70bffab) Importer(815301076,1909f56bfc062723c751e8b465ee728b) (PreviewImporter) -> (artifact id: 'a919ad6e5c112d08c002160b1639565d') in 0.024861 seconds
Number of updated asset objects reloaded before import = 0Number of asset objects unloaded after import = 3

========================================================================
Received Import Request.
  Time since last request: 0.000027 seconds.
  path: Assets/Art/Image (701).png
  artifactKey: Guid(920d760682c15e9409a82a7aabb308dd) Importer(815301076,1909f56bfc062723c751e8b465ee728b)
Start importing Assets/Art/Image (701).png using Guid(920d760682c15e9409a82a7aabb308dd) Importer(815301076,1909f56bfc062723c751e8b465ee728b) (PreviewImporter) -> (artifact id: '76b7c44f9fd7226f6f1d862cd474b1a4') in 0.0248139 seconds
Number of updated asset objects reloaded before import = 0Number of asset objects unloaded after import = 3

========================================================================
Received Import Request.
  Time since last request: 0.000020 seconds.
  path: Assets/Art/Image (591).png
  artifactKey: Guid(344e43bc982eda0469083b9853749c66) Importer(815301076,1909f56bfc062723c751e8b465ee728b)
Start importing Assets/Art/Image (591).png using Guid(344e43bc982eda0469083b9853749c66) Importer(815301076,1909f56bfc062723c751e8b465ee728b) (PreviewImporter) -> (artifact id: '16b080bcb03420ed1bab8a5b88254147') in 0.0236532 seconds
Number of updated asset objects reloaded before import = 0Number of asset objects unloaded after import = 3

========================================================================
Received Import Request.
  Time since last request: 0.000018 seconds.
  path: Assets/Art/Image (703).png
  artifactKey: Guid(46a4c4bef40f19440b0838c191426405) Importer(815301076,1909f56bfc062723c751e8b465ee728b)
Start importing Assets/Art/Image (703).png using Guid(46a4c4bef40f19440b0838c191426405) Importer(815301076,1909f56bfc062723c751e8b465ee728b) (PreviewImporter) -> (artifact id: '3423bae4fe86cf9cf641a4333ffccc15') in 0.0231706 seconds
Number of updated asset objects reloaded before import = 0Number of asset objects unloaded after import = 3

========================================================================
Received Import Request.
  Time since last request: 0.000019 seconds.
  path: Assets/Art/Image (1069).png
  artifactKey: Guid(5faf0619ed5361b4ca325eff32e12ea2) Importer(815301076,1909f56bfc062723c751e8b465ee728b)
Start importing Assets/Art/Image (1069).png using Guid(5faf0619ed5361b4ca325eff32e12ea2) Importer(815301076,1909f56bfc062723c751e8b465ee728b) (PreviewImporter) -> (artifact id: '259b6893880470bf92b6406d67a4f4e4') in 0.0224849 seconds
Number of updated asset objects reloaded before import = 0Number of asset objects unloaded after import = 3

========================================================================
Received Import Request.
  Time since last request: 0.000019 seconds.
  path: Assets/Art/Image (1139).png
  artifactKey: Guid(a6d1f021a99f6cf4e9d9fa20b0321d67) Importer(815301076,1909f56bfc062723c751e8b465ee728b)
Start importing Assets/Art/Image (1139).png using Guid(a6d1f021a99f6cf4e9d9fa20b0321d67) Importer(815301076,1909f56bfc062723c751e8b465ee728b) (PreviewImporter) -> (artifact id: 'b972722f7c592cdff50845fa8118a701') in 0.022579 seconds
Number of updated asset objects reloaded before import = 0Number of asset objects unloaded after import = 3

========================================================================
Received Import Request.
  Time since last request: 0.230360 seconds.
  path: Assets/Art/Image (1059).png
  artifactKey: Guid(a0e83af8e9b9c454eb3c03fd9cd53a12) Importer(815301076,1909f56bfc062723c751e8b465ee728b)
Start importing Assets/Art/Image (1059).png using Guid(a0e83af8e9b9c454eb3c03fd9cd53a12) Importer(815301076,1909f56bfc062723c751e8b465ee728b) (PreviewImporter) -> (artifact id: 'fcae091cc274a19ea41c87fb7ea897fb') in 0.0314693 seconds
Number of updated asset objects reloaded before import = 0Number of asset objects unloaded after import = 3

========================================================================
Received Import Request.
  Time since last request: 0.000015 seconds.
  path: Assets/Art/Image (1057).png
  artifactKey: Guid(642636ad67a6c3043bbf9d347064de3e) Importer(815301076,1909f56bfc062723c751e8b465ee728b)
Start importing Assets/Art/Image (1057).png using Guid(642636ad67a6c3043bbf9d347064de3e) Importer(815301076,1909f56bfc062723c751e8b465ee728b) (PreviewImporter) -> (artifact id: '8e71d11e9e0a5656b591c04f153c9731') in 0.0217317 seconds
Number of updated asset objects reloaded before import = 0Number of asset objects unloaded after import = 3

========================================================================
Received Import Request.
  Time since last request: 1.438437 seconds.
  path: Assets/Art/Image (807).png
  artifactKey: Guid(4a3f1916fc1d93f4aa8466c655a7301c) Importer(815301076,1909f56bfc062723c751e8b465ee728b)
Start importing Assets/Art/Image (807).png using Guid(4a3f1916fc1d93f4aa8466c655a7301c) Importer(815301076,1909f56bfc062723c751e8b465ee728b) (PreviewImporter) -> (artifact id: '557cd31cfb5b329865328780ef1dd696') in 0.0243747 seconds
Number of updated asset objects reloaded before import = 0Number of asset objects unloaded after import = 3

========================================================================
Received Import Request.
  Time since last request: 0.000013 seconds.
  path: Assets/Art/Image (804).png
  artifactKey: Guid(baf0ed6d59b784f4fa138dec04c2a7d3) Importer(815301076,1909f56bfc062723c751e8b465ee728b)
Start importing Assets/Art/Image (804).png using Guid(baf0ed6d59b784f4fa138dec04c2a7d3) Importer(815301076,1909f56bfc062723c751e8b465ee728b) (PreviewImporter) -> (artifact id: '8782726ee7fe27ded83d508f527a1868') in 0.0290916 seconds
Number of updated asset objects reloaded before import = 0Number of asset objects unloaded after import = 3

========================================================================
Received Import Request.
  Time since last request: 0.467619 seconds.
  path: Assets/Art/Image (763).png
  artifactKey: Guid(84226e14e70c8ec4b92c1c46fc673e2c) Importer(815301076,1909f56bfc062723c751e8b465ee728b)
Start importing Assets/Art/Image (763).png using Guid(84226e14e70c8ec4b92c1c46fc673e2c) Importer(815301076,1909f56bfc062723c751e8b465ee728b) (PreviewImporter) -> (artifact id: '2712627a7b3816a78b79994895b91a30') in 0.0345957 seconds
Number of updated asset objects reloaded before import = 0Number of asset objects unloaded after import = 3

========================================================================
Received Import Request.
  Time since last request: 0.000013 seconds.
  path: Assets/Art/Image (713).png
  artifactKey: Guid(56efd6bdaab2bf7449fc6ae931bd2ca6) Importer(815301076,1909f56bfc062723c751e8b465ee728b)
Start importing Assets/Art/Image (713).png using Guid(56efd6bdaab2bf7449fc6ae931bd2ca6) Importer(815301076,1909f56bfc062723c751e8b465ee728b) (PreviewImporter) -> (artifact id: '5dd5868b183275f782b2b1a6f4769496') in 0.0391981 seconds
Number of updated asset objects reloaded before import = 0Number of asset objects unloaded after import = 3

========================================================================
Received Import Request.
  Time since last request: 0.000021 seconds.
  path: Assets/Art/Image (693).png
  artifactKey: Guid(ba853faa8c019b941ac106ea2060956a) Importer(815301076,1909f56bfc062723c751e8b465ee728b)
Start importing Assets/Art/Image (693).png using Guid(ba853faa8c019b941ac106ea2060956a) Importer(815301076,1909f56bfc062723c751e8b465ee728b) (PreviewImporter) -> (artifact id: '00ddf5e200113ad6630060ef40afe523') in 0.0283945 seconds
Number of updated asset objects reloaded before import = 0Number of asset objects unloaded after import = 3

========================================================================
Received Import Request.
  Time since last request: 0.000014 seconds.
  path: Assets/Art/Image (754).png
  artifactKey: Guid(db3a673ecd8bbff428201a1c0e2d1cc6) Importer(815301076,1909f56bfc062723c751e8b465ee728b)
Start importing Assets/Art/Image (754).png using Guid(db3a673ecd8bbff428201a1c0e2d1cc6) Importer(815301076,1909f56bfc062723c751e8b465ee728b) (PreviewImporter) -> (artifact id: '7a3a035485c8f36065ebad463bbf7f20') in 0.0381252 seconds
Number of updated asset objects reloaded before import = 0Number of asset objects unloaded after import = 3

========================================================================
Received Import Request.
  Time since last request: 0.000020 seconds.
  path: Assets/Art/Image (637).png
  artifactKey: Guid(6185fd5a4b320f042b5db23c7b4b37bf) Importer(815301076,1909f56bfc062723c751e8b465ee728b)
Start importing Assets/Art/Image (637).png using Guid(6185fd5a4b320f042b5db23c7b4b37bf) Importer(815301076,1909f56bfc062723c751e8b465ee728b) (PreviewImporter) -> (artifact id: '3bb91117235f900ce6dc7a94dfe34c47') in 0.0378591 seconds
Number of updated asset objects reloaded before import = 0Number of asset objects unloaded after import = 3

========================================================================
Received Import Request.
  Time since last request: 0.644920 seconds.
  path: Assets/Art/Image (633).png
  artifactKey: Guid(d8af8fe9cecb959479a2bfa74211947a) Importer(815301076,1909f56bfc062723c751e8b465ee728b)
Start importing Assets/Art/Image (633).png using Guid(d8af8fe9cecb959479a2bfa74211947a) Importer(815301076,1909f56bfc062723c751e8b465ee728b) (PreviewImporter) -> (artifact id: '8fdb2522be504c0b9ef7b3e269c7ad11') in 0.0271218 seconds
Number of updated asset objects reloaded before import = 0Number of asset objects unloaded after import = 3

========================================================================
Received Import Request.
  Time since last request: 0.000018 seconds.
  path: Assets/Art/Image (604).png
  artifactKey: Guid(f394c68021a4aaf4dbc696da59955299) Importer(815301076,1909f56bfc062723c751e8b465ee728b)
Start importing Assets/Art/Image (604).png using Guid(f394c68021a4aaf4dbc696da59955299) Importer(815301076,1909f56bfc062723c751e8b465ee728b) (PreviewImporter) -> (artifact id: '7b7f3ea56a508a490ef53d4bec2d0a6e') in 0.0289479 seconds
Number of updated asset objects reloaded before import = 0Number of asset objects unloaded after import = 3

========================================================================
Received Import Request.
  Time since last request: 0.000016 seconds.
  path: Assets/Art/Image (579).png
  artifactKey: Guid(0a0d745467c0f2e4cab2f805f51adac5) Importer(815301076,1909f56bfc062723c751e8b465ee728b)
Start importing Assets/Art/Image (579).png using Guid(0a0d745467c0f2e4cab2f805f51adac5) Importer(815301076,1909f56bfc062723c751e8b465ee728b) (PreviewImporter) -> (artifact id: '767edff764d2c8550b76571ad7104a8b') in 0.0248839 seconds
Number of updated asset objects reloaded before import = 0Number of asset objects unloaded after import = 3

========================================================================
Received Import Request.
  Time since last request: 0.000014 seconds.
  path: Assets/Art/Image (581).png
  artifactKey: Guid(ca45cecd9315f3c459095a4130c53cc5) Importer(815301076,1909f56bfc062723c751e8b465ee728b)
Start importing Assets/Art/Image (581).png using Guid(ca45cecd9315f3c459095a4130c53cc5) Importer(815301076,1909f56bfc062723c751e8b465ee728b) (PreviewImporter) -> (artifact id: '3a9d7bd0c7e341eef9c529220ccc1520') in 0.0275115 seconds
Number of updated asset objects reloaded before import = 0Number of asset objects unloaded after import = 3

========================================================================
Received Import Request.
  Time since last request: 0.000029 seconds.
  path: Assets/Art/Image (557).png
  artifactKey: Guid(6de4da9dd4a27844c9ba36ceacca3617) Importer(815301076,1909f56bfc062723c751e8b465ee728b)
Start importing Assets/Art/Image (557).png using Guid(6de4da9dd4a27844c9ba36ceacca3617) Importer(815301076,1909f56bfc062723c751e8b465ee728b) (PreviewImporter) -> (artifact id: '3f0b4b7ee62446eb5394f357bca1d78f') in 0.0235292 seconds
Number of updated asset objects reloaded before import = 0Number of asset objects unloaded after import = 3

========================================================================
Received Import Request.
  Time since last request: 0.000012 seconds.
  path: Assets/Art/Image (464).png
  artifactKey: Guid(a6cd30db983bd0a4086144b56b66436b) Importer(815301076,1909f56bfc062723c751e8b465ee728b)
Start importing Assets/Art/Image (464).png using Guid(a6cd30db983bd0a4086144b56b66436b) Importer(815301076,1909f56bfc062723c751e8b465ee728b) (PreviewImporter) -> (artifact id: '7c2cd5add2578891c07084f71e96c5c1') in 0.023316 seconds
Number of updated asset objects reloaded before import = 0Number of asset objects unloaded after import = 3

========================================================================
Received Import Request.
  Time since last request: 0.000018 seconds.
  path: Assets/Art/Image (465).png
  artifactKey: Guid(aa5578487e5831f4abe65c7224090c47) Importer(815301076,1909f56bfc062723c751e8b465ee728b)
Start importing Assets/Art/Image (465).png using Guid(aa5578487e5831f4abe65c7224090c47) Importer(815301076,1909f56bfc062723c751e8b465ee728b) (PreviewImporter) -> (artifact id: 'a84e8174771219aa70b5620a3085b8e1') in 0.0271053 seconds
Number of updated asset objects reloaded before import = 0Number of asset objects unloaded after import = 3

========================================================================
Received Import Request.
  Time since last request: 0.000014 seconds.
  path: Assets/Art/Image (393).png
  artifactKey: Guid(741ba9da6a0cdcd4e8b88e075c4e72a0) Importer(815301076,1909f56bfc062723c751e8b465ee728b)
Start importing Assets/Art/Image (393).png using Guid(741ba9da6a0cdcd4e8b88e075c4e72a0) Importer(815301076,1909f56bfc062723c751e8b465ee728b) (PreviewImporter) -> (artifact id: '302054a275eb21e645e9b746285ab75f') in 0.027352 seconds
Number of updated asset objects reloaded before import = 0Number of asset objects unloaded after import = 3

========================================================================
Received Import Request.
  Time since last request: 0.000024 seconds.
  path: Assets/Art/Image (332).png
  artifactKey: Guid(9ec5f693127c83e4bb55a6c58b65504e) Importer(815301076,1909f56bfc062723c751e8b465ee728b)
Start importing Assets/Art/Image (332).png using Guid(9ec5f693127c83e4bb55a6c58b65504e) Importer(815301076,1909f56bfc062723c751e8b465ee728b) (PreviewImporter) -> (artifact id: '09f474bd21591887fa5c5e9bccad7f23') in 0.0233873 seconds
Number of updated asset objects reloaded before import = 0Number of asset objects unloaded after import = 3

========================================================================
Received Import Request.
  Time since last request: 39.178780 seconds.
  path: Assets/Art/Image (33) 2.png
  artifactKey: Guid(27e002faf1bdc1745a479efc2330d425) Importer(815301076,1909f56bfc062723c751e8b465ee728b)
Start importing Assets/Art/Image (33) 2.png using Guid(27e002faf1bdc1745a479efc2330d425) Importer(815301076,1909f56bfc062723c751e8b465ee728b) (PreviewImporter) -> (artifact id: '21f906b6b92ff3ba1ffa1a4e7ff2fb7a') in 0.0564266 seconds
Number of updated asset objects reloaded before import = 0Number of asset objects unloaded after import = 3

========================================================================
Received Import Request.
  Time since last request: 1.303328 seconds.
  path: Assets/Art/Image (36) 2.png
  artifactKey: Guid(9e60442f5073cd14a823465364c175c8) Importer(815301076,1909f56bfc062723c751e8b465ee728b)
Start importing Assets/Art/Image (36) 2.png using Guid(9e60442f5073cd14a823465364c175c8) Importer(815301076,1909f56bfc062723c751e8b465ee728b) (PreviewImporter) -> (artifact id: 'c2bd336ade7907352d5689f40433f654') in 0.043052 seconds
Number of updated asset objects reloaded before import = 0Number of asset objects unloaded after import = 3

========================================================================
Received Import Request.
  Time since last request: 2.182346 seconds.
  path: Assets/Art/Image (38) 2.png
  artifactKey: Guid(2c73cf672bdcef449aa45c40de2615fc) Importer(815301076,1909f56bfc062723c751e8b465ee728b)
Start importing Assets/Art/Image (38) 2.png using Guid(2c73cf672bdcef449aa45c40de2615fc) Importer(815301076,1909f56bfc062723c751e8b465ee728b) (PreviewImporter) -> (artifact id: 'b8faef4f3d8e2ed29a3c627b1c234f33') in 0.0281138 seconds
Number of updated asset objects reloaded before import = 0Number of asset objects unloaded after import = 3

========================================================================
Received Import Request.
  Time since last request: 0.000258 seconds.
  path: Assets/Art/Image (45) 2.png
  artifactKey: Guid(e8919d420c4986a4c9d29f4f15f54670) Importer(815301076,1909f56bfc062723c751e8b465ee728b)
Start importing Assets/Art/Image (45) 2.png using Guid(e8919d420c4986a4c9d29f4f15f54670) Importer(815301076,1909f56bfc062723c751e8b465ee728b) (PreviewImporter) -> (artifact id: 'cc1ef0a5e6c4109ecc916bd3821915ec') in 0.1170308 seconds
Number of updated asset objects reloaded before import = 0Number of asset objects unloaded after import = 3

Editor requested this worker to shutdown with reason: Scaling down because of idle timeout
AssetImportWorker is now disconnected from the server
Process exiting
Exiting without the bug reporter. Application will terminate with return code 0