Using pre-set license
Built from '6000.1/staging' branch; Version is '6000.1.7f1 (13a8ffad9172) revision 1288447'; Using compiler version '194234433'; Build Type 'Release'
OS: 'Windows 11  (10.0.26100) 64bit Core' Language: 'en' Physical Memory: 32491 MB
BatchMode: 1, IsHumanControllingUs: 0, StartBugReporterOnCrash: 0, Is64bit: 1, IsPro: 1
Date: 2025-08-04T12:05:52Z

COMMAND LINE ARGUMENTS:
C:\Program Files\Unity\Hub\Editor\6000.1.7f1\Editor\Unity.exe
-adb2
-batchMode
-noUpm
-name
AssetImportWorker17
-projectPath
D:/Projects/Unity/White Screen Test
-logFile
Logs/AssetImportWorker17.log
-srvPort
53295
-job-worker-count
15
-background-job-worker-count
8
-gc-helper-count
1
-name
AssetImport
Successfully changed project path to: D:/Projects/Unity/White Screen Test
D:/Projects/Unity/White Screen Test
[UnityMemory] Configuration Parameters - Can be set up in boot.config
    "memorysetup-allocator-temp-initial-block-size-main=262144"
    "memorysetup-allocator-temp-initial-block-size-worker=262144"
    "memorysetup-bucket-allocator-granularity=16"
    "memorysetup-bucket-allocator-bucket-count=8"
    "memorysetup-bucket-allocator-block-size=33554432"
    "memorysetup-bucket-allocator-block-count=8"
    "memorysetup-main-allocator-block-size=16777216"
    "memorysetup-thread-allocator-block-size=16777216"
    "memorysetup-gfx-main-allocator-block-size=16777216"
    "memorysetup-gfx-thread-allocator-block-size=16777216"
    "memorysetup-cache-allocator-block-size=4194304"
    "memorysetup-typetree-allocator-block-size=2097152"
    "memorysetup-profiler-bucket-allocator-granularity=16"
    "memorysetup-profiler-bucket-allocator-bucket-count=8"
    "memorysetup-profiler-bucket-allocator-block-size=33554432"
    "memorysetup-profiler-bucket-allocator-block-count=8"
    "memorysetup-profiler-allocator-block-size=16777216"
    "memorysetup-profiler-editor-allocator-block-size=1048576"
    "memorysetup-temp-allocator-size-main=16777216"
    "memorysetup-job-temp-allocator-block-size=2097152"
    "memorysetup-job-temp-allocator-block-size-background=1048576"
    "memorysetup-job-temp-allocator-reduction-small-platforms=262144"
    "memorysetup-temp-allocator-size-background-worker=32768"
    "memorysetup-temp-allocator-size-job-worker=262144"
    "memorysetup-temp-allocator-size-preload-manager=33554432"
    "memorysetup-temp-allocator-size-nav-mesh-worker=65536"
    "memorysetup-temp-allocator-size-audio-worker=65536"
    "memorysetup-temp-allocator-size-cloud-worker=32768"
    "memorysetup-temp-allocator-size-gi-baking-worker=262144"
    "memorysetup-temp-allocator-size-gi-baking-worker=262144"
    "memorysetup-temp-allocator-size-gi-baking-worker=262144"
    "memorysetup-temp-allocator-size-gi-baking-worker=262144"
    "memorysetup-temp-allocator-size-gi-baking-worker=262144"
    "memorysetup-temp-allocator-size-gfx=262144"
Player connection [39828]  Target information:

Player connection [39828]  * "[IP] 192.168.31.102 [Port] 0 [Flags] 2 [Guid] 4125370229 [EditorId] 4125370229 [Version] 1048832 [Id] WindowsEditor(7,Roman-PC) [Debug] 1 [PackageName] WindowsEditor [ProjectName] Editor" 

Player connection [39828] Host joined multi-casting on [225.0.0.222:54997]...
Player connection [39828] Host joined alternative multi-casting on [225.0.0.222:34997]...
JobSystem: Creating JobQueue using job-worker-count value 15
Input System module state changed to: Initialized.
[Physics::Module] Initialized fallback backend.
[Physics::Module] Id: 0xdecafbad
Library Redirect Path: Library/
[Physics::Module] Selected backend.
[Physics::Module] Name: PhysX
[Physics::Module] Id: 0xf2b8ea05
[Physics::Module] SDK Version: 4.1.2
[Physics::Module] Integration Version: 1.0.0
[Physics::Module] Threading Mode: Multi-Threaded
Refreshing native plugins compatible for Editor in 1.51 ms, found 4 plugins.
Preloading 0 native plugins for Editor in 0.00 ms.
Initialize engine version: 6000.1.7f1 (13a8ffad9172)
[Subsystems] Discovering subsystems at path C:/Program Files/Unity/Hub/Editor/6000.1.7f1/Editor/Data/Resources/UnitySubsystems
[Subsystems] Discovering subsystems at path D:/Projects/Unity/White Screen Test/Assets
GfxDevice: creating device client; kGfxThreadingModeNonThreaded
Direct3D:
    Version:  Direct3D 11.0 [level 11.1]
    Renderer: NVIDIA GeForce RTX 4080 Laptop GPU (ID=0x27e0)
    Vendor:   NVIDIA
    VRAM:     11997 MB
    Driver:   32.0.15.6094
Initialize mono
Mono path[0] = 'C:/Program Files/Unity/Hub/Editor/6000.1.7f1/Editor/Data/Managed'
Mono path[1] = 'C:/Program Files/Unity/Hub/Editor/6000.1.7f1/Editor/Data/MonoBleedingEdge/lib/mono/unityjit-win32'
Mono config path = 'C:/Program Files/Unity/Hub/Editor/6000.1.7f1/Editor/Data/MonoBleedingEdge/etc'
Using monoOptions --debugger-agent=transport=dt_socket,embedding=1,server=y,suspend=n,address=127.0.0.1:56996
Begin MonoManager ReloadAssembly
Registering precompiled unity dll's ...
Register platform support module: C:/Program Files/Unity/Hub/Editor/6000.1.7f1/Editor/Data/PlaybackEngines/WebGLSupport/UnityEditor.WebGL.Extensions.dll
Register platform support module: C:/Program Files/Unity/Hub/Editor/6000.1.7f1/Editor/Data/PlaybackEngines/WindowsStandaloneSupport/UnityEditor.WindowsStandalone.Extensions.dll
Register platform support module: C:/Program Files/Unity/Hub/Editor/6000.1.7f1/Editor/Data/PlaybackEngines/iOSSupport/UnityEditor.iOS.Extensions.dll
Registered in 0.001321 seconds.
- Loaded All Assemblies, in  0.320 seconds
[usbmuxd] Start listen thread
[usbmuxd] Listen thread started
[usbmuxd] Send listen message
Native extension for iOS target not found
[usbmuxd] Attached: 5 00008110-00040DA62E03801E
Native extension for WindowsStandalone target not found
Native extension for WebGL target not found
Mono: successfully reloaded assembly
- Finished resetting the current domain, in  0.260 seconds
Domain Reload Profiling: 579ms
	BeginReloadAssembly (117ms)
		ExecutionOrderSort (0ms)
		DisableScriptedObjects (0ms)
		BackupInstance (0ms)
		ReleaseScriptingObjects (0ms)
		CreateAndSetChildDomain (1ms)
	RebuildCommonClasses (32ms)
	RebuildNativeTypeToScriptingClass (10ms)
	initialDomainReloadingComplete (37ms)
	LoadAllAssembliesAndSetupDomain (122ms)
		LoadAssemblies (115ms)
		RebuildTransferFunctionScriptingTraits (0ms)
		AnalyzeDomain (119ms)
			TypeCache.Refresh (117ms)
				TypeCache.ScanAssembly (108ms)
			BuildScriptInfoCaches (0ms)
			ResolveRequiredComponents (0ms)
	FinalizeReload (260ms)
		ReleaseScriptCaches (0ms)
		RebuildScriptCaches (0ms)
		SetupLoadedEditorAssemblies (227ms)
			LogAssemblyErrors (0ms)
			InitializePlatformSupportModulesInManaged (47ms)
			SetLoadedEditorAssemblies (4ms)
			BeforeProcessingInitializeOnLoad (49ms)
			ProcessInitializeOnLoadAttributes (95ms)
			ProcessInitializeOnLoadMethodAttributes (32ms)
			AfterProcessingInitializeOnLoad (0ms)
			EditorAssembliesLoaded (0ms)
		ExecutionOrderSort2 (0ms)
		AwakeInstancesAfterBackupRestoration (0ms)
========================================================================
Worker process is ready to serve import requests
Import Worker Mode flag is 0x00
Begin MonoManager ReloadAssembly
- Loaded All Assemblies, in  0.829 seconds
Refreshing native plugins compatible for Editor in 0.97 ms, found 4 plugins.
Native extension for iOS target not found
Native extension for WindowsStandalone target not found
Native extension for WebGL target not found
Refreshing native plugins compatible for Editor in 0.88 ms, found 4 plugins.
Mono: successfully reloaded assembly
- Finished resetting the current domain, in  0.869 seconds
Domain Reload Profiling: 1696ms
	BeginReloadAssembly (154ms)
		ExecutionOrderSort (0ms)
		DisableScriptedObjects (5ms)
		BackupInstance (0ms)
		ReleaseScriptingObjects (0ms)
		CreateAndSetChildDomain (27ms)
	RebuildCommonClasses (30ms)
	RebuildNativeTypeToScriptingClass (11ms)
	initialDomainReloadingComplete (36ms)
	LoadAllAssembliesAndSetupDomain (596ms)
		LoadAssemblies (399ms)
		RebuildTransferFunctionScriptingTraits (0ms)
		AnalyzeDomain (282ms)
			TypeCache.Refresh (209ms)
				TypeCache.ScanAssembly (193ms)
			BuildScriptInfoCaches (58ms)
			ResolveRequiredComponents (11ms)
	FinalizeReload (869ms)
		ReleaseScriptCaches (0ms)
		RebuildScriptCaches (0ms)
		SetupLoadedEditorAssemblies (739ms)
			LogAssemblyErrors (0ms)
			InitializePlatformSupportModulesInManaged (11ms)
			SetLoadedEditorAssemblies (6ms)
			BeforeProcessingInitializeOnLoad (204ms)
			ProcessInitializeOnLoadAttributes (433ms)
			ProcessInitializeOnLoadMethodAttributes (83ms)
			AfterProcessingInitializeOnLoad (3ms)
			EditorAssembliesLoaded (0ms)
		ExecutionOrderSort2 (0ms)
		AwakeInstancesAfterBackupRestoration (5ms)
Launched and connected shader compiler UnityShaderCompiler.exe after 0.01 seconds
Refreshing native plugins compatible for Editor in 1.26 ms, found 4 plugins.
Preloading 0 native plugins for Editor in 0.00 ms.
Unloading 267 Unused Serialized files (Serialized files now loaded: 0)
Unloading 7242 unused Assets / (6.8 MB). Loaded Objects now: 7981.
Memory consumption went from 205.7 MB to 198.9 MB.
Total: 11.006900 ms (FindLiveObjects: 0.689800 ms CreateObjectMapping: 0.524200 ms MarkObjects: 6.622000 ms  DeleteObjects: 3.169500 ms)

========================================================================
Received Import Request.
  Time since last request: 244548.906660 seconds.
  path: Assets/Art/Image (304).png
  artifactKey: Guid(98988a3363fca514c930205e23d2d017) Importer(815301076,1909f56bfc062723c751e8b465ee728b)
Start importing Assets/Art/Image (304).png using Guid(98988a3363fca514c930205e23d2d017) Importer(815301076,1909f56bfc062723c751e8b465ee728b) (PreviewImporter) -> (artifact id: 'a8537fdaf62d0a7591cec4e6cb3b543f') in 0.1726361 seconds
Number of updated asset objects reloaded before import = 0Number of asset objects unloaded after import = 3

========================================================================
Received Import Request.
  Time since last request: 0.000019 seconds.
  path: Assets/Art/Image (501).png
  artifactKey: Guid(6cd0c39752e7ecf42ab979c0faa2a4a9) Importer(815301076,1909f56bfc062723c751e8b465ee728b)
Start importing Assets/Art/Image (501).png using Guid(6cd0c39752e7ecf42ab979c0faa2a4a9) Importer(815301076,1909f56bfc062723c751e8b465ee728b) (PreviewImporter) -> (artifact id: '23099f50553a02fe2063ed991a07ad45') in 0.0568668 seconds
Number of updated asset objects reloaded before import = 0Number of asset objects unloaded after import = 3

========================================================================
Received Import Request.
  Time since last request: 0.000029 seconds.
  path: Assets/Art/Image (1073).png
  artifactKey: Guid(e56a2f80ce6c8134aadbea1e332d05ab) Importer(815301076,1909f56bfc062723c751e8b465ee728b)
Start importing Assets/Art/Image (1073).png using Guid(e56a2f80ce6c8134aadbea1e332d05ab) Importer(815301076,1909f56bfc062723c751e8b465ee728b) (PreviewImporter) -> (artifact id: '05d968b3988d8de2ab62326ee39705b9') in 0.0242322 seconds
Number of updated asset objects reloaded before import = 0Number of asset objects unloaded after import = 3

========================================================================
Received Import Request.
  Time since last request: 0.000013 seconds.
  path: Assets/Art/Image (1215).png
  artifactKey: Guid(02d8abd7cb63f23419e284b9c2b5e588) Importer(815301076,1909f56bfc062723c751e8b465ee728b)
Start importing Assets/Art/Image (1215).png using Guid(02d8abd7cb63f23419e284b9c2b5e588) Importer(815301076,1909f56bfc062723c751e8b465ee728b) (PreviewImporter) -> (artifact id: '4620a52be598dd455baab0c663b04f45') in 0.0235932 seconds
Number of updated asset objects reloaded before import = 0Number of asset objects unloaded after import = 3

========================================================================
Received Import Request.
  Time since last request: 0.000013 seconds.
  path: Assets/Art/Image (1246).png
  artifactKey: Guid(8f8be9dfce8b2c944babd1f0c2033035) Importer(815301076,1909f56bfc062723c751e8b465ee728b)
Start importing Assets/Art/Image (1246).png using Guid(8f8be9dfce8b2c944babd1f0c2033035) Importer(815301076,1909f56bfc062723c751e8b465ee728b) (PreviewImporter) -> (artifact id: '239f1ef34ec89c56909c21999bc9cdb0') in 0.0248923 seconds
Number of updated asset objects reloaded before import = 0Number of asset objects unloaded after import = 3

========================================================================
Received Import Request.
  Time since last request: 0.000018 seconds.
  path: Assets/Art/Image (883).png
  artifactKey: Guid(dc6e86ee7a9e9754aa892bbb40ae7beb) Importer(815301076,1909f56bfc062723c751e8b465ee728b)
Start importing Assets/Art/Image (883).png using Guid(dc6e86ee7a9e9754aa892bbb40ae7beb) Importer(815301076,1909f56bfc062723c751e8b465ee728b) (PreviewImporter) -> (artifact id: '94efa26ed1d2aad22c2e48cd47f4d446') in 0.0269059 seconds
Number of updated asset objects reloaded before import = 0Number of asset objects unloaded after import = 3

========================================================================
Received Import Request.
  Time since last request: 0.000018 seconds.
  path: Assets/Art/Image (482).png
  artifactKey: Guid(3a3f64a69fee03d4ab2c76b95a51c29e) Importer(815301076,1909f56bfc062723c751e8b465ee728b)
Start importing Assets/Art/Image (482).png using Guid(3a3f64a69fee03d4ab2c76b95a51c29e) Importer(815301076,1909f56bfc062723c751e8b465ee728b) (PreviewImporter) -> (artifact id: 'd39b7f284ee96a8f6e2490b6c60fba7a') in 0.02335 seconds
Number of updated asset objects reloaded before import = 0Number of asset objects unloaded after import = 3

========================================================================
Received Import Request.
  Time since last request: 0.000024 seconds.
  path: Assets/Art/Image (1359).png
  artifactKey: Guid(ad91fef457465624f86a97c87b494201) Importer(815301076,1909f56bfc062723c751e8b465ee728b)
Start importing Assets/Art/Image (1359).png using Guid(ad91fef457465624f86a97c87b494201) Importer(815301076,1909f56bfc062723c751e8b465ee728b) (PreviewImporter) -> (artifact id: 'c742a8aedbef6784b266bfe411c18b7a') in 0.0225394 seconds
Number of updated asset objects reloaded before import = 0Number of asset objects unloaded after import = 3

========================================================================
Received Import Request.
  Time since last request: 0.000023 seconds.
  path: Assets/Art/Image (1392).png
  artifactKey: Guid(e73c8d267bfb20343948bb9e9b9750e0) Importer(815301076,1909f56bfc062723c751e8b465ee728b)
Start importing Assets/Art/Image (1392).png using Guid(e73c8d267bfb20343948bb9e9b9750e0) Importer(815301076,1909f56bfc062723c751e8b465ee728b) (PreviewImporter) -> (artifact id: '23d9df925b85ff87f9eb1faeb3e0426a') in 0.0303852 seconds
Number of updated asset objects reloaded before import = 0Number of asset objects unloaded after import = 3

========================================================================
Received Import Request.
  Time since last request: 0.000018 seconds.
  path: Assets/Art/Image (1441).png
  artifactKey: Guid(92c0650ddc76b1b4786369bb852af11b) Importer(815301076,1909f56bfc062723c751e8b465ee728b)
Start importing Assets/Art/Image (1441).png using Guid(92c0650ddc76b1b4786369bb852af11b) Importer(815301076,1909f56bfc062723c751e8b465ee728b) (PreviewImporter) -> (artifact id: 'a9a5adfd69ebd9f19ffa1972e1b77110') in 0.0299757 seconds
Number of updated asset objects reloaded before import = 0Number of asset objects unloaded after import = 3

========================================================================
Received Import Request.
  Time since last request: 0.000018 seconds.
  path: Assets/Art/Image (1488).png
  artifactKey: Guid(0abc218f8e578bd428f0d776e9f0b4ad) Importer(815301076,1909f56bfc062723c751e8b465ee728b)
Start importing Assets/Art/Image (1488).png using Guid(0abc218f8e578bd428f0d776e9f0b4ad) Importer(815301076,1909f56bfc062723c751e8b465ee728b) (PreviewImporter) -> (artifact id: '06a56074cc358c11f2733c41298fad30') in 0.0219978 seconds
Number of updated asset objects reloaded before import = 0Number of asset objects unloaded after import = 3

========================================================================
Received Import Request.
  Time since last request: 0.000014 seconds.
  path: Assets/Art/Image (495).png
  artifactKey: Guid(c9326d8ac4dca9a4ca2015e7dbc78cd8) Importer(815301076,1909f56bfc062723c751e8b465ee728b)
Start importing Assets/Art/Image (495).png using Guid(c9326d8ac4dca9a4ca2015e7dbc78cd8) Importer(815301076,1909f56bfc062723c751e8b465ee728b) (PreviewImporter) -> (artifact id: '686414d0f1202384371d340044dd8bc3') in 0.0246674 seconds
Number of updated asset objects reloaded before import = 0Number of asset objects unloaded after import = 3

========================================================================
Received Import Request.
  Time since last request: 0.000015 seconds.
  path: Assets/Art/Image (491).png
  artifactKey: Guid(1e2feb1ddf09ca5499908e92bbd9d19c) Importer(815301076,1909f56bfc062723c751e8b465ee728b)
Start importing Assets/Art/Image (491).png using Guid(1e2feb1ddf09ca5499908e92bbd9d19c) Importer(815301076,1909f56bfc062723c751e8b465ee728b) (PreviewImporter) -> (artifact id: '70ab1d341fc2cea5dc20207e5db85795') in 0.0245482 seconds
Number of updated asset objects reloaded before import = 0Number of asset objects unloaded after import = 3

========================================================================
Received Import Request.
  Time since last request: 0.000022 seconds.
  path: Assets/Art/Image (1198).png
  artifactKey: Guid(be3437c685d65764f967240398e93966) Importer(815301076,1909f56bfc062723c751e8b465ee728b)
Start importing Assets/Art/Image (1198).png using Guid(be3437c685d65764f967240398e93966) Importer(815301076,1909f56bfc062723c751e8b465ee728b) (PreviewImporter) -> (artifact id: '2b3bdae36787bc370546745ff8b1e727') in 0.0238884 seconds
Number of updated asset objects reloaded before import = 0Number of asset objects unloaded after import = 3

========================================================================
Received Import Request.
  Time since last request: 0.000019 seconds.
  path: Assets/Art/Image (1374).png
  artifactKey: Guid(d479d2493e40fa2478c9390b8e4ff0ce) Importer(815301076,1909f56bfc062723c751e8b465ee728b)
Start importing Assets/Art/Image (1374).png using Guid(d479d2493e40fa2478c9390b8e4ff0ce) Importer(815301076,1909f56bfc062723c751e8b465ee728b) (PreviewImporter) -> (artifact id: '86d66b61b4ed5badf3348a007f208fed') in 0.0242602 seconds
Number of updated asset objects reloaded before import = 0Number of asset objects unloaded after import = 3

========================================================================
Received Import Request.
  Time since last request: 0.000014 seconds.
  path: Assets/Art/Image (311).png
  artifactKey: Guid(aa0254c2a2fef024d89fc9410636284a) Importer(815301076,1909f56bfc062723c751e8b465ee728b)
Start importing Assets/Art/Image (311).png using Guid(aa0254c2a2fef024d89fc9410636284a) Importer(815301076,1909f56bfc062723c751e8b465ee728b) (PreviewImporter) -> (artifact id: '006299cc87e1f4bc095c2556f5cc27a7') in 0.0255877 seconds
Number of updated asset objects reloaded before import = 0Number of asset objects unloaded after import = 3

========================================================================
Received Import Request.
  Time since last request: 0.000018 seconds.
  path: Assets/Art/Image (1220).png
  artifactKey: Guid(5bb0b70991d415341b051ffc1371363a) Importer(815301076,1909f56bfc062723c751e8b465ee728b)
Start importing Assets/Art/Image (1220).png using Guid(5bb0b70991d415341b051ffc1371363a) Importer(815301076,1909f56bfc062723c751e8b465ee728b) (PreviewImporter) -> (artifact id: 'ffa384ce6ef72e999202dbd388bc1a1e') in 0.022702 seconds
Number of updated asset objects reloaded before import = 0Number of asset objects unloaded after import = 3

========================================================================
Received Import Request.
  Time since last request: 0.000013 seconds.
  path: Assets/Art/Image (1438).png
  artifactKey: Guid(98c4923551e72854b8667abbc9ec2a29) Importer(815301076,1909f56bfc062723c751e8b465ee728b)
Start importing Assets/Art/Image (1438).png using Guid(98c4923551e72854b8667abbc9ec2a29) Importer(815301076,1909f56bfc062723c751e8b465ee728b) (PreviewImporter) -> (artifact id: 'c01175c889ea61b8e235a1728075bed4') in 0.0259311 seconds
Number of updated asset objects reloaded before import = 0Number of asset objects unloaded after import = 3

========================================================================
Received Import Request.
  Time since last request: 0.000021 seconds.
  path: Assets/Art/Image (1376).png
  artifactKey: Guid(b20bf28b1a5b2d9468d33e9146b26672) Importer(815301076,1909f56bfc062723c751e8b465ee728b)
Start importing Assets/Art/Image (1376).png using Guid(b20bf28b1a5b2d9468d33e9146b26672) Importer(815301076,1909f56bfc062723c751e8b465ee728b) (PreviewImporter) -> (artifact id: '399deb6fbc59f10257942c7cba053354') in 0.022603 seconds
Number of updated asset objects reloaded before import = 0Number of asset objects unloaded after import = 3

========================================================================
Received Import Request.
  Time since last request: 0.000029 seconds.
  path: Assets/Art/Image (1485).png
  artifactKey: Guid(ac98ca752543b7b419d11e5458aaf818) Importer(815301076,1909f56bfc062723c751e8b465ee728b)
Start importing Assets/Art/Image (1485).png using Guid(ac98ca752543b7b419d11e5458aaf818) Importer(815301076,1909f56bfc062723c751e8b465ee728b) (PreviewImporter) -> (artifact id: 'd6270bb25485577a201c3dc3c98594d5') in 0.0241466 seconds
Number of updated asset objects reloaded before import = 0Number of asset objects unloaded after import = 3

========================================================================
Received Import Request.
  Time since last request: 0.000018 seconds.
  path: Assets/Art/Image (1465).png
  artifactKey: Guid(40ce572fb9a94e44b843e4088aeef47a) Importer(815301076,1909f56bfc062723c751e8b465ee728b)
Start importing Assets/Art/Image (1465).png using Guid(40ce572fb9a94e44b843e4088aeef47a) Importer(815301076,1909f56bfc062723c751e8b465ee728b) (PreviewImporter) -> (artifact id: 'fa9f33f66e916d234808a4ed3c383eac') in 0.0211005 seconds
Number of updated asset objects reloaded before import = 0Number of asset objects unloaded after import = 3

========================================================================
Received Import Request.
  Time since last request: 0.000017 seconds.
  path: Assets/Art/Image (1370).png
  artifactKey: Guid(8baaa4c295eb6a44783a7789515b773f) Importer(815301076,1909f56bfc062723c751e8b465ee728b)
Start importing Assets/Art/Image (1370).png using Guid(8baaa4c295eb6a44783a7789515b773f) Importer(815301076,1909f56bfc062723c751e8b465ee728b) (PreviewImporter) -> (artifact id: 'bdb99efc1d7c150e31436382bf7ab094') in 0.0259945 seconds
Number of updated asset objects reloaded before import = 0Number of asset objects unloaded after import = 3

========================================================================
Received Import Request.
  Time since last request: 0.000017 seconds.
  path: Assets/Art/Image (1483).png
  artifactKey: Guid(639f86f80fda79749b4519fd891561fd) Importer(815301076,1909f56bfc062723c751e8b465ee728b)
Start importing Assets/Art/Image (1483).png using Guid(639f86f80fda79749b4519fd891561fd) Importer(815301076,1909f56bfc062723c751e8b465ee728b) (PreviewImporter) -> (artifact id: '96264162dad562a6a935ea292b1a2398') in 0.0296777 seconds
Number of updated asset objects reloaded before import = 0Number of asset objects unloaded after import = 3

========================================================================
Received Import Request.
  Time since last request: 0.000020 seconds.
  path: Assets/Art/Image (497).png
  artifactKey: Guid(cd765cd6bcdb128498bb1561373d61df) Importer(815301076,1909f56bfc062723c751e8b465ee728b)
Start importing Assets/Art/Image (497).png using Guid(cd765cd6bcdb128498bb1561373d61df) Importer(815301076,1909f56bfc062723c751e8b465ee728b) (PreviewImporter) -> (artifact id: '01f71ffdc527fe32013dcc3c4580c43d') in 0.0270684 seconds
Number of updated asset objects reloaded before import = 0Number of asset objects unloaded after import = 3

========================================================================
Received Import Request.
  Time since last request: 0.000021 seconds.
  path: Assets/Art/Image (1500).png
  artifactKey: Guid(7c524e4cb41aed84dbcb4932e7d895b5) Importer(815301076,1909f56bfc062723c751e8b465ee728b)
Start importing Assets/Art/Image (1500).png using Guid(7c524e4cb41aed84dbcb4932e7d895b5) Importer(815301076,1909f56bfc062723c751e8b465ee728b) (PreviewImporter) -> (artifact id: 'b113598dc05d5c53998a3e27e48f223d') in 0.0239485 seconds
Number of updated asset objects reloaded before import = 0Number of asset objects unloaded after import = 3

========================================================================
Received Import Request.
  Time since last request: 0.000028 seconds.
  path: Assets/Art/Image (1209).png
  artifactKey: Guid(cd207eb33ff30cb43b08f77f26857d77) Importer(815301076,1909f56bfc062723c751e8b465ee728b)
Start importing Assets/Art/Image (1209).png using Guid(cd207eb33ff30cb43b08f77f26857d77) Importer(815301076,1909f56bfc062723c751e8b465ee728b) (PreviewImporter) -> (artifact id: '47b8098eb5f3bc7661c2d611e0c992aa') in 0.0264061 seconds
Number of updated asset objects reloaded before import = 0Number of asset objects unloaded after import = 3

========================================================================
Received Import Request.
  Time since last request: 0.000011 seconds.
  path: Assets/Art/Image (1406).png
  artifactKey: Guid(17b09f1bc9bd0f34bae3978d983d6855) Importer(815301076,1909f56bfc062723c751e8b465ee728b)
Start importing Assets/Art/Image (1406).png using Guid(17b09f1bc9bd0f34bae3978d983d6855) Importer(815301076,1909f56bfc062723c751e8b465ee728b) (PreviewImporter) -> (artifact id: '14dc83d37a823d1665156b03cd393ed6') in 0.0255184 seconds
Number of updated asset objects reloaded before import = 0Number of asset objects unloaded after import = 3

========================================================================
Received Import Request.
  Time since last request: 0.000019 seconds.
  path: Assets/Art/Image (310).png
  artifactKey: Guid(3f6ebbe72330e2b49b6bb24dbbda447a) Importer(815301076,1909f56bfc062723c751e8b465ee728b)
Start importing Assets/Art/Image (310).png using Guid(3f6ebbe72330e2b49b6bb24dbbda447a) Importer(815301076,1909f56bfc062723c751e8b465ee728b) (PreviewImporter) -> (artifact id: '27f01b9853a731c2771cf1b84d5d487f') in 0.0244429 seconds
Number of updated asset objects reloaded before import = 0Number of asset objects unloaded after import = 3

========================================================================
Received Import Request.
  Time since last request: 0.000013 seconds.
  path: Assets/Art/Image (1279).png
  artifactKey: Guid(fbf331ab6acf8244e956e7702883bab0) Importer(815301076,1909f56bfc062723c751e8b465ee728b)
Start importing Assets/Art/Image (1279).png using Guid(fbf331ab6acf8244e956e7702883bab0) Importer(815301076,1909f56bfc062723c751e8b465ee728b) (PreviewImporter) -> (artifact id: '070545786d60ab536da7374cdf7eb5e7') in 0.0216169 seconds
Number of updated asset objects reloaded before import = 0Number of asset objects unloaded after import = 3

========================================================================
Received Import Request.
  Time since last request: 0.000014 seconds.
  path: Assets/Art/Image (318).png
  artifactKey: Guid(9b14fb3ba11460444856c6b53755fda2) Importer(815301076,1909f56bfc062723c751e8b465ee728b)
Start importing Assets/Art/Image (318).png using Guid(9b14fb3ba11460444856c6b53755fda2) Importer(815301076,1909f56bfc062723c751e8b465ee728b) (PreviewImporter) -> (artifact id: '359bb7440913fc2aca841750f1002920') in 0.0259056 seconds
Number of updated asset objects reloaded before import = 0Number of asset objects unloaded after import = 3

========================================================================
Received Import Request.
  Time since last request: 0.000016 seconds.
  path: Assets/Art/Image (1270).png
  artifactKey: Guid(b2c04876187d5544fb56d7da71b94ae3) Importer(815301076,1909f56bfc062723c751e8b465ee728b)
Start importing Assets/Art/Image (1270).png using Guid(b2c04876187d5544fb56d7da71b94ae3) Importer(815301076,1909f56bfc062723c751e8b465ee728b) (PreviewImporter) -> (artifact id: 'c04818d8d7bc1ec52b1425122c7193dd') in 0.0240675 seconds
Number of updated asset objects reloaded before import = 0Number of asset objects unloaded after import = 3

========================================================================
Received Import Request.
  Time since last request: 0.000022 seconds.
  path: Assets/Art/Image (1350).png
  artifactKey: Guid(3efae420884f047479ad2e1c5426e23a) Importer(815301076,1909f56bfc062723c751e8b465ee728b)
Start importing Assets/Art/Image (1350).png using Guid(3efae420884f047479ad2e1c5426e23a) Importer(815301076,1909f56bfc062723c751e8b465ee728b) (PreviewImporter) -> (artifact id: 'f37b6cb3943c96c15db346490eab6e12') in 0.0245418 seconds
Number of updated asset objects reloaded before import = 0Number of asset objects unloaded after import = 3

========================================================================
Received Import Request.
  Time since last request: 0.000014 seconds.
  path: Assets/Art/Image (733).png
  artifactKey: Guid(247827c707df1494b899f712fd354026) Importer(815301076,1909f56bfc062723c751e8b465ee728b)
Start importing Assets/Art/Image (733).png using Guid(247827c707df1494b899f712fd354026) Importer(815301076,1909f56bfc062723c751e8b465ee728b) (PreviewImporter) -> (artifact id: '9871bd53ba672b6d6ba9c7c59c10527e') in 0.0263164 seconds
Number of updated asset objects reloaded before import = 0Number of asset objects unloaded after import = 3

========================================================================
Received Import Request.
  Time since last request: 0.000013 seconds.
  path: Assets/Art/Image (1285).png
  artifactKey: Guid(22791daf9eda8ec4d8b005cd32e8b459) Importer(815301076,1909f56bfc062723c751e8b465ee728b)
Start importing Assets/Art/Image (1285).png using Guid(22791daf9eda8ec4d8b005cd32e8b459) Importer(815301076,1909f56bfc062723c751e8b465ee728b) (PreviewImporter) -> (artifact id: '073ca5c0eff0ec33b6c41495e18067cb') in 0.0236322 seconds
Number of updated asset objects reloaded before import = 0Number of asset objects unloaded after import = 3

========================================================================
Received Import Request.
  Time since last request: 0.000013 seconds.
  path: Assets/Art/Image (1195).png
  artifactKey: Guid(6f5bafcb55dd26e46a3f27c841cf68e1) Importer(815301076,1909f56bfc062723c751e8b465ee728b)
Start importing Assets/Art/Image (1195).png using Guid(6f5bafcb55dd26e46a3f27c841cf68e1) Importer(815301076,1909f56bfc062723c751e8b465ee728b) (PreviewImporter) -> (artifact id: 'b337a0e2bbfdbd5ce69611e4a9e22b9d') in 0.0248283 seconds
Number of updated asset objects reloaded before import = 0Number of asset objects unloaded after import = 3

========================================================================
Received Import Request.
  Time since last request: 0.000019 seconds.
  path: Assets/Art/Image (1212).png
  artifactKey: Guid(97cfef7d14d8d0f40b4e7538e44da538) Importer(815301076,1909f56bfc062723c751e8b465ee728b)
Start importing Assets/Art/Image (1212).png using Guid(97cfef7d14d8d0f40b4e7538e44da538) Importer(815301076,1909f56bfc062723c751e8b465ee728b) (PreviewImporter) -> (artifact id: 'a992c346a24700af0e31cc3266814dcb') in 0.0232474 seconds
Number of updated asset objects reloaded before import = 0Number of asset objects unloaded after import = 3

========================================================================
Received Import Request.
  Time since last request: 0.000016 seconds.
  path: Assets/Art/Image (1292).png
  artifactKey: Guid(af9117906af711f4d9964ed437207137) Importer(815301076,1909f56bfc062723c751e8b465ee728b)
Start importing Assets/Art/Image (1292).png using Guid(af9117906af711f4d9964ed437207137) Importer(815301076,1909f56bfc062723c751e8b465ee728b) (PreviewImporter) -> (artifact id: '4740e1a6055ccde61fd60b6af9009087') in 0.0252925 seconds
Number of updated asset objects reloaded before import = 0Number of asset objects unloaded after import = 3

========================================================================
Received Import Request.
  Time since last request: 0.000031 seconds.
  path: Assets/Art/Image (882).png
  artifactKey: Guid(078e32310f4c48a4182b65dbe7079a6e) Importer(815301076,1909f56bfc062723c751e8b465ee728b)
Start importing Assets/Art/Image (882).png using Guid(078e32310f4c48a4182b65dbe7079a6e) Importer(815301076,1909f56bfc062723c751e8b465ee728b) (PreviewImporter) -> (artifact id: 'fe08108bec5455bcaa4d051e3672fee7') in 0.0251534 seconds
Number of updated asset objects reloaded before import = 0Number of asset objects unloaded after import = 3

========================================================================
Received Import Request.
  Time since last request: 0.000016 seconds.
  path: Assets/Art/Image (1504).png
  artifactKey: Guid(75a6c18eaa7575447b90eb76385dcc48) Importer(815301076,1909f56bfc062723c751e8b465ee728b)
Start importing Assets/Art/Image (1504).png using Guid(75a6c18eaa7575447b90eb76385dcc48) Importer(815301076,1909f56bfc062723c751e8b465ee728b) (PreviewImporter) -> (artifact id: '784fdf1afa6ce1b9c7b325fbb40cf1ff') in 0.0246504 seconds
Number of updated asset objects reloaded before import = 0Number of asset objects unloaded after import = 3

========================================================================
Received Import Request.
  Time since last request: 0.000016 seconds.
  path: Assets/Art/Image (1498).png
  artifactKey: Guid(60a80eaa6549a8340a77229e8cc0c960) Importer(815301076,1909f56bfc062723c751e8b465ee728b)
Start importing Assets/Art/Image (1498).png using Guid(60a80eaa6549a8340a77229e8cc0c960) Importer(815301076,1909f56bfc062723c751e8b465ee728b) (PreviewImporter) -> (artifact id: '295147ef108d0e6b9f5cefd0073d901b') in 0.0213924 seconds
Number of updated asset objects reloaded before import = 0Number of asset objects unloaded after import = 3

========================================================================
Received Import Request.
  Time since last request: 0.000014 seconds.
  path: Assets/Art/Image (1237).png
  artifactKey: Guid(e050c66c2fa73504a82f990e63d581f8) Importer(815301076,1909f56bfc062723c751e8b465ee728b)
Start importing Assets/Art/Image (1237).png using Guid(e050c66c2fa73504a82f990e63d581f8) Importer(815301076,1909f56bfc062723c751e8b465ee728b) (PreviewImporter) -> (artifact id: 'ce18f5eb49507b0494494091f4c31ec6') in 0.0268457 seconds
Number of updated asset objects reloaded before import = 0Number of asset objects unloaded after import = 3

========================================================================
Received Import Request.
  Time since last request: 0.000019 seconds.
  path: Assets/Art/Image (1261).png
  artifactKey: Guid(4804b119acf24fc469f3e1c7c391f7c3) Importer(815301076,1909f56bfc062723c751e8b465ee728b)
Start importing Assets/Art/Image (1261).png using Guid(4804b119acf24fc469f3e1c7c391f7c3) Importer(815301076,1909f56bfc062723c751e8b465ee728b) (PreviewImporter) -> (artifact id: 'df6a473c90135e86a90b00b9c298adf9') in 0.021044 seconds
Number of updated asset objects reloaded before import = 0Number of asset objects unloaded after import = 3

========================================================================
Received Import Request.
  Time since last request: 0.000020 seconds.
  path: Assets/Art/Image (1276).png
  artifactKey: Guid(28a7b5161baff314db6ac144f3410c99) Importer(815301076,1909f56bfc062723c751e8b465ee728b)
Start importing Assets/Art/Image (1276).png using Guid(28a7b5161baff314db6ac144f3410c99) Importer(815301076,1909f56bfc062723c751e8b465ee728b) (PreviewImporter) -> (artifact id: '63bfd55a0b87cdbdb55ab89831d86528') in 0.0243282 seconds
Number of updated asset objects reloaded before import = 0Number of asset objects unloaded after import = 3

========================================================================
Received Import Request.
  Time since last request: 0.000021 seconds.
  path: Assets/Art/Image (1413).png
  artifactKey: Guid(dc31d984497ddfc42a453da30758c093) Importer(815301076,1909f56bfc062723c751e8b465ee728b)
Start importing Assets/Art/Image (1413).png using Guid(dc31d984497ddfc42a453da30758c093) Importer(815301076,1909f56bfc062723c751e8b465ee728b) (PreviewImporter) -> (artifact id: '75fd4f7f9cb0db4b7c089ddf6b0bd602') in 0.0233851 seconds
Number of updated asset objects reloaded before import = 0Number of asset objects unloaded after import = 3

========================================================================
Received Import Request.
  Time since last request: 0.000020 seconds.
  path: Assets/Art/Image (330).png
  artifactKey: Guid(cc481f825f0511c408c13415c409848d) Importer(815301076,1909f56bfc062723c751e8b465ee728b)
Start importing Assets/Art/Image (330).png using Guid(cc481f825f0511c408c13415c409848d) Importer(815301076,1909f56bfc062723c751e8b465ee728b) (PreviewImporter) -> (artifact id: '554c1fa6d11fc5e90181e03753f3f84e') in 0.0225343 seconds
Number of updated asset objects reloaded before import = 0Number of asset objects unloaded after import = 3

========================================================================
Received Import Request.
  Time since last request: 0.000014 seconds.
  path: Assets/Art/Image (1206).png
  artifactKey: Guid(d6dd1b0bb301cd74bad860309d073946) Importer(815301076,1909f56bfc062723c751e8b465ee728b)
Start importing Assets/Art/Image (1206).png using Guid(d6dd1b0bb301cd74bad860309d073946) Importer(815301076,1909f56bfc062723c751e8b465ee728b) (PreviewImporter) -> (artifact id: '3870bc641b7b2bf1267f9c9cb4d4fcac') in 0.0223752 seconds
Number of updated asset objects reloaded before import = 0Number of asset objects unloaded after import = 3

========================================================================
Received Import Request.
  Time since last request: 0.000017 seconds.
  path: Assets/Art/Image (1039).png
  artifactKey: Guid(b4d9a1a61406bc4448e0d8b313b5a61f) Importer(815301076,1909f56bfc062723c751e8b465ee728b)
Start importing Assets/Art/Image (1039).png using Guid(b4d9a1a61406bc4448e0d8b313b5a61f) Importer(815301076,1909f56bfc062723c751e8b465ee728b) (PreviewImporter) -> (artifact id: '68db3cf01baa1240e3a6b110441a237f') in 0.0319713 seconds
Number of updated asset objects reloaded before import = 0Number of asset objects unloaded after import = 3

========================================================================
Received Import Request.
  Time since last request: 0.000019 seconds.
  path: Assets/Art/Image (1486).png
  artifactKey: Guid(cf2fac95936bd864eb12c98141e8b2f2) Importer(815301076,1909f56bfc062723c751e8b465ee728b)
Start importing Assets/Art/Image (1486).png using Guid(cf2fac95936bd864eb12c98141e8b2f2) Importer(815301076,1909f56bfc062723c751e8b465ee728b) (PreviewImporter) -> (artifact id: '2168438b84528a536f0003f0f607b4de') in 0.0212142 seconds
Number of updated asset objects reloaded before import = 0Number of asset objects unloaded after import = 3

========================================================================
Received Import Request.
  Time since last request: 0.000023 seconds.
  path: Assets/Art/Image (1192).png
  artifactKey: Guid(03c8264bf3ef966479fbb58db31e3a31) Importer(815301076,1909f56bfc062723c751e8b465ee728b)
Start importing Assets/Art/Image (1192).png using Guid(03c8264bf3ef966479fbb58db31e3a31) Importer(815301076,1909f56bfc062723c751e8b465ee728b) (PreviewImporter) -> (artifact id: 'd65b9f3da374b322a529eba62a640e58') in 0.0306863 seconds
Number of updated asset objects reloaded before import = 0Number of asset objects unloaded after import = 3

========================================================================
Received Import Request.
  Time since last request: 0.000013 seconds.
  path: Assets/Art/Image (1301).png
  artifactKey: Guid(ff577bd78d229b94baf353bfcc02322e) Importer(815301076,1909f56bfc062723c751e8b465ee728b)
Start importing Assets/Art/Image (1301).png using Guid(ff577bd78d229b94baf353bfcc02322e) Importer(815301076,1909f56bfc062723c751e8b465ee728b) (PreviewImporter) -> (artifact id: '4168f738dd87fa59297d5c6963cbbe6b') in 0.0234189 seconds
Number of updated asset objects reloaded before import = 0Number of asset objects unloaded after import = 3

========================================================================
Received Import Request.
  Time since last request: 0.000017 seconds.
  path: Assets/Art/Image (1035).png
  artifactKey: Guid(7be56e4099be7504b8e476a9120a6f0d) Importer(815301076,1909f56bfc062723c751e8b465ee728b)
Start importing Assets/Art/Image (1035).png using Guid(7be56e4099be7504b8e476a9120a6f0d) Importer(815301076,1909f56bfc062723c751e8b465ee728b) (PreviewImporter) -> (artifact id: '2890d0734e76a04faed3bb54a62767d7') in 0.0247439 seconds
Number of updated asset objects reloaded before import = 0Number of asset objects unloaded after import = 3

========================================================================
Received Import Request.
  Time since last request: 0.000014 seconds.
  path: Assets/Art/Image (1415).png
  artifactKey: Guid(da28c5810b002904cadef8386f5951ef) Importer(815301076,1909f56bfc062723c751e8b465ee728b)
Start importing Assets/Art/Image (1415).png using Guid(da28c5810b002904cadef8386f5951ef) Importer(815301076,1909f56bfc062723c751e8b465ee728b) (PreviewImporter) -> (artifact id: '870c1c46b3df661e74c6995490572696') in 0.021626 seconds
Number of updated asset objects reloaded before import = 0Number of asset objects unloaded after import = 3

========================================================================
Received Import Request.
  Time since last request: 4.906844 seconds.
  path: Assets/Art/Image (1459).png
  artifactKey: Guid(a795aadacffba6b4e908d9da1bf29e3a) Importer(815301076,1909f56bfc062723c751e8b465ee728b)
Start importing Assets/Art/Image (1459).png using Guid(a795aadacffba6b4e908d9da1bf29e3a) Importer(815301076,1909f56bfc062723c751e8b465ee728b) (PreviewImporter) -> (artifact id: '44b80d5ef9ee9c1c30dbb0b7812ee62b') in 0.0894924 seconds
Number of updated asset objects reloaded before import = 0Number of asset objects unloaded after import = 3

========================================================================
Received Import Request.
  Time since last request: 0.000013 seconds.
  path: Assets/Art/Image (1128).png
  artifactKey: Guid(199969c649e4e754386a943ecc3ed769) Importer(815301076,1909f56bfc062723c751e8b465ee728b)
Start importing Assets/Art/Image (1128).png using Guid(199969c649e4e754386a943ecc3ed769) Importer(815301076,1909f56bfc062723c751e8b465ee728b) (PreviewImporter) -> (artifact id: '62a23320f8a1ce64aaf1d5dff7c189a3') in 0.0868303 seconds
Number of updated asset objects reloaded before import = 0Number of asset objects unloaded after import = 3

========================================================================
Received Import Request.
  Time since last request: 0.000024 seconds.
  path: Assets/Art/Image (839).png
  artifactKey: Guid(b13f2eaaab2310847b6fb80dbd899eaa) Importer(815301076,1909f56bfc062723c751e8b465ee728b)
Start importing Assets/Art/Image (839).png using Guid(b13f2eaaab2310847b6fb80dbd899eaa) Importer(815301076,1909f56bfc062723c751e8b465ee728b) (PreviewImporter) -> (artifact id: '51289160afc7b90f0e5e3cebe624fe47') in 0.0261832 seconds
Number of updated asset objects reloaded before import = 0Number of asset objects unloaded after import = 3

========================================================================
Received Import Request.
  Time since last request: 0.000022 seconds.
  path: Assets/Art/Image (814).png
  artifactKey: Guid(45ece4fc1d5485d4393a8296876713ca) Importer(815301076,1909f56bfc062723c751e8b465ee728b)
Start importing Assets/Art/Image (814).png using Guid(45ece4fc1d5485d4393a8296876713ca) Importer(815301076,1909f56bfc062723c751e8b465ee728b) (PreviewImporter) -> (artifact id: 'a4a35a235a80a8f55625d20debf2feee') in 0.0229491 seconds
Number of updated asset objects reloaded before import = 0Number of asset objects unloaded after import = 3

========================================================================
Received Import Request.
  Time since last request: 0.000016 seconds.
  path: Assets/Art/Image (1317).png
  artifactKey: Guid(8d8fc6715f263f449b59afb8fcdc05da) Importer(815301076,1909f56bfc062723c751e8b465ee728b)
Start importing Assets/Art/Image (1317).png using Guid(8d8fc6715f263f449b59afb8fcdc05da) Importer(815301076,1909f56bfc062723c751e8b465ee728b) (PreviewImporter) -> (artifact id: 'b294d5d143957b033ecb855b66ce69c3') in 0.0243715 seconds
Number of updated asset objects reloaded before import = 0Number of asset objects unloaded after import = 3

========================================================================
Received Import Request.
  Time since last request: 0.000015 seconds.
  path: Assets/Art/Image (436).png
  artifactKey: Guid(c43b19e5698395a45b2c696057d59e99) Importer(815301076,1909f56bfc062723c751e8b465ee728b)
Start importing Assets/Art/Image (436).png using Guid(c43b19e5698395a45b2c696057d59e99) Importer(815301076,1909f56bfc062723c751e8b465ee728b) (PreviewImporter) -> (artifact id: 'fc5d2ccf840c3a823198722a763cc28a') in 0.0251871 seconds
Number of updated asset objects reloaded before import = 0Number of asset objects unloaded after import = 3

========================================================================
Received Import Request.
  Time since last request: 0.000020 seconds.
  path: Assets/Art/Image (1122).png
  artifactKey: Guid(36abd8e3f05799a42bd4eabeb2ecfcc1) Importer(815301076,1909f56bfc062723c751e8b465ee728b)
Start importing Assets/Art/Image (1122).png using Guid(36abd8e3f05799a42bd4eabeb2ecfcc1) Importer(815301076,1909f56bfc062723c751e8b465ee728b) (PreviewImporter) -> (artifact id: '37d42bf332acb66aa4426a4047df0ef1') in 0.02269 seconds
Number of updated asset objects reloaded before import = 0Number of asset objects unloaded after import = 3

========================================================================
Received Import Request.
  Time since last request: 0.000021 seconds.
  path: Assets/Art/Image (1129).png
  artifactKey: Guid(5a2ff330f4c9b8448914549e9bee74ad) Importer(815301076,1909f56bfc062723c751e8b465ee728b)
Start importing Assets/Art/Image (1129).png using Guid(5a2ff330f4c9b8448914549e9bee74ad) Importer(815301076,1909f56bfc062723c751e8b465ee728b) (PreviewImporter) -> (artifact id: 'a636ba06aff65cb85469d505f281725e') in 0.0273658 seconds
Number of updated asset objects reloaded before import = 0Number of asset objects unloaded after import = 3

========================================================================
Received Import Request.
  Time since last request: 0.000016 seconds.
  path: Assets/Art/Image (815).png
  artifactKey: Guid(ea0693a814558e443bcc519e14fd12e5) Importer(815301076,1909f56bfc062723c751e8b465ee728b)
Start importing Assets/Art/Image (815).png using Guid(ea0693a814558e443bcc519e14fd12e5) Importer(815301076,1909f56bfc062723c751e8b465ee728b) (PreviewImporter) -> (artifact id: '982b5ccb3a2933071e9642847df0777d') in 0.0229208 seconds
Number of updated asset objects reloaded before import = 0Number of asset objects unloaded after import = 3

========================================================================
Received Import Request.
  Time since last request: 0.000026 seconds.
  path: Assets/Art/Image (1131).png
  artifactKey: Guid(048ce58b92088914d9e682918f86198d) Importer(815301076,1909f56bfc062723c751e8b465ee728b)
Start importing Assets/Art/Image (1131).png using Guid(048ce58b92088914d9e682918f86198d) Importer(815301076,1909f56bfc062723c751e8b465ee728b) (PreviewImporter) -> (artifact id: 'a2cca578c30dd4bd27a56605a291370f') in 0.0274547 seconds
Number of updated asset objects reloaded before import = 0Number of asset objects unloaded after import = 3

========================================================================
Received Import Request.
  Time since last request: 0.000013 seconds.
  path: Assets/Art/Image (1114).png
  artifactKey: Guid(8c6440c25af7d6d43bf4a08885d5db20) Importer(815301076,1909f56bfc062723c751e8b465ee728b)
Start importing Assets/Art/Image (1114).png using Guid(8c6440c25af7d6d43bf4a08885d5db20) Importer(815301076,1909f56bfc062723c751e8b465ee728b) (PreviewImporter) -> (artifact id: 'aa91912f130a433a031e4c949bb4ad7b') in 0.0288507 seconds
Number of updated asset objects reloaded before import = 0Number of asset objects unloaded after import = 3

========================================================================
Received Import Request.
  Time since last request: 0.000013 seconds.
  path: Assets/Art/Image (550).png
  artifactKey: Guid(767bb58845df95a4790d18d253a3d4bc) Importer(815301076,1909f56bfc062723c751e8b465ee728b)
Start importing Assets/Art/Image (550).png using Guid(767bb58845df95a4790d18d253a3d4bc) Importer(815301076,1909f56bfc062723c751e8b465ee728b) (PreviewImporter) -> (artifact id: 'a7d799d37fab86ef576c1ebc6428f63c') in 0.0222313 seconds
Number of updated asset objects reloaded before import = 0Number of asset objects unloaded after import = 3

========================================================================
Received Import Request.
  Time since last request: 0.000011 seconds.
  path: Assets/Art/Image (1127).png
  artifactKey: Guid(6126ab7388a61a143bffdf979ad5f3ea) Importer(815301076,1909f56bfc062723c751e8b465ee728b)
Start importing Assets/Art/Image (1127).png using Guid(6126ab7388a61a143bffdf979ad5f3ea) Importer(815301076,1909f56bfc062723c751e8b465ee728b) (PreviewImporter) -> (artifact id: '502708380e332b8fa42c5fa6c1697f5d') in 0.0197135 seconds
Number of updated asset objects reloaded before import = 0Number of asset objects unloaded after import = 3

========================================================================
Received Import Request.
  Time since last request: 69.633081 seconds.
  path: Assets/Art/Image (344).png
  artifactKey: Guid(363dae82162e76941a7d5f727011307c) Importer(815301076,1909f56bfc062723c751e8b465ee728b)
Start importing Assets/Art/Image (344).png using Guid(363dae82162e76941a7d5f727011307c) Importer(815301076,1909f56bfc062723c751e8b465ee728b) (PreviewImporter) -> (artifact id: 'e7504b1c4ed398fb134f4ce99f306466') in 0.0675195 seconds
Number of updated asset objects reloaded before import = 0Number of asset objects unloaded after import = 3

========================================================================
Received Import Request.
  Time since last request: 0.000013 seconds.
  path: Assets/Art/Image (440).png
  artifactKey: Guid(c47d1ff8aab88ff41a5126ee2af07ebe) Importer(815301076,1909f56bfc062723c751e8b465ee728b)
Start importing Assets/Art/Image (440).png using Guid(c47d1ff8aab88ff41a5126ee2af07ebe) Importer(815301076,1909f56bfc062723c751e8b465ee728b) (PreviewImporter) -> (artifact id: 'ea3fbc4a70a0776d3833e53dd962875b') in 0.0915527 seconds
Number of updated asset objects reloaded before import = 0Number of asset objects unloaded after import = 3

========================================================================
Received Import Request.
  Time since last request: 0.000014 seconds.
  path: Assets/Art/Image (567).png
  artifactKey: Guid(ba432e6fe6bc8a34aa56932070844eda) Importer(815301076,1909f56bfc062723c751e8b465ee728b)
Start importing Assets/Art/Image (567).png using Guid(ba432e6fe6bc8a34aa56932070844eda) Importer(815301076,1909f56bfc062723c751e8b465ee728b) (PreviewImporter) -> (artifact id: 'df38c1e57947ed8a5d397c458f4f4747') in 0.0956106 seconds
Number of updated asset objects reloaded before import = 0Number of asset objects unloaded after import = 3

========================================================================
Received Import Request.
  Time since last request: 0.000038 seconds.
  path: Assets/Art/Image (593).png
  artifactKey: Guid(9cd3dae23f54f2e47836b3d61e49ea93) Importer(815301076,1909f56bfc062723c751e8b465ee728b)
Start importing Assets/Art/Image (593).png using Guid(9cd3dae23f54f2e47836b3d61e49ea93) Importer(815301076,1909f56bfc062723c751e8b465ee728b) (PreviewImporter) -> (artifact id: 'e2a4c580f5579954be90480a7ed6fe37') in 0.0588147 seconds
Number of updated asset objects reloaded before import = 0Number of asset objects unloaded after import = 3

========================================================================
Received Import Request.
  Time since last request: 0.000015 seconds.
  path: Assets/Art/Image (592).png
  artifactKey: Guid(c61f2913f548e1b439a59e3491585ebe) Importer(815301076,1909f56bfc062723c751e8b465ee728b)
Start importing Assets/Art/Image (592).png using Guid(c61f2913f548e1b439a59e3491585ebe) Importer(815301076,1909f56bfc062723c751e8b465ee728b) (PreviewImporter) -> (artifact id: 'c77ac4e1f585a18c29a54f29c23e0705') in 0.0285676 seconds
Number of updated asset objects reloaded before import = 0Number of asset objects unloaded after import = 3

========================================================================
Received Import Request.
  Time since last request: 0.000015 seconds.
  path: Assets/Art/Image (594).png
  artifactKey: Guid(54bfacad274e2c44a837d433aa3d6932) Importer(815301076,1909f56bfc062723c751e8b465ee728b)
Start importing Assets/Art/Image (594).png using Guid(54bfacad274e2c44a837d433aa3d6932) Importer(815301076,1909f56bfc062723c751e8b465ee728b) (PreviewImporter) -> (artifact id: '5cc33e1a27bb599e88118f097f87cc35') in 0.0326745 seconds
Number of updated asset objects reloaded before import = 0Number of asset objects unloaded after import = 3

========================================================================
Received Import Request.
  Time since last request: 0.000018 seconds.
  path: Assets/Art/Image (597).png
  artifactKey: Guid(41c647eefda3e9f429917106864e57ae) Importer(815301076,1909f56bfc062723c751e8b465ee728b)
Start importing Assets/Art/Image (597).png using Guid(41c647eefda3e9f429917106864e57ae) Importer(815301076,1909f56bfc062723c751e8b465ee728b) (PreviewImporter) -> (artifact id: 'b0c004690983a984077c701dac265174') in 0.0271188 seconds
Number of updated asset objects reloaded before import = 0Number of asset objects unloaded after import = 3

========================================================================
Received Import Request.
  Time since last request: 0.000018 seconds.
  path: Assets/Art/Image (438).png
  artifactKey: Guid(cb87d3dbd24106c49a1f3a6b0405028e) Importer(815301076,1909f56bfc062723c751e8b465ee728b)
Start importing Assets/Art/Image (438).png using Guid(cb87d3dbd24106c49a1f3a6b0405028e) Importer(815301076,1909f56bfc062723c751e8b465ee728b) (PreviewImporter) -> (artifact id: '900602f0eec54ac85e627a4323699300') in 0.0251847 seconds
Number of updated asset objects reloaded before import = 0Number of asset objects unloaded after import = 3

========================================================================
Received Import Request.
  Time since last request: 0.000033 seconds.
  path: Assets/Art/Image (1070).png
  artifactKey: Guid(103b038b602ea9948937644f2bf61ff4) Importer(815301076,1909f56bfc062723c751e8b465ee728b)
Start importing Assets/Art/Image (1070).png using Guid(103b038b602ea9948937644f2bf61ff4) Importer(815301076,1909f56bfc062723c751e8b465ee728b) (PreviewImporter) -> (artifact id: '946c198384a6bd3af8c3ac1181d6e30b') in 0.0316443 seconds
Number of updated asset objects reloaded before import = 0Number of asset objects unloaded after import = 3

========================================================================
Received Import Request.
  Time since last request: 0.000015 seconds.
  path: Assets/Art/Image (570).png
  artifactKey: Guid(04e2afbb079151c4887775a2e70742ad) Importer(815301076,1909f56bfc062723c751e8b465ee728b)
Start importing Assets/Art/Image (570).png using Guid(04e2afbb079151c4887775a2e70742ad) Importer(815301076,1909f56bfc062723c751e8b465ee728b) (PreviewImporter) -> (artifact id: 'b5d49724e12111a69ff9812867c52172') in 0.0228698 seconds
Number of updated asset objects reloaded before import = 0Number of asset objects unloaded after import = 3

========================================================================
Received Import Request.
  Time since last request: 0.000017 seconds.
  path: Assets/Art/Image (1136).png
  artifactKey: Guid(a3d83becb6e9ec24e8bf094e2340c21f) Importer(815301076,1909f56bfc062723c751e8b465ee728b)
Start importing Assets/Art/Image (1136).png using Guid(a3d83becb6e9ec24e8bf094e2340c21f) Importer(815301076,1909f56bfc062723c751e8b465ee728b) (PreviewImporter) -> (artifact id: '71afe1245c475af883d009cbe67e15b5') in 0.0229647 seconds
Number of updated asset objects reloaded before import = 0Number of asset objects unloaded after import = 3

========================================================================
Received Import Request.
  Time since last request: 0.000019 seconds.
  path: Assets/Art/Image (1145).png
  artifactKey: Guid(9e275c359b00d4e4baaaf13902269a71) Importer(815301076,1909f56bfc062723c751e8b465ee728b)
Start importing Assets/Art/Image (1145).png using Guid(9e275c359b00d4e4baaaf13902269a71) Importer(815301076,1909f56bfc062723c751e8b465ee728b) (PreviewImporter) -> (artifact id: 'aa93251f32fe43fc009f59906c3bb5fd') in 0.023265 seconds
Number of updated asset objects reloaded before import = 0Number of asset objects unloaded after import = 3

========================================================================
Received Import Request.
  Time since last request: 0.000013 seconds.
  path: Assets/Art/Image (1044).png
  artifactKey: Guid(6b7440b5e2740c5419e7b77ac4ed45b6) Importer(815301076,1909f56bfc062723c751e8b465ee728b)
Start importing Assets/Art/Image (1044).png using Guid(6b7440b5e2740c5419e7b77ac4ed45b6) Importer(815301076,1909f56bfc062723c751e8b465ee728b) (PreviewImporter) -> (artifact id: '93d76840547b9bbf52893e1b37b7fb1a') in 0.0248162 seconds
Number of updated asset objects reloaded before import = 0Number of asset objects unloaded after import = 3

========================================================================
Received Import Request.
  Time since last request: 0.000022 seconds.
  path: Assets/Art/Image (684).png
  artifactKey: Guid(5d52976a1924a51488706f46bd03e216) Importer(815301076,1909f56bfc062723c751e8b465ee728b)
Start importing Assets/Art/Image (684).png using Guid(5d52976a1924a51488706f46bd03e216) Importer(815301076,1909f56bfc062723c751e8b465ee728b) (PreviewImporter) -> (artifact id: 'e6fa76fd4936f828405af6ed55d4fafd') in 0.021824 seconds
Number of updated asset objects reloaded before import = 0Number of asset objects unloaded after import = 3

========================================================================
Received Import Request.
  Time since last request: 0.000022 seconds.
  path: Assets/Art/Image (1068).png
  artifactKey: Guid(e3b162aaa0bda284d857ec59c2d11cf2) Importer(815301076,1909f56bfc062723c751e8b465ee728b)
Start importing Assets/Art/Image (1068).png using Guid(e3b162aaa0bda284d857ec59c2d11cf2) Importer(815301076,1909f56bfc062723c751e8b465ee728b) (PreviewImporter) -> (artifact id: '9b712b016c6cc39c71fa2b02aab0ab4c') in 0.0284008 seconds
Number of updated asset objects reloaded before import = 0Number of asset objects unloaded after import = 3

========================================================================
Received Import Request.
  Time since last request: 0.000014 seconds.
  path: Assets/Art/Image (1133).png
  artifactKey: Guid(27709d71d2f4e6a449a3de0e47e75752) Importer(815301076,1909f56bfc062723c751e8b465ee728b)
Start importing Assets/Art/Image (1133).png using Guid(27709d71d2f4e6a449a3de0e47e75752) Importer(815301076,1909f56bfc062723c751e8b465ee728b) (PreviewImporter) -> (artifact id: '746c20138ee00435fea609e5edbc96db') in 0.029708 seconds
Number of updated asset objects reloaded before import = 0Number of asset objects unloaded after import = 3

========================================================================
Received Import Request.
  Time since last request: 0.000015 seconds.
  path: Assets/Art/Image (553).png
  artifactKey: Guid(1c589251da3b59f4da644374c4f10e37) Importer(815301076,1909f56bfc062723c751e8b465ee728b)
Start importing Assets/Art/Image (553).png using Guid(1c589251da3b59f4da644374c4f10e37) Importer(815301076,1909f56bfc062723c751e8b465ee728b) (PreviewImporter) -> (artifact id: 'c66aebfc634d7be7c7d715db1b7cbcba') in 0.0275034 seconds
Number of updated asset objects reloaded before import = 0Number of asset objects unloaded after import = 3

========================================================================
Received Import Request.
  Time since last request: 0.252559 seconds.
  path: Assets/Art/Image (1062).png
  artifactKey: Guid(589f908d17c7ffe4d9dd795debbdddf7) Importer(815301076,1909f56bfc062723c751e8b465ee728b)
Start importing Assets/Art/Image (1062).png using Guid(589f908d17c7ffe4d9dd795debbdddf7) Importer(815301076,1909f56bfc062723c751e8b465ee728b) (PreviewImporter) -> (artifact id: 'a3a68f4694f40488d54a37eb715536fd') in 0.0311774 seconds
Number of updated asset objects reloaded before import = 0Number of asset objects unloaded after import = 3

========================================================================
Received Import Request.
  Time since last request: 1.480715 seconds.
  path: Assets/Art/Image (810).png
  artifactKey: Guid(e22a4549216993140a11c3a3b2df0dfd) Importer(815301076,1909f56bfc062723c751e8b465ee728b)
Start importing Assets/Art/Image (810).png using Guid(e22a4549216993140a11c3a3b2df0dfd) Importer(815301076,1909f56bfc062723c751e8b465ee728b) (PreviewImporter) -> (artifact id: '7c660551e149294f40a3042a8269fde8') in 0.0361768 seconds
Number of updated asset objects reloaded before import = 0Number of asset objects unloaded after import = 3

========================================================================
Received Import Request.
  Time since last request: 0.000021 seconds.
  path: Assets/Art/Image (803).png
  artifactKey: Guid(524bd1df1cc0f4b48aeaa9e73b9b5b89) Importer(815301076,1909f56bfc062723c751e8b465ee728b)
Start importing Assets/Art/Image (803).png using Guid(524bd1df1cc0f4b48aeaa9e73b9b5b89) Importer(815301076,1909f56bfc062723c751e8b465ee728b) (PreviewImporter) -> (artifact id: '7cb6178c1805d80706d4d3871c3417b2') in 0.0343826 seconds
Number of updated asset objects reloaded before import = 0Number of asset objects unloaded after import = 3

========================================================================
Received Import Request.
  Time since last request: 0.465955 seconds.
  path: Assets/Art/Image (747).png
  artifactKey: Guid(cd5cc1ef5853e354483495d86d9defe6) Importer(815301076,1909f56bfc062723c751e8b465ee728b)
Start importing Assets/Art/Image (747).png using Guid(cd5cc1ef5853e354483495d86d9defe6) Importer(815301076,1909f56bfc062723c751e8b465ee728b) (PreviewImporter) -> (artifact id: 'c2973c478f33adfe228200c5abc4d60b') in 0.0310328 seconds
Number of updated asset objects reloaded before import = 0Number of asset objects unloaded after import = 3

========================================================================
Received Import Request.
  Time since last request: 0.000013 seconds.
  path: Assets/Art/Image (715).png
  artifactKey: Guid(0950c4e8691d4644d9ab058d76f29e18) Importer(815301076,1909f56bfc062723c751e8b465ee728b)
Start importing Assets/Art/Image (715).png using Guid(0950c4e8691d4644d9ab058d76f29e18) Importer(815301076,1909f56bfc062723c751e8b465ee728b) (PreviewImporter) -> (artifact id: 'e4b4c4b746e41bf4aa663acf001e7090') in 0.0590197 seconds
Number of updated asset objects reloaded before import = 0Number of asset objects unloaded after import = 3

========================================================================
Received Import Request.
  Time since last request: 0.000019 seconds.
  path: Assets/Art/Image (710).png
  artifactKey: Guid(0e7876c5183ceda4a8808c13e6c45a97) Importer(815301076,1909f56bfc062723c751e8b465ee728b)
Start importing Assets/Art/Image (710).png using Guid(0e7876c5183ceda4a8808c13e6c45a97) Importer(815301076,1909f56bfc062723c751e8b465ee728b) (PreviewImporter) -> (artifact id: 'c944d99317a0b193bde10266d8482eca') in 0.0369555 seconds
Number of updated asset objects reloaded before import = 0Number of asset objects unloaded after import = 3

========================================================================
Received Import Request.
  Time since last request: 0.024642 seconds.
  path: Assets/Art/Image (640).png
  artifactKey: Guid(11ca5898d7ee9b940a0d241890501906) Importer(815301076,1909f56bfc062723c751e8b465ee728b)
Start importing Assets/Art/Image (640).png using Guid(11ca5898d7ee9b940a0d241890501906) Importer(815301076,1909f56bfc062723c751e8b465ee728b) (PreviewImporter) -> (artifact id: '1b4feea841e1bb82b0aed73c1cfd32c6') in 0.041851 seconds
Number of updated asset objects reloaded before import = 0Number of asset objects unloaded after import = 3

========================================================================
Received Import Request.
  Time since last request: 0.652141 seconds.
  path: Assets/Art/Image (636).png
  artifactKey: Guid(a84525ce1a0f93043bcef079bbe7e771) Importer(815301076,1909f56bfc062723c751e8b465ee728b)
Start importing Assets/Art/Image (636).png using Guid(a84525ce1a0f93043bcef079bbe7e771) Importer(815301076,1909f56bfc062723c751e8b465ee728b) (PreviewImporter) -> (artifact id: '7f00903f9c5a6dfffa413b8a51385ff6') in 0.0259586 seconds
Number of updated asset objects reloaded before import = 0Number of asset objects unloaded after import = 3

========================================================================
Received Import Request.
  Time since last request: 0.000011 seconds.
  path: Assets/Art/Image (628).png
  artifactKey: Guid(08f069b7d4c10864182489e1d20b8358) Importer(815301076,1909f56bfc062723c751e8b465ee728b)
Start importing Assets/Art/Image (628).png using Guid(08f069b7d4c10864182489e1d20b8358) Importer(815301076,1909f56bfc062723c751e8b465ee728b) (PreviewImporter) -> (artifact id: 'b498410ddf84bdb44071ae45cf293cae') in 0.0263025 seconds
Number of updated asset objects reloaded before import = 0Number of asset objects unloaded after import = 3

========================================================================
Received Import Request.
  Time since last request: 0.000022 seconds.
  path: Assets/Art/Image (577).png
  artifactKey: Guid(7cd74af9d867bfd46a094b3f65192115) Importer(815301076,1909f56bfc062723c751e8b465ee728b)
Start importing Assets/Art/Image (577).png using Guid(7cd74af9d867bfd46a094b3f65192115) Importer(815301076,1909f56bfc062723c751e8b465ee728b) (PreviewImporter) -> (artifact id: 'ff659396f19bca0b169bffb17598f22d') in 0.0250213 seconds
Number of updated asset objects reloaded before import = 0Number of asset objects unloaded after import = 3

========================================================================
Received Import Request.
  Time since last request: 0.000029 seconds.
  path: Assets/Art/Image (605).png
  artifactKey: Guid(371fb5e18e17ab74aae17e8b55238bed) Importer(815301076,1909f56bfc062723c751e8b465ee728b)
Start importing Assets/Art/Image (605).png using Guid(371fb5e18e17ab74aae17e8b55238bed) Importer(815301076,1909f56bfc062723c751e8b465ee728b) (PreviewImporter) -> (artifact id: '7c951d09f37a19b4b6933061d6793dff') in 0.0259692 seconds
Number of updated asset objects reloaded before import = 0Number of asset objects unloaded after import = 3

========================================================================
Received Import Request.
  Time since last request: 0.000121 seconds.
  path: Assets/Art/Image (623).png
  artifactKey: Guid(7956aa77b77706e42803b797a2f42538) Importer(815301076,1909f56bfc062723c751e8b465ee728b)
Start importing Assets/Art/Image (623).png using Guid(7956aa77b77706e42803b797a2f42538) Importer(815301076,1909f56bfc062723c751e8b465ee728b) (PreviewImporter) -> (artifact id: 'f32e351429cf5e829158927413f41b9b') in 0.0289058 seconds
Number of updated asset objects reloaded before import = 0Number of asset objects unloaded after import = 3

========================================================================
Received Import Request.
  Time since last request: 0.000014 seconds.
  path: Assets/Art/Image (463).png
  artifactKey: Guid(c3caf47762694d24eb48fd21315cd6a8) Importer(815301076,1909f56bfc062723c751e8b465ee728b)
Start importing Assets/Art/Image (463).png using Guid(c3caf47762694d24eb48fd21315cd6a8) Importer(815301076,1909f56bfc062723c751e8b465ee728b) (PreviewImporter) -> (artifact id: 'd053f0cc7318296aa6a3f769cdc724e0') in 0.0272327 seconds
Number of updated asset objects reloaded before import = 0Number of asset objects unloaded after import = 3

========================================================================
Received Import Request.
  Time since last request: 0.000016 seconds.
  path: Assets/Art/Image (470).png
  artifactKey: Guid(8b807de4dfae8724cbe6043538cc6729) Importer(815301076,1909f56bfc062723c751e8b465ee728b)
Start importing Assets/Art/Image (470).png using Guid(8b807de4dfae8724cbe6043538cc6729) Importer(815301076,1909f56bfc062723c751e8b465ee728b) (PreviewImporter) -> (artifact id: '2aaa52fdf6b47a06db9670d0a618b7ab') in 0.0297698 seconds
Number of updated asset objects reloaded before import = 0Number of asset objects unloaded after import = 3

========================================================================
Received Import Request.
  Time since last request: 0.000015 seconds.
  path: Assets/Art/Image (390).png
  artifactKey: Guid(8722c8c97e953b84f988d92aa2a1247f) Importer(815301076,1909f56bfc062723c751e8b465ee728b)
Start importing Assets/Art/Image (390).png using Guid(8722c8c97e953b84f988d92aa2a1247f) Importer(815301076,1909f56bfc062723c751e8b465ee728b) (PreviewImporter) -> (artifact id: '15f5bac387ed78b4937f25046a2c22d4') in 0.0280587 seconds
Number of updated asset objects reloaded before import = 0Number of asset objects unloaded after import = 3

========================================================================
Received Import Request.
  Time since last request: 0.004563 seconds.
  path: Assets/Art/Image (335).png
  artifactKey: Guid(c241a2b3c96ea97459b4d4e4277917f7) Importer(815301076,1909f56bfc062723c751e8b465ee728b)
Start importing Assets/Art/Image (335).png using Guid(c241a2b3c96ea97459b4d4e4277917f7) Importer(815301076,1909f56bfc062723c751e8b465ee728b) (PreviewImporter) -> (artifact id: 'e57c9200ad8cf5eaebf8e28a76ba985f') in 0.0249761 seconds
Number of updated asset objects reloaded before import = 0Number of asset objects unloaded after import = 3

========================================================================
Received Import Request.
  Time since last request: 42.833484 seconds.
  path: Assets/Art/Image (41) 2.png
  artifactKey: Guid(6de4137ada666854a858057303272734) Importer(815301076,1909f56bfc062723c751e8b465ee728b)
Start importing Assets/Art/Image (41) 2.png using Guid(6de4137ada666854a858057303272734) Importer(815301076,1909f56bfc062723c751e8b465ee728b) (PreviewImporter) -> (artifact id: '8c0402a60ac0e96d28205db607740ff1') in 0.0608811 seconds
Number of updated asset objects reloaded before import = 0Number of asset objects unloaded after import = 3

========================================================================
Received Import Request.
  Time since last request: 0.000036 seconds.
  path: Assets/Art/Image (50) 2.png
  artifactKey: Guid(545c054e27fa0e64aac7c1eefa202f9e) Importer(815301076,1909f56bfc062723c751e8b465ee728b)
Start importing Assets/Art/Image (50) 2.png using Guid(545c054e27fa0e64aac7c1eefa202f9e) Importer(815301076,1909f56bfc062723c751e8b465ee728b) (PreviewImporter) -> (artifact id: '8c91b308a2cf66f42d91ef46b05fa0fe') in 0.0924674 seconds
Number of updated asset objects reloaded before import = 0Number of asset objects unloaded after import = 3

========================================================================
Received Import Request.
  Time since last request: 256.068277 seconds.
  path: Assets/Art/Image (387).png
  artifactKey: Guid(26114224943508a4287b639b59c6d8fd) Importer(815301076,1909f56bfc062723c751e8b465ee728b)
Start importing Assets/Art/Image (387).png using Guid(26114224943508a4287b639b59c6d8fd) Importer(815301076,1909f56bfc062723c751e8b465ee728b) (PreviewImporter) -> (artifact id: 'ff8403683397b697189b0c9672a71238') in 0.0572006 seconds
Number of updated asset objects reloaded before import = 0Number of asset objects unloaded after import = 3

========================================================================
Received Import Request.
  Time since last request: 75.697635 seconds.
  path: Assets/Art/Image (450).png
  artifactKey: Guid(924e8e0294671a541a4eb382532d4fea) Importer(815301076,1909f56bfc062723c751e8b465ee728b)
Start importing Assets/Art/Image (450).png using Guid(924e8e0294671a541a4eb382532d4fea) Importer(815301076,1909f56bfc062723c751e8b465ee728b) (PreviewImporter) -> (artifact id: 'f2609e180bc6088a066ee461dec5fee1') in 0.0406256 seconds
Number of updated asset objects reloaded before import = 10Number of asset objects unloaded after import = 3

========================================================================
Received Import Request.
  Time since last request: 0.974437 seconds.
  path: Assets/Art/Image (449).png
  artifactKey: Guid(25cd2582318a3a24eb01b7a9d64f0811) Importer(815301076,1909f56bfc062723c751e8b465ee728b)
Start importing Assets/Art/Image (449).png using Guid(25cd2582318a3a24eb01b7a9d64f0811) Importer(815301076,1909f56bfc062723c751e8b465ee728b) (PreviewImporter) -> (artifact id: '08c00c582193110c475a586d68c9a515') in 0.0390204 seconds
Number of updated asset objects reloaded before import = 0Number of asset objects unloaded after import = 3

========================================================================
Received Import Request.
  Time since last request: 1.634768 seconds.
  path: Assets/Art/Image (448).png
  artifactKey: Guid(34d056e6bd3a9db40bd2c4c269255681) Importer(815301076,1909f56bfc062723c751e8b465ee728b)
Start importing Assets/Art/Image (448).png using Guid(34d056e6bd3a9db40bd2c4c269255681) Importer(815301076,1909f56bfc062723c751e8b465ee728b) (PreviewImporter) -> (artifact id: '046a72f6ed0b219f3185a7c2b01d426c') in 0.0486037 seconds
Number of updated asset objects reloaded before import = 0Number of asset objects unloaded after import = 3

========================================================================
Received Import Request.
  Time since last request: 40.503068 seconds.
  path: Assets/Art/Image (451).png
  artifactKey: Guid(507d89226aa93f74da42cf9fdeb3ff56) Importer(815301076,1909f56bfc062723c751e8b465ee728b)
Start importing Assets/Art/Image (451).png using Guid(507d89226aa93f74da42cf9fdeb3ff56) Importer(815301076,1909f56bfc062723c751e8b465ee728b) (PreviewImporter) -> (artifact id: '1c54382a091ea297cc2f63d9a5776636') in 0.0305273 seconds
Number of updated asset objects reloaded before import = 0Number of asset objects unloaded after import = 3

========================================================================
Received Prepare
Refreshing native plugins compatible for Editor in 2.28 ms, found 4 plugins.
Preloading 0 native plugins for Editor in 0.00 ms.
Unloading 29 Unused Serialized files (Serialized files now loaded: 0)
Unloading 7228 unused Assets / (7.5 MB). Loaded Objects now: 8040.
Memory consumption went from 169.7 MB to 162.2 MB.
Total: 33.855200 ms (FindLiveObjects: 0.719300 ms CreateObjectMapping: 0.324400 ms MarkObjects: 29.135500 ms  DeleteObjects: 3.673900 ms)

Prepare: number of updated asset objects reloaded= 0
========================================================================
Received Prepare
Begin MonoManager ReloadAssembly
- Loaded All Assemblies, in  0.716 seconds
Refreshing native plugins compatible for Editor in 0.70 ms, found 4 plugins.
Native extension for iOS target not found
Native extension for WindowsStandalone target not found
Native extension for WebGL target not found
Mono: successfully reloaded assembly
- Finished resetting the current domain, in  0.708 seconds
Domain Reload Profiling: 1427ms
	BeginReloadAssembly (232ms)
		ExecutionOrderSort (0ms)
		DisableScriptedObjects (28ms)
		BackupInstance (0ms)
		ReleaseScriptingObjects (0ms)
		CreateAndSetChildDomain (73ms)
	RebuildCommonClasses (22ms)
	RebuildNativeTypeToScriptingClass (8ms)
	initialDomainReloadingComplete (20ms)
	LoadAllAssembliesAndSetupDomain (436ms)
		LoadAssemblies (358ms)
		RebuildTransferFunctionScriptingTraits (0ms)
		AnalyzeDomain (148ms)
			TypeCache.Refresh (10ms)
				TypeCache.ScanAssembly (0ms)
			BuildScriptInfoCaches (127ms)
			ResolveRequiredComponents (7ms)
	FinalizeReload (709ms)
		ReleaseScriptCaches (0ms)
		RebuildScriptCaches (0ms)
		SetupLoadedEditorAssemblies (584ms)
			LogAssemblyErrors (0ms)
			InitializePlatformSupportModulesInManaged (6ms)
			SetLoadedEditorAssemblies (4ms)
			BeforeProcessingInitializeOnLoad (141ms)
			ProcessInitializeOnLoadAttributes (385ms)
			ProcessInitializeOnLoadMethodAttributes (45ms)
			AfterProcessingInitializeOnLoad (2ms)
			EditorAssembliesLoaded (0ms)
		ExecutionOrderSort2 (0ms)
		AwakeInstancesAfterBackupRestoration (12ms)
Refreshing native plugins compatible for Editor in 2.26 ms, found 4 plugins.
Preloading 0 native plugins for Editor in 0.00 ms.
Unloading 29 Unused Serialized files (Serialized files now loaded: 0)
Unloading 7240 unused Assets / (7.0 MB). Loaded Objects now: 8045.
Memory consumption went from 172.7 MB to 165.7 MB.
Total: 15.240600 ms (FindLiveObjects: 1.382800 ms CreateObjectMapping: 0.830400 ms MarkObjects: 8.778100 ms  DeleteObjects: 4.247200 ms)

Prepare: number of updated asset objects reloaded= 0
========================================================================
Received Prepare
Refreshing native plugins compatible for Editor in 1.68 ms, found 4 plugins.
Preloading 0 native plugins for Editor in 0.00 ms.
Unloading 29 Unused Serialized files (Serialized files now loaded: 0)
Unloading 7228 unused Assets / (6.8 MB). Loaded Objects now: 8045.
Memory consumption went from 172.8 MB to 166.0 MB.
Total: 13.136800 ms (FindLiveObjects: 0.770800 ms CreateObjectMapping: 0.480900 ms MarkObjects: 8.043800 ms  DeleteObjects: 3.838100 ms)

Prepare: number of updated asset objects reloaded= 0
========================================================================
Received Prepare
Begin MonoManager ReloadAssembly
- Loaded All Assemblies, in  0.687 seconds
Refreshing native plugins compatible for Editor in 0.57 ms, found 4 plugins.
Native extension for iOS target not found
Native extension for WindowsStandalone target not found
Native extension for WebGL target not found
Mono: successfully reloaded assembly
- Finished resetting the current domain, in  0.658 seconds
Domain Reload Profiling: 1347ms
	BeginReloadAssembly (270ms)
		ExecutionOrderSort (0ms)
		DisableScriptedObjects (10ms)
		BackupInstance (0ms)
		ReleaseScriptingObjects (0ms)
		CreateAndSetChildDomain (37ms)
	RebuildCommonClasses (25ms)
	RebuildNativeTypeToScriptingClass (8ms)
	initialDomainReloadingComplete (17ms)
	LoadAllAssembliesAndSetupDomain (368ms)
		LoadAssemblies (373ms)
		RebuildTransferFunctionScriptingTraits (0ms)
		AnalyzeDomain (172ms)
			TypeCache.Refresh (9ms)
				TypeCache.ScanAssembly (0ms)
			BuildScriptInfoCaches (151ms)
			ResolveRequiredComponents (9ms)
	FinalizeReload (659ms)
		ReleaseScriptCaches (0ms)
		RebuildScriptCaches (0ms)
		SetupLoadedEditorAssemblies (544ms)
			LogAssemblyErrors (0ms)
			InitializePlatformSupportModulesInManaged (6ms)
			SetLoadedEditorAssemblies (4ms)
			BeforeProcessingInitializeOnLoad (132ms)
			ProcessInitializeOnLoadAttributes (360ms)
			ProcessInitializeOnLoadMethodAttributes (40ms)
			AfterProcessingInitializeOnLoad (2ms)
			EditorAssembliesLoaded (0ms)
		ExecutionOrderSort2 (0ms)
		AwakeInstancesAfterBackupRestoration (11ms)
Refreshing native plugins compatible for Editor in 1.67 ms, found 4 plugins.
Preloading 0 native plugins for Editor in 0.00 ms.
Unloading 29 Unused Serialized files (Serialized files now loaded: 0)
Unloading 7240 unused Assets / (6.8 MB). Loaded Objects now: 8050.
Memory consumption went from 172.7 MB to 165.9 MB.
Total: 12.566500 ms (FindLiveObjects: 0.767000 ms CreateObjectMapping: 0.470800 ms MarkObjects: 7.744500 ms  DeleteObjects: 3.583200 ms)

Prepare: number of updated asset objects reloaded= 0
========================================================================
Received Import Request.
  Time since last request: 468.911511 seconds.
  path: Assets/AddressableAssetsData/AssetGroups/Packed Assets.asset
  artifactKey: Guid(a1b77d4314df16142ada45ef54d39a30) Importer(815301076,1909f56bfc062723c751e8b465ee728b)
Start importing Assets/AddressableAssetsData/AssetGroups/Packed Assets.asset using Guid(a1b77d4314df16142ada45ef54d39a30) Importer(815301076,1909f56bfc062723c751e8b465ee728b) (PreviewImporter) -> (artifact id: '4f9e2e03171a746681477e9475588fb3') in 0.0363708 seconds
Number of updated asset objects reloaded before import = 0Number of asset objects unloaded after import = 0

========================================================================
Received Import Request.
  Time since last request: 0.874263 seconds.
  path: Assets/AddressableAssetsData/AssetGroups/Packed Assets24.asset
  artifactKey: Guid(f7bcff4e132e232449a0f0c8b0d47115) Importer(815301076,1909f56bfc062723c751e8b465ee728b)
Start importing Assets/AddressableAssetsData/AssetGroups/Packed Assets24.asset using Guid(f7bcff4e132e232449a0f0c8b0d47115) Importer(815301076,1909f56bfc062723c751e8b465ee728b) (PreviewImporter) -> (artifact id: 'b95d0de41be682d55b783378ac168112') in 0.0008221 seconds
Number of updated asset objects reloaded before import = 0Number of asset objects unloaded after import = 0

========================================================================
Received Prepare
Refreshing native plugins compatible for Editor in 1.63 ms, found 4 plugins.
Preloading 0 native plugins for Editor in 0.00 ms.
Unloading 29 Unused Serialized files (Serialized files now loaded: 0)
Unloading 7228 unused Assets / (6.7 MB). Loaded Objects now: 8050.
Memory consumption went from 172.9 MB to 166.2 MB.
Total: 16.006600 ms (FindLiveObjects: 1.262900 ms CreateObjectMapping: 0.524900 ms MarkObjects: 9.878400 ms  DeleteObjects: 4.338700 ms)

Prepare: number of updated asset objects reloaded= 77
========================================================================
Received Prepare
Begin MonoManager ReloadAssembly
- Loaded All Assemblies, in  0.576 seconds
Refreshing native plugins compatible for Editor in 0.63 ms, found 4 plugins.
Native extension for iOS target not found
Native extension for WindowsStandalone target not found
Native extension for WebGL target not found
Mono: successfully reloaded assembly
- Finished resetting the current domain, in  0.715 seconds
Domain Reload Profiling: 1293ms
	BeginReloadAssembly (158ms)
		ExecutionOrderSort (0ms)
		DisableScriptedObjects (11ms)
		BackupInstance (0ms)
		ReleaseScriptingObjects (0ms)
		CreateAndSetChildDomain (39ms)
	RebuildCommonClasses (23ms)
	RebuildNativeTypeToScriptingClass (8ms)
	initialDomainReloadingComplete (17ms)
	LoadAllAssembliesAndSetupDomain (371ms)
		LoadAssemblies (282ms)
		RebuildTransferFunctionScriptingTraits (0ms)
		AnalyzeDomain (150ms)
			TypeCache.Refresh (10ms)
				TypeCache.ScanAssembly (0ms)
			BuildScriptInfoCaches (129ms)
			ResolveRequiredComponents (8ms)
	FinalizeReload (716ms)
		ReleaseScriptCaches (0ms)
		RebuildScriptCaches (0ms)
		SetupLoadedEditorAssemblies (574ms)
			LogAssemblyErrors (0ms)
			InitializePlatformSupportModulesInManaged (6ms)
			SetLoadedEditorAssemblies (4ms)
			BeforeProcessingInitializeOnLoad (144ms)
			ProcessInitializeOnLoadAttributes (371ms)
			ProcessInitializeOnLoadMethodAttributes (46ms)
			AfterProcessingInitializeOnLoad (2ms)
			EditorAssembliesLoaded (0ms)
		ExecutionOrderSort2 (0ms)
		AwakeInstancesAfterBackupRestoration (22ms)
Refreshing native plugins compatible for Editor in 1.50 ms, found 4 plugins.
Preloading 0 native plugins for Editor in 0.00 ms.
Unloading 29 Unused Serialized files (Serialized files now loaded: 0)
Unloading 7240 unused Assets / (7.0 MB). Loaded Objects now: 8160.
Memory consumption went from 173.0 MB to 165.9 MB.
Total: 12.957600 ms (FindLiveObjects: 0.738200 ms CreateObjectMapping: 0.652800 ms MarkObjects: 7.287900 ms  DeleteObjects: 4.277000 ms)

Prepare: number of updated asset objects reloaded= 0
========================================================================
Received Import Request.
  Time since last request: 455.263022 seconds.
  path: Assets/Art/Image (1159).png
  artifactKey: Guid(3fb809e53acc04b4bbde4ea20c272be6) Importer(815301076,1909f56bfc062723c751e8b465ee728b)
Start importing Assets/Art/Image (1159).png using Guid(3fb809e53acc04b4bbde4ea20c272be6) Importer(815301076,1909f56bfc062723c751e8b465ee728b) (PreviewImporter) -> (artifact id: '8c8fa03448faf4cc29ee49c99037dbe0') in 0.0793745 seconds
Number of updated asset objects reloaded before import = 61Number of asset objects unloaded after import = 3

========================================================================
Received Import Request.
  Time since last request: 16.035938 seconds.
  path: Assets/Art/Image (1510).png
  artifactKey: Guid(5755901b812bf644289ab4fae952c4fe) Importer(815301076,1909f56bfc062723c751e8b465ee728b)
Start importing Assets/Art/Image (1510).png using Guid(5755901b812bf644289ab4fae952c4fe) Importer(815301076,1909f56bfc062723c751e8b465ee728b) (PreviewImporter) -> (artifact id: '2c23acb4edc89082c6c63a3fbdc388f3') in 0.0445072 seconds
Number of updated asset objects reloaded before import = 0Number of asset objects unloaded after import = 3

========================================================================
Received Prepare
Begin MonoManager ReloadAssembly
- Loaded All Assemblies, in  0.538 seconds
Refreshing native plugins compatible for Editor in 0.59 ms, found 4 plugins.
Native extension for iOS target not found
Native extension for WindowsStandalone target not found
Native extension for WebGL target not found
Mono: successfully reloaded assembly
- Finished resetting the current domain, in  0.665 seconds
Domain Reload Profiling: 1205ms
	BeginReloadAssembly (157ms)
		ExecutionOrderSort (0ms)
		DisableScriptedObjects (10ms)
		BackupInstance (0ms)
		ReleaseScriptingObjects (0ms)
		CreateAndSetChildDomain (42ms)
	RebuildCommonClasses (23ms)
	RebuildNativeTypeToScriptingClass (8ms)
	initialDomainReloadingComplete (17ms)
	LoadAllAssembliesAndSetupDomain (334ms)
		LoadAssemblies (257ms)
		RebuildTransferFunctionScriptingTraits (0ms)
		AnalyzeDomain (137ms)
			TypeCache.Refresh (6ms)
				TypeCache.ScanAssembly (0ms)
			BuildScriptInfoCaches (120ms)
			ResolveRequiredComponents (7ms)
	FinalizeReload (665ms)
		ReleaseScriptCaches (0ms)
		RebuildScriptCaches (0ms)
		SetupLoadedEditorAssemblies (544ms)
			LogAssemblyErrors (0ms)
			InitializePlatformSupportModulesInManaged (6ms)
			SetLoadedEditorAssemblies (4ms)
			BeforeProcessingInitializeOnLoad (126ms)
			ProcessInitializeOnLoadAttributes (364ms)
			ProcessInitializeOnLoadMethodAttributes (42ms)
			AfterProcessingInitializeOnLoad (2ms)
			EditorAssembliesLoaded (0ms)
		ExecutionOrderSort2 (0ms)
		AwakeInstancesAfterBackupRestoration (13ms)
Refreshing native plugins compatible for Editor in 1.68 ms, found 4 plugins.
Preloading 0 native plugins for Editor in 0.00 ms.
Unloading 29 Unused Serialized files (Serialized files now loaded: 0)
Unloading 7240 unused Assets / (6.8 MB). Loaded Objects now: 8165.
Memory consumption went from 173.0 MB to 166.2 MB.
Total: 13.880300 ms (FindLiveObjects: 0.687600 ms CreateObjectMapping: 0.704100 ms MarkObjects: 8.762400 ms  DeleteObjects: 3.724900 ms)

Prepare: number of updated asset objects reloaded= 0
========================================================================
Received Prepare
Refreshing native plugins compatible for Editor in 1.63 ms, found 4 plugins.
Preloading 0 native plugins for Editor in 0.00 ms.
Unloading 29 Unused Serialized files (Serialized files now loaded: 0)
Unloading 7228 unused Assets / (7.3 MB). Loaded Objects now: 8165.
Memory consumption went from 173.1 MB to 165.8 MB.
Total: 15.732300 ms (FindLiveObjects: 0.779300 ms CreateObjectMapping: 0.795000 ms MarkObjects: 9.644800 ms  DeleteObjects: 4.511900 ms)

Prepare: number of updated asset objects reloaded= 0
========================================================================
Received Prepare
Begin MonoManager ReloadAssembly
- Loaded All Assemblies, in  0.527 seconds
Refreshing native plugins compatible for Editor in 0.73 ms, found 4 plugins.
Native extension for iOS target not found
Native extension for WindowsStandalone target not found
Native extension for WebGL target not found
Mono: successfully reloaded assembly
- Finished resetting the current domain, in  0.647 seconds
Domain Reload Profiling: 1175ms
	BeginReloadAssembly (148ms)
		ExecutionOrderSort (0ms)
		DisableScriptedObjects (10ms)
		BackupInstance (0ms)
		ReleaseScriptingObjects (0ms)
		CreateAndSetChildDomain (35ms)
	RebuildCommonClasses (22ms)
	RebuildNativeTypeToScriptingClass (8ms)
	initialDomainReloadingComplete (17ms)
	LoadAllAssembliesAndSetupDomain (332ms)
		LoadAssemblies (253ms)
		RebuildTransferFunctionScriptingTraits (0ms)
		AnalyzeDomain (135ms)
			TypeCache.Refresh (7ms)
				TypeCache.ScanAssembly (0ms)
			BuildScriptInfoCaches (117ms)
			ResolveRequiredComponents (7ms)
	FinalizeReload (647ms)
		ReleaseScriptCaches (0ms)
		RebuildScriptCaches (0ms)
		SetupLoadedEditorAssemblies (526ms)
			LogAssemblyErrors (0ms)
			InitializePlatformSupportModulesInManaged (6ms)
			SetLoadedEditorAssemblies (4ms)
			BeforeProcessingInitializeOnLoad (121ms)
			ProcessInitializeOnLoadAttributes (351ms)
			ProcessInitializeOnLoadMethodAttributes (41ms)
			AfterProcessingInitializeOnLoad (2ms)
			EditorAssembliesLoaded (0ms)
		ExecutionOrderSort2 (0ms)
		AwakeInstancesAfterBackupRestoration (12ms)
Refreshing native plugins compatible for Editor in 1.57 ms, found 4 plugins.
Preloading 0 native plugins for Editor in 0.00 ms.
Unloading 29 Unused Serialized files (Serialized files now loaded: 0)
Unloading 7240 unused Assets / (7.3 MB). Loaded Objects now: 8170.
Memory consumption went from 173.0 MB to 165.8 MB.
Total: 15.685600 ms (FindLiveObjects: 1.320600 ms CreateObjectMapping: 0.638100 ms MarkObjects: 9.159100 ms  DeleteObjects: 4.566000 ms)

Prepare: number of updated asset objects reloaded= 0
========================================================================
Received Prepare
Begin MonoManager ReloadAssembly
- Loaded All Assemblies, in  0.512 seconds
Refreshing native plugins compatible for Editor in 0.60 ms, found 4 plugins.
Native extension for iOS target not found
Native extension for WindowsStandalone target not found
Native extension for WebGL target not found
Mono: successfully reloaded assembly
- Finished resetting the current domain, in  0.650 seconds
Domain Reload Profiling: 1164ms
	BeginReloadAssembly (154ms)
		ExecutionOrderSort (0ms)
		DisableScriptedObjects (9ms)
		BackupInstance (0ms)
		ReleaseScriptingObjects (0ms)
		CreateAndSetChildDomain (36ms)
	RebuildCommonClasses (22ms)
	RebuildNativeTypeToScriptingClass (7ms)
	initialDomainReloadingComplete (16ms)
	LoadAllAssembliesAndSetupDomain (314ms)
		LoadAssemblies (238ms)
		RebuildTransferFunctionScriptingTraits (0ms)
		AnalyzeDomain (131ms)
			TypeCache.Refresh (5ms)
				TypeCache.ScanAssembly (0ms)
			BuildScriptInfoCaches (116ms)
			ResolveRequiredComponents (7ms)
	FinalizeReload (650ms)
		ReleaseScriptCaches (0ms)
		RebuildScriptCaches (0ms)
		SetupLoadedEditorAssemblies (532ms)
			LogAssemblyErrors (0ms)
			InitializePlatformSupportModulesInManaged (6ms)
			SetLoadedEditorAssemblies (4ms)
			BeforeProcessingInitializeOnLoad (125ms)
			ProcessInitializeOnLoadAttributes (355ms)
			ProcessInitializeOnLoadMethodAttributes (41ms)
			AfterProcessingInitializeOnLoad (2ms)
			EditorAssembliesLoaded (0ms)
		ExecutionOrderSort2 (0ms)
		AwakeInstancesAfterBackupRestoration (12ms)
Refreshing native plugins compatible for Editor in 1.49 ms, found 4 plugins.
Preloading 0 native plugins for Editor in 0.00 ms.
Unloading 29 Unused Serialized files (Serialized files now loaded: 0)
Unloading 7240 unused Assets / (6.9 MB). Loaded Objects now: 8175.
Memory consumption went from 173.0 MB to 166.2 MB.
Total: 13.626700 ms (FindLiveObjects: 0.748100 ms CreateObjectMapping: 0.739300 ms MarkObjects: 8.458900 ms  DeleteObjects: 3.678900 ms)

Prepare: number of updated asset objects reloaded= 0
========================================================================
Received Prepare
Refreshing native plugins compatible for Editor in 1.67 ms, found 4 plugins.
Preloading 0 native plugins for Editor in 0.00 ms.
Unloading 29 Unused Serialized files (Serialized files now loaded: 0)
Unloading 7228 unused Assets / (5.8 MB). Loaded Objects now: 8175.
Memory consumption went from 173.2 MB to 167.4 MB.
Total: 14.441400 ms (FindLiveObjects: 1.113900 ms CreateObjectMapping: 0.565700 ms MarkObjects: 8.879300 ms  DeleteObjects: 3.881300 ms)

Prepare: number of updated asset objects reloaded= 0
========================================================================
Received Prepare
Begin MonoManager ReloadAssembly
- Loaded All Assemblies, in  0.550 seconds
Refreshing native plugins compatible for Editor in 0.58 ms, found 4 plugins.
Native extension for iOS target not found
Native extension for WindowsStandalone target not found
Native extension for WebGL target not found
Mono: successfully reloaded assembly
- Finished resetting the current domain, in  0.668 seconds
Domain Reload Profiling: 1220ms
	BeginReloadAssembly (166ms)
		ExecutionOrderSort (0ms)
		DisableScriptedObjects (10ms)
		BackupInstance (0ms)
		ReleaseScriptingObjects (0ms)
		CreateAndSetChildDomain (42ms)
	RebuildCommonClasses (25ms)
	RebuildNativeTypeToScriptingClass (8ms)
	initialDomainReloadingComplete (18ms)
	LoadAllAssembliesAndSetupDomain (335ms)
		LoadAssemblies (253ms)
		RebuildTransferFunctionScriptingTraits (0ms)
		AnalyzeDomain (145ms)
			TypeCache.Refresh (9ms)
				TypeCache.ScanAssembly (0ms)
			BuildScriptInfoCaches (125ms)
			ResolveRequiredComponents (8ms)
	FinalizeReload (668ms)
		ReleaseScriptCaches (0ms)
		RebuildScriptCaches (0ms)
		SetupLoadedEditorAssemblies (544ms)
			LogAssemblyErrors (0ms)
			InitializePlatformSupportModulesInManaged (6ms)
			SetLoadedEditorAssemblies (4ms)
			BeforeProcessingInitializeOnLoad (128ms)
			ProcessInitializeOnLoadAttributes (361ms)
			ProcessInitializeOnLoadMethodAttributes (43ms)
			AfterProcessingInitializeOnLoad (2ms)
			EditorAssembliesLoaded (0ms)
		ExecutionOrderSort2 (0ms)
		AwakeInstancesAfterBackupRestoration (13ms)
Refreshing native plugins compatible for Editor in 1.70 ms, found 4 plugins.
Preloading 0 native plugins for Editor in 0.00 ms.
Unloading 29 Unused Serialized files (Serialized files now loaded: 0)
Unloading 7240 unused Assets / (7.0 MB). Loaded Objects now: 8180.
Memory consumption went from 173.1 MB to 166.1 MB.
Total: 14.615000 ms (FindLiveObjects: 0.920700 ms CreateObjectMapping: 0.694800 ms MarkObjects: 8.425400 ms  DeleteObjects: 4.572600 ms)

Prepare: number of updated asset objects reloaded= 0
========================================================================
Received Prepare
Begin MonoManager ReloadAssembly
- Loaded All Assemblies, in  0.526 seconds
Refreshing native plugins compatible for Editor in 0.61 ms, found 4 plugins.
Native extension for iOS target not found
Native extension for WindowsStandalone target not found
Native extension for WebGL target not found
Mono: successfully reloaded assembly
- Finished resetting the current domain, in  0.670 seconds
Domain Reload Profiling: 1198ms
	BeginReloadAssembly (151ms)
		ExecutionOrderSort (0ms)
		DisableScriptedObjects (9ms)
		BackupInstance (0ms)
		ReleaseScriptingObjects (0ms)
		CreateAndSetChildDomain (34ms)
	RebuildCommonClasses (23ms)
	RebuildNativeTypeToScriptingClass (8ms)
	initialDomainReloadingComplete (18ms)
	LoadAllAssembliesAndSetupDomain (327ms)
		LoadAssemblies (245ms)
		RebuildTransferFunctionScriptingTraits (0ms)
		AnalyzeDomain (140ms)
			TypeCache.Refresh (7ms)
				TypeCache.ScanAssembly (0ms)
			BuildScriptInfoCaches (121ms)
			ResolveRequiredComponents (7ms)
	FinalizeReload (670ms)
		ReleaseScriptCaches (0ms)
		RebuildScriptCaches (0ms)
		SetupLoadedEditorAssemblies (547ms)
			LogAssemblyErrors (0ms)
			InitializePlatformSupportModulesInManaged (6ms)
			SetLoadedEditorAssemblies (4ms)
			BeforeProcessingInitializeOnLoad (125ms)
			ProcessInitializeOnLoadAttributes (366ms)
			ProcessInitializeOnLoadMethodAttributes (45ms)
			AfterProcessingInitializeOnLoad (2ms)
			EditorAssembliesLoaded (0ms)
		ExecutionOrderSort2 (0ms)
		AwakeInstancesAfterBackupRestoration (13ms)
Refreshing native plugins compatible for Editor in 2.50 ms, found 4 plugins.
Preloading 0 native plugins for Editor in 0.00 ms.
Unloading 29 Unused Serialized files (Serialized files now loaded: 0)
Unloading 7240 unused Assets / (6.7 MB). Loaded Objects now: 8185.
Memory consumption went from 173.2 MB to 166.5 MB.
Total: 14.805800 ms (FindLiveObjects: 0.920300 ms CreateObjectMapping: 0.809900 ms MarkObjects: 8.900500 ms  DeleteObjects: 4.173600 ms)

Prepare: number of updated asset objects reloaded= 0
========================================================================
Received Prepare
Refreshing native plugins compatible for Editor in 1.62 ms, found 4 plugins.
Preloading 0 native plugins for Editor in 0.00 ms.
Unloading 29 Unused Serialized files (Serialized files now loaded: 0)
Unloading 7228 unused Assets / (6.6 MB). Loaded Objects now: 8185.
Memory consumption went from 173.3 MB to 166.7 MB.
Total: 15.080700 ms (FindLiveObjects: 1.066600 ms CreateObjectMapping: 0.675700 ms MarkObjects: 9.087100 ms  DeleteObjects: 4.249800 ms)

Prepare: number of updated asset objects reloaded= 0
========================================================================
Received Prepare
Begin MonoManager ReloadAssembly
- Loaded All Assemblies, in  0.669 seconds
Refreshing native plugins compatible for Editor in 0.68 ms, found 4 plugins.
Native extension for iOS target not found
Native extension for WindowsStandalone target not found
Native extension for WebGL target not found
Mono: successfully reloaded assembly
- Finished resetting the current domain, in  0.797 seconds
Domain Reload Profiling: 1468ms
	BeginReloadAssembly (172ms)
		ExecutionOrderSort (0ms)
		DisableScriptedObjects (9ms)
		BackupInstance (0ms)
		ReleaseScriptingObjects (0ms)
		CreateAndSetChildDomain (39ms)
	RebuildCommonClasses (28ms)
	RebuildNativeTypeToScriptingClass (9ms)
	initialDomainReloadingComplete (23ms)
	LoadAllAssembliesAndSetupDomain (440ms)
		LoadAssemblies (355ms)
		RebuildTransferFunctionScriptingTraits (0ms)
		AnalyzeDomain (156ms)
			TypeCache.Refresh (8ms)
				TypeCache.ScanAssembly (0ms)
			BuildScriptInfoCaches (135ms)
			ResolveRequiredComponents (9ms)
	FinalizeReload (798ms)
		ReleaseScriptCaches (0ms)
		RebuildScriptCaches (0ms)
		SetupLoadedEditorAssemblies (657ms)
			LogAssemblyErrors (0ms)
			InitializePlatformSupportModulesInManaged (6ms)
			SetLoadedEditorAssemblies (4ms)
			BeforeProcessingInitializeOnLoad (182ms)
			ProcessInitializeOnLoadAttributes (400ms)
			ProcessInitializeOnLoadMethodAttributes (63ms)
			AfterProcessingInitializeOnLoad (2ms)
			EditorAssembliesLoaded (0ms)
		ExecutionOrderSort2 (0ms)
		AwakeInstancesAfterBackupRestoration (14ms)
Refreshing native plugins compatible for Editor in 2.11 ms, found 4 plugins.
Preloading 0 native plugins for Editor in 0.00 ms.
Unloading 29 Unused Serialized files (Serialized files now loaded: 0)
Unloading 7240 unused Assets / (6.6 MB). Loaded Objects now: 8190.
Memory consumption went from 173.2 MB to 166.6 MB.
Total: 15.646900 ms (FindLiveObjects: 0.735900 ms CreateObjectMapping: 0.620200 ms MarkObjects: 8.938500 ms  DeleteObjects: 5.350700 ms)

Prepare: number of updated asset objects reloaded= 0
========================================================================
Received Prepare
Begin MonoManager ReloadAssembly
- Loaded All Assemblies, in  0.516 seconds
Refreshing native plugins compatible for Editor in 0.72 ms, found 4 plugins.
Native extension for iOS target not found
Native extension for WindowsStandalone target not found
Native extension for WebGL target not found
Mono: successfully reloaded assembly
- Finished resetting the current domain, in  0.653 seconds
Domain Reload Profiling: 1171ms
	BeginReloadAssembly (152ms)
		ExecutionOrderSort (0ms)
		DisableScriptedObjects (9ms)
		BackupInstance (0ms)
		ReleaseScriptingObjects (0ms)
		CreateAndSetChildDomain (36ms)
	RebuildCommonClasses (22ms)
	RebuildNativeTypeToScriptingClass (8ms)
	initialDomainReloadingComplete (16ms)
	LoadAllAssembliesAndSetupDomain (320ms)
		LoadAssemblies (240ms)
		RebuildTransferFunctionScriptingTraits (0ms)
		AnalyzeDomain (134ms)
			TypeCache.Refresh (5ms)
				TypeCache.ScanAssembly (0ms)
			BuildScriptInfoCaches (117ms)
			ResolveRequiredComponents (7ms)
	FinalizeReload (653ms)
		ReleaseScriptCaches (0ms)
		RebuildScriptCaches (0ms)
		SetupLoadedEditorAssemblies (535ms)
			LogAssemblyErrors (0ms)
			InitializePlatformSupportModulesInManaged (6ms)
			SetLoadedEditorAssemblies (4ms)
			BeforeProcessingInitializeOnLoad (121ms)
			ProcessInitializeOnLoadAttributes (357ms)
			ProcessInitializeOnLoadMethodAttributes (44ms)
			AfterProcessingInitializeOnLoad (2ms)
			EditorAssembliesLoaded (0ms)
		ExecutionOrderSort2 (0ms)
		AwakeInstancesAfterBackupRestoration (12ms)
Refreshing native plugins compatible for Editor in 1.80 ms, found 4 plugins.
Preloading 0 native plugins for Editor in 0.00 ms.
Unloading 29 Unused Serialized files (Serialized files now loaded: 0)
Unloading 7240 unused Assets / (6.8 MB). Loaded Objects now: 8195.
Memory consumption went from 173.2 MB to 166.5 MB.
Total: 13.451500 ms (FindLiveObjects: 0.685000 ms CreateObjectMapping: 0.652400 ms MarkObjects: 8.463000 ms  DeleteObjects: 3.649500 ms)

Prepare: number of updated asset objects reloaded= 0
========================================================================
Received Prepare
Begin MonoManager ReloadAssembly
- Loaded All Assemblies, in  0.521 seconds
Refreshing native plugins compatible for Editor in 0.65 ms, found 4 plugins.
Native extension for iOS target not found
Native extension for WindowsStandalone target not found
Native extension for WebGL target not found
Mono: successfully reloaded assembly
- Finished resetting the current domain, in  0.646 seconds
Domain Reload Profiling: 1168ms
	BeginReloadAssembly (147ms)
		ExecutionOrderSort (0ms)
		DisableScriptedObjects (9ms)
		BackupInstance (0ms)
		ReleaseScriptingObjects (0ms)
		CreateAndSetChildDomain (34ms)
	RebuildCommonClasses (22ms)
	RebuildNativeTypeToScriptingClass (8ms)
	initialDomainReloadingComplete (17ms)
	LoadAllAssembliesAndSetupDomain (328ms)
		LoadAssemblies (251ms)
		RebuildTransferFunctionScriptingTraits (0ms)
		AnalyzeDomain (134ms)
			TypeCache.Refresh (5ms)
				TypeCache.ScanAssembly (0ms)
			BuildScriptInfoCaches (118ms)
			ResolveRequiredComponents (7ms)
	FinalizeReload (646ms)
		ReleaseScriptCaches (0ms)
		RebuildScriptCaches (0ms)
		SetupLoadedEditorAssemblies (524ms)
			LogAssemblyErrors (0ms)
			InitializePlatformSupportModulesInManaged (6ms)
			SetLoadedEditorAssemblies (4ms)
			BeforeProcessingInitializeOnLoad (120ms)
			ProcessInitializeOnLoadAttributes (353ms)
			ProcessInitializeOnLoadMethodAttributes (40ms)
			AfterProcessingInitializeOnLoad (2ms)
			EditorAssembliesLoaded (0ms)
		ExecutionOrderSort2 (0ms)
		AwakeInstancesAfterBackupRestoration (15ms)
Refreshing native plugins compatible for Editor in 1.87 ms, found 4 plugins.
Preloading 0 native plugins for Editor in 0.00 ms.
Unloading 29 Unused Serialized files (Serialized files now loaded: 0)
Unloading 7240 unused Assets / (6.9 MB). Loaded Objects now: 8200.
Memory consumption went from 173.3 MB to 166.4 MB.
Total: 14.136800 ms (FindLiveObjects: 0.697400 ms CreateObjectMapping: 0.661300 ms MarkObjects: 8.796800 ms  DeleteObjects: 3.979800 ms)

Prepare: number of updated asset objects reloaded= 0
========================================================================
Received Prepare
Begin MonoManager ReloadAssembly
- Loaded All Assemblies, in  0.511 seconds
Refreshing native plugins compatible for Editor in 0.66 ms, found 4 plugins.
Native extension for iOS target not found
Native extension for WindowsStandalone target not found
Native extension for WebGL target not found
Mono: successfully reloaded assembly
- Finished resetting the current domain, in  0.651 seconds
Domain Reload Profiling: 1164ms
	BeginReloadAssembly (142ms)
		ExecutionOrderSort (0ms)
		DisableScriptedObjects (9ms)
		BackupInstance (0ms)
		ReleaseScriptingObjects (0ms)
		CreateAndSetChildDomain (33ms)
	RebuildCommonClasses (21ms)
	RebuildNativeTypeToScriptingClass (8ms)
	initialDomainReloadingComplete (16ms)
	LoadAllAssembliesAndSetupDomain (325ms)
		LoadAssemblies (245ms)
		RebuildTransferFunctionScriptingTraits (0ms)
		AnalyzeDomain (134ms)
			TypeCache.Refresh (5ms)
				TypeCache.ScanAssembly (0ms)
			BuildScriptInfoCaches (117ms)
			ResolveRequiredComponents (7ms)
	FinalizeReload (652ms)
		ReleaseScriptCaches (0ms)
		RebuildScriptCaches (0ms)
		SetupLoadedEditorAssemblies (533ms)
			LogAssemblyErrors (0ms)
			InitializePlatformSupportModulesInManaged (6ms)
			SetLoadedEditorAssemblies (4ms)
			BeforeProcessingInitializeOnLoad (130ms)
			ProcessInitializeOnLoadAttributes (352ms)
			ProcessInitializeOnLoadMethodAttributes (39ms)
			AfterProcessingInitializeOnLoad (2ms)
			EditorAssembliesLoaded (0ms)
		ExecutionOrderSort2 (0ms)
		AwakeInstancesAfterBackupRestoration (12ms)
Refreshing native plugins compatible for Editor in 1.61 ms, found 4 plugins.
Preloading 0 native plugins for Editor in 0.00 ms.
Unloading 29 Unused Serialized files (Serialized files now loaded: 0)
Unloading 7240 unused Assets / (6.9 MB). Loaded Objects now: 8205.
Memory consumption went from 173.3 MB to 166.5 MB.
Total: 14.661000 ms (FindLiveObjects: 0.772700 ms CreateObjectMapping: 0.670300 ms MarkObjects: 8.927800 ms  DeleteObjects: 4.288600 ms)

Prepare: number of updated asset objects reloaded= 0
========================================================================
Received Prepare
Begin MonoManager ReloadAssembly
- Loaded All Assemblies, in  0.695 seconds
Refreshing native plugins compatible for Editor in 0.63 ms, found 4 plugins.
Native extension for iOS target not found
Native extension for WindowsStandalone target not found
Native extension for WebGL target not found
Mono: successfully reloaded assembly
- Finished resetting the current domain, in  0.679 seconds
Domain Reload Profiling: 1375ms
	BeginReloadAssembly (150ms)
		ExecutionOrderSort (0ms)
		DisableScriptedObjects (10ms)
		BackupInstance (0ms)
		ReleaseScriptingObjects (0ms)
		CreateAndSetChildDomain (36ms)
	RebuildCommonClasses (25ms)
	RebuildNativeTypeToScriptingClass (8ms)
	initialDomainReloadingComplete (18ms)
	LoadAllAssembliesAndSetupDomain (495ms)
		LoadAssemblies (248ms)
		RebuildTransferFunctionScriptingTraits (0ms)
		AnalyzeDomain (304ms)
			TypeCache.Refresh (9ms)
				TypeCache.ScanAssembly (0ms)
			BuildScriptInfoCaches (283ms)
			ResolveRequiredComponents (7ms)
	FinalizeReload (679ms)
		ReleaseScriptCaches (0ms)
		RebuildScriptCaches (0ms)
		SetupLoadedEditorAssemblies (555ms)
			LogAssemblyErrors (0ms)
			InitializePlatformSupportModulesInManaged (6ms)
			SetLoadedEditorAssemblies (4ms)
			BeforeProcessingInitializeOnLoad (128ms)
			ProcessInitializeOnLoadAttributes (370ms)
			ProcessInitializeOnLoadMethodAttributes (44ms)
			AfterProcessingInitializeOnLoad (2ms)
			EditorAssembliesLoaded (0ms)
		ExecutionOrderSort2 (0ms)
		AwakeInstancesAfterBackupRestoration (13ms)
Refreshing native plugins compatible for Editor in 1.61 ms, found 4 plugins.
Preloading 0 native plugins for Editor in 0.00 ms.
Unloading 29 Unused Serialized files (Serialized files now loaded: 0)
Unloading 7240 unused Assets / (6.9 MB). Loaded Objects now: 8210.
Memory consumption went from 173.3 MB to 166.4 MB.
Total: 13.976000 ms (FindLiveObjects: 0.716900 ms CreateObjectMapping: 0.658100 ms MarkObjects: 8.400800 ms  DeleteObjects: 4.199100 ms)

Prepare: number of updated asset objects reloaded= 0
========================================================================
Received Prepare
Begin MonoManager ReloadAssembly
- Loaded All Assemblies, in  0.516 seconds
Refreshing native plugins compatible for Editor in 0.78 ms, found 4 plugins.
Native extension for iOS target not found
Native extension for WindowsStandalone target not found
Native extension for WebGL target not found
Mono: successfully reloaded assembly
- Finished resetting the current domain, in  0.656 seconds
Domain Reload Profiling: 1173ms
	BeginReloadAssembly (144ms)
		ExecutionOrderSort (0ms)
		DisableScriptedObjects (9ms)
		BackupInstance (0ms)
		ReleaseScriptingObjects (0ms)
		CreateAndSetChildDomain (33ms)
	RebuildCommonClasses (22ms)
	RebuildNativeTypeToScriptingClass (8ms)
	initialDomainReloadingComplete (17ms)
	LoadAllAssembliesAndSetupDomain (326ms)
		LoadAssemblies (243ms)
		RebuildTransferFunctionScriptingTraits (0ms)
		AnalyzeDomain (137ms)
			TypeCache.Refresh (5ms)
				TypeCache.ScanAssembly (0ms)
			BuildScriptInfoCaches (122ms)
			ResolveRequiredComponents (7ms)
	FinalizeReload (656ms)
		ReleaseScriptCaches (0ms)
		RebuildScriptCaches (0ms)
		SetupLoadedEditorAssemblies (537ms)
			LogAssemblyErrors (0ms)
			InitializePlatformSupportModulesInManaged (6ms)
			SetLoadedEditorAssemblies (4ms)
			BeforeProcessingInitializeOnLoad (126ms)
			ProcessInitializeOnLoadAttributes (356ms)
			ProcessInitializeOnLoadMethodAttributes (43ms)
			AfterProcessingInitializeOnLoad (2ms)
			EditorAssembliesLoaded (0ms)
		ExecutionOrderSort2 (0ms)
		AwakeInstancesAfterBackupRestoration (12ms)
Refreshing native plugins compatible for Editor in 1.50 ms, found 4 plugins.
Preloading 0 native plugins for Editor in 0.00 ms.
Unloading 29 Unused Serialized files (Serialized files now loaded: 0)
Unloading 7240 unused Assets / (6.7 MB). Loaded Objects now: 8215.
Memory consumption went from 173.4 MB to 166.7 MB.
Total: 14.367700 ms (FindLiveObjects: 0.768200 ms CreateObjectMapping: 0.679800 ms MarkObjects: 9.044100 ms  DeleteObjects: 3.873700 ms)

Prepare: number of updated asset objects reloaded= 0
========================================================================
Received Prepare
Begin MonoManager ReloadAssembly
- Loaded All Assemblies, in  0.527 seconds
Refreshing native plugins compatible for Editor in 0.94 ms, found 4 plugins.
Native extension for iOS target not found
Native extension for WindowsStandalone target not found
Native extension for WebGL target not found
Mono: successfully reloaded assembly
- Finished resetting the current domain, in  0.648 seconds
Domain Reload Profiling: 1177ms
	BeginReloadAssembly (157ms)
		ExecutionOrderSort (0ms)
		DisableScriptedObjects (10ms)
		BackupInstance (0ms)
		ReleaseScriptingObjects (0ms)
		CreateAndSetChildDomain (34ms)
	RebuildCommonClasses (22ms)
	RebuildNativeTypeToScriptingClass (8ms)
	initialDomainReloadingComplete (16ms)
	LoadAllAssembliesAndSetupDomain (326ms)
		LoadAssemblies (246ms)
		RebuildTransferFunctionScriptingTraits (0ms)
		AnalyzeDomain (135ms)
			TypeCache.Refresh (5ms)
				TypeCache.ScanAssembly (0ms)
			BuildScriptInfoCaches (119ms)
			ResolveRequiredComponents (7ms)
	FinalizeReload (648ms)
		ReleaseScriptCaches (0ms)
		RebuildScriptCaches (0ms)
		SetupLoadedEditorAssemblies (530ms)
			LogAssemblyErrors (0ms)
			InitializePlatformSupportModulesInManaged (6ms)
			SetLoadedEditorAssemblies (4ms)
			BeforeProcessingInitializeOnLoad (122ms)
			ProcessInitializeOnLoadAttributes (352ms)
			ProcessInitializeOnLoadMethodAttributes (43ms)
			AfterProcessingInitializeOnLoad (2ms)
			EditorAssembliesLoaded (0ms)
		ExecutionOrderSort2 (0ms)
		AwakeInstancesAfterBackupRestoration (13ms)
Refreshing native plugins compatible for Editor in 1.79 ms, found 4 plugins.
Preloading 0 native plugins for Editor in 0.00 ms.
Unloading 29 Unused Serialized files (Serialized files now loaded: 0)
Unloading 7240 unused Assets / (7.0 MB). Loaded Objects now: 8220.
Memory consumption went from 173.4 MB to 166.4 MB.
Total: 14.706900 ms (FindLiveObjects: 0.788700 ms CreateObjectMapping: 0.631300 ms MarkObjects: 8.985700 ms  DeleteObjects: 4.298900 ms)

Prepare: number of updated asset objects reloaded= 0
========================================================================
Received Prepare
Refreshing native plugins compatible for Editor in 1.55 ms, found 4 plugins.
Preloading 0 native plugins for Editor in 0.00 ms.
Unloading 29 Unused Serialized files (Serialized files now loaded: 0)
Unloading 7228 unused Assets / (7.1 MB). Loaded Objects now: 8220.
Memory consumption went from 173.6 MB to 166.5 MB.
Total: 18.064500 ms (FindLiveObjects: 0.808100 ms CreateObjectMapping: 0.722900 ms MarkObjects: 11.918900 ms  DeleteObjects: 4.612800 ms)

Prepare: number of updated asset objects reloaded= 0
========================================================================
Received Prepare
Begin MonoManager ReloadAssembly
- Loaded All Assemblies, in  0.554 seconds
Refreshing native plugins compatible for Editor in 0.60 ms, found 4 plugins.
Native extension for iOS target not found
Native extension for WindowsStandalone target not found
Native extension for WebGL target not found
Mono: successfully reloaded assembly
- Finished resetting the current domain, in  0.668 seconds
Domain Reload Profiling: 1224ms
	BeginReloadAssembly (153ms)
		ExecutionOrderSort (0ms)
		DisableScriptedObjects (10ms)
		BackupInstance (0ms)
		ReleaseScriptingObjects (0ms)
		CreateAndSetChildDomain (36ms)
	RebuildCommonClasses (23ms)
	RebuildNativeTypeToScriptingClass (8ms)
	initialDomainReloadingComplete (18ms)
	LoadAllAssembliesAndSetupDomain (352ms)
		LoadAssemblies (270ms)
		RebuildTransferFunctionScriptingTraits (0ms)
		AnalyzeDomain (140ms)
			TypeCache.Refresh (8ms)
				TypeCache.ScanAssembly (0ms)
			BuildScriptInfoCaches (121ms)
			ResolveRequiredComponents (8ms)
	FinalizeReload (668ms)
		ReleaseScriptCaches (0ms)
		RebuildScriptCaches (0ms)
		SetupLoadedEditorAssemblies (547ms)
			LogAssemblyErrors (0ms)
			InitializePlatformSupportModulesInManaged (6ms)
			SetLoadedEditorAssemblies (4ms)
			BeforeProcessingInitializeOnLoad (124ms)
			ProcessInitializeOnLoadAttributes (366ms)
			ProcessInitializeOnLoadMethodAttributes (44ms)
			AfterProcessingInitializeOnLoad (2ms)
			EditorAssembliesLoaded (0ms)
		ExecutionOrderSort2 (0ms)
		AwakeInstancesAfterBackupRestoration (14ms)
Refreshing native plugins compatible for Editor in 1.70 ms, found 4 plugins.
Preloading 0 native plugins for Editor in 0.00 ms.
Unloading 29 Unused Serialized files (Serialized files now loaded: 0)
Unloading 7240 unused Assets / (6.9 MB). Loaded Objects now: 8225.
Memory consumption went from 173.5 MB to 166.5 MB.
Total: 14.867300 ms (FindLiveObjects: 0.767800 ms CreateObjectMapping: 0.661000 ms MarkObjects: 8.986700 ms  DeleteObjects: 4.449800 ms)

Prepare: number of updated asset objects reloaded= 0
========================================================================
Received Prepare
Refreshing native plugins compatible for Editor in 1.63 ms, found 4 plugins.
Preloading 0 native plugins for Editor in 0.00 ms.
Unloading 29 Unused Serialized files (Serialized files now loaded: 0)
Unloading 7228 unused Assets / (7.2 MB). Loaded Objects now: 8225.
Memory consumption went from 173.6 MB to 166.4 MB.
Total: 18.797700 ms (FindLiveObjects: 0.791400 ms CreateObjectMapping: 0.542400 ms MarkObjects: 12.307300 ms  DeleteObjects: 5.154700 ms)

Prepare: number of updated asset objects reloaded= 0
========================================================================
Received Prepare
Refreshing native plugins compatible for Editor in 1.74 ms, found 4 plugins.
Preloading 0 native plugins for Editor in 0.00 ms.
Unloading 29 Unused Serialized files (Serialized files now loaded: 0)
Unloading 7228 unused Assets / (6.9 MB). Loaded Objects now: 8225.
Memory consumption went from 173.6 MB to 166.7 MB.
Total: 13.920700 ms (FindLiveObjects: 0.977600 ms CreateObjectMapping: 0.460400 ms MarkObjects: 8.356700 ms  DeleteObjects: 4.124500 ms)

Prepare: number of updated asset objects reloaded= 0
========================================================================
Received Prepare
Begin MonoManager ReloadAssembly
- Loaded All Assemblies, in  0.549 seconds
Refreshing native plugins compatible for Editor in 0.64 ms, found 4 plugins.
Native extension for iOS target not found
Native extension for WindowsStandalone target not found
Native extension for WebGL target not found
Mono: successfully reloaded assembly
- Finished resetting the current domain, in  0.671 seconds
Domain Reload Profiling: 1222ms
	BeginReloadAssembly (157ms)
		ExecutionOrderSort (1ms)
		DisableScriptedObjects (10ms)
		BackupInstance (0ms)
		ReleaseScriptingObjects (0ms)
		CreateAndSetChildDomain (35ms)
	RebuildCommonClasses (24ms)
	RebuildNativeTypeToScriptingClass (8ms)
	initialDomainReloadingComplete (17ms)
	LoadAllAssembliesAndSetupDomain (344ms)
		LoadAssemblies (265ms)
		RebuildTransferFunctionScriptingTraits (0ms)
		AnalyzeDomain (141ms)
			TypeCache.Refresh (8ms)
				TypeCache.ScanAssembly (0ms)
			BuildScriptInfoCaches (121ms)
			ResolveRequiredComponents (8ms)
	FinalizeReload (672ms)
		ReleaseScriptCaches (0ms)
		RebuildScriptCaches (0ms)
		SetupLoadedEditorAssemblies (550ms)
			LogAssemblyErrors (0ms)
			InitializePlatformSupportModulesInManaged (6ms)
			SetLoadedEditorAssemblies (4ms)
			BeforeProcessingInitializeOnLoad (126ms)
			ProcessInitializeOnLoadAttributes (367ms)
			ProcessInitializeOnLoadMethodAttributes (45ms)
			AfterProcessingInitializeOnLoad (2ms)
			EditorAssembliesLoaded (0ms)
		ExecutionOrderSort2 (0ms)
		AwakeInstancesAfterBackupRestoration (13ms)
Refreshing native plugins compatible for Editor in 1.51 ms, found 4 plugins.
Preloading 0 native plugins for Editor in 0.00 ms.
Unloading 29 Unused Serialized files (Serialized files now loaded: 0)
Unloading 7240 unused Assets / (7.2 MB). Loaded Objects now: 8230.
Memory consumption went from 173.5 MB to 166.4 MB.
Total: 14.824300 ms (FindLiveObjects: 0.819200 ms CreateObjectMapping: 0.738600 ms MarkObjects: 8.784500 ms  DeleteObjects: 4.480400 ms)

Prepare: number of updated asset objects reloaded= 0
========================================================================
Received Prepare
Begin MonoManager ReloadAssembly
- Loaded All Assemblies, in  0.521 seconds
Refreshing native plugins compatible for Editor in 0.71 ms, found 4 plugins.
Native extension for iOS target not found
Native extension for WindowsStandalone target not found
Native extension for WebGL target not found
Mono: successfully reloaded assembly
- Finished resetting the current domain, in  0.638 seconds
Domain Reload Profiling: 1161ms
	BeginReloadAssembly (151ms)
		ExecutionOrderSort (0ms)
		DisableScriptedObjects (10ms)
		BackupInstance (0ms)
		ReleaseScriptingObjects (0ms)
		CreateAndSetChildDomain (34ms)
	RebuildCommonClasses (22ms)
	RebuildNativeTypeToScriptingClass (8ms)
	initialDomainReloadingComplete (17ms)
	LoadAllAssembliesAndSetupDomain (325ms)
		LoadAssemblies (246ms)
		RebuildTransferFunctionScriptingTraits (0ms)
		AnalyzeDomain (135ms)
			TypeCache.Refresh (5ms)
				TypeCache.ScanAssembly (0ms)
			BuildScriptInfoCaches (119ms)
			ResolveRequiredComponents (7ms)
	FinalizeReload (638ms)
		ReleaseScriptCaches (0ms)
		RebuildScriptCaches (0ms)
		SetupLoadedEditorAssemblies (520ms)
			LogAssemblyErrors (0ms)
			InitializePlatformSupportModulesInManaged (6ms)
			SetLoadedEditorAssemblies (4ms)
			BeforeProcessingInitializeOnLoad (119ms)
			ProcessInitializeOnLoadAttributes (347ms)
			ProcessInitializeOnLoadMethodAttributes (42ms)
			AfterProcessingInitializeOnLoad (2ms)
			EditorAssembliesLoaded (0ms)
		ExecutionOrderSort2 (0ms)
		AwakeInstancesAfterBackupRestoration (12ms)
Refreshing native plugins compatible for Editor in 2.21 ms, found 4 plugins.
Preloading 0 native plugins for Editor in 0.00 ms.
Unloading 29 Unused Serialized files (Serialized files now loaded: 0)
Unloading 7240 unused Assets / (7.1 MB). Loaded Objects now: 8235.
Memory consumption went from 173.6 MB to 166.5 MB.
Total: 13.842100 ms (FindLiveObjects: 0.748200 ms CreateObjectMapping: 0.671700 ms MarkObjects: 8.026900 ms  DeleteObjects: 4.393700 ms)

Prepare: number of updated asset objects reloaded= 0
========================================================================
Received Prepare
Refreshing native plugins compatible for Editor in 1.68 ms, found 4 plugins.
Preloading 0 native plugins for Editor in 0.00 ms.
Unloading 29 Unused Serialized files (Serialized files now loaded: 0)
Unloading 7228 unused Assets / (7.1 MB). Loaded Objects now: 8235.
Memory consumption went from 173.7 MB to 166.6 MB.
Total: 18.880000 ms (FindLiveObjects: 1.274100 ms CreateObjectMapping: 0.598400 ms MarkObjects: 11.571400 ms  DeleteObjects: 5.434500 ms)

Prepare: number of updated asset objects reloaded= 0
========================================================================
Received Prepare
Begin MonoManager ReloadAssembly
- Loaded All Assemblies, in  0.565 seconds
Refreshing native plugins compatible for Editor in 0.61 ms, found 4 plugins.
Native extension for iOS target not found
Native extension for WindowsStandalone target not found
Native extension for WebGL target not found
Mono: successfully reloaded assembly
- Finished resetting the current domain, in  0.687 seconds
Domain Reload Profiling: 1254ms
	BeginReloadAssembly (160ms)
		ExecutionOrderSort (0ms)
		DisableScriptedObjects (11ms)
		BackupInstance (0ms)
		ReleaseScriptingObjects (0ms)
		CreateAndSetChildDomain (35ms)
	RebuildCommonClasses (24ms)
	RebuildNativeTypeToScriptingClass (8ms)
	initialDomainReloadingComplete (18ms)
	LoadAllAssembliesAndSetupDomain (357ms)
		LoadAssemblies (274ms)
		RebuildTransferFunctionScriptingTraits (0ms)
		AnalyzeDomain (148ms)
			TypeCache.Refresh (10ms)
				TypeCache.ScanAssembly (0ms)
			BuildScriptInfoCaches (126ms)
			ResolveRequiredComponents (8ms)
	FinalizeReload (687ms)
		ReleaseScriptCaches (0ms)
		RebuildScriptCaches (0ms)
		SetupLoadedEditorAssemblies (560ms)
			LogAssemblyErrors (0ms)
			InitializePlatformSupportModulesInManaged (6ms)
			SetLoadedEditorAssemblies (4ms)
			BeforeProcessingInitializeOnLoad (131ms)
			ProcessInitializeOnLoadAttributes (370ms)
			ProcessInitializeOnLoadMethodAttributes (47ms)
			AfterProcessingInitializeOnLoad (2ms)
			EditorAssembliesLoaded (0ms)
		ExecutionOrderSort2 (0ms)
		AwakeInstancesAfterBackupRestoration (14ms)
Refreshing native plugins compatible for Editor in 1.54 ms, found 4 plugins.
Preloading 0 native plugins for Editor in 0.00 ms.
Unloading 29 Unused Serialized files (Serialized files now loaded: 0)
Unloading 7240 unused Assets / (6.9 MB). Loaded Objects now: 8240.
Memory consumption went from 173.6 MB to 166.7 MB.
Total: 14.064200 ms (FindLiveObjects: 0.734900 ms CreateObjectMapping: 0.631900 ms MarkObjects: 8.619000 ms  DeleteObjects: 4.076300 ms)

Prepare: number of updated asset objects reloaded= 0
========================================================================
Received Prepare
Begin MonoManager ReloadAssembly
- Loaded All Assemblies, in  0.723 seconds
Refreshing native plugins compatible for Editor in 0.56 ms, found 4 plugins.
Native extension for iOS target not found
Native extension for WindowsStandalone target not found
Native extension for WebGL target not found
Mono: successfully reloaded assembly
- Finished resetting the current domain, in  0.682 seconds
Domain Reload Profiling: 1407ms
	BeginReloadAssembly (331ms)
		ExecutionOrderSort (0ms)
		DisableScriptedObjects (10ms)
		BackupInstance (0ms)
		ReleaseScriptingObjects (0ms)
		CreateAndSetChildDomain (35ms)
	RebuildCommonClasses (23ms)
	RebuildNativeTypeToScriptingClass (8ms)
	initialDomainReloadingComplete (17ms)
	LoadAllAssembliesAndSetupDomain (346ms)
		LoadAssemblies (433ms)
		RebuildTransferFunctionScriptingTraits (0ms)
		AnalyzeDomain (144ms)
			TypeCache.Refresh (7ms)
				TypeCache.ScanAssembly (0ms)
			BuildScriptInfoCaches (126ms)
			ResolveRequiredComponents (7ms)
	FinalizeReload (682ms)
		ReleaseScriptCaches (0ms)
		RebuildScriptCaches (0ms)
		SetupLoadedEditorAssemblies (557ms)
			LogAssemblyErrors (0ms)
			InitializePlatformSupportModulesInManaged (6ms)
			SetLoadedEditorAssemblies (4ms)
			BeforeProcessingInitializeOnLoad (128ms)
			ProcessInitializeOnLoadAttributes (374ms)
			ProcessInitializeOnLoadMethodAttributes (43ms)
			AfterProcessingInitializeOnLoad (2ms)
			EditorAssembliesLoaded (0ms)
		ExecutionOrderSort2 (0ms)
		AwakeInstancesAfterBackupRestoration (12ms)
Refreshing native plugins compatible for Editor in 1.84 ms, found 4 plugins.
Preloading 0 native plugins for Editor in 0.00 ms.
Unloading 29 Unused Serialized files (Serialized files now loaded: 0)
Unloading 7240 unused Assets / (6.8 MB). Loaded Objects now: 8245.
Memory consumption went from 173.6 MB to 166.8 MB.
Total: 14.158000 ms (FindLiveObjects: 0.726800 ms CreateObjectMapping: 0.617700 ms MarkObjects: 8.985900 ms  DeleteObjects: 3.826000 ms)

Prepare: number of updated asset objects reloaded= 0
========================================================================
Received Prepare
Begin MonoManager ReloadAssembly
- Loaded All Assemblies, in  0.537 seconds
Refreshing native plugins compatible for Editor in 0.63 ms, found 4 plugins.
Native extension for iOS target not found
Native extension for WindowsStandalone target not found
Native extension for WebGL target not found
Mono: successfully reloaded assembly
- Finished resetting the current domain, in  0.673 seconds
Domain Reload Profiling: 1211ms
	BeginReloadAssembly (154ms)
		ExecutionOrderSort (0ms)
		DisableScriptedObjects (12ms)
		BackupInstance (0ms)
		ReleaseScriptingObjects (0ms)
		CreateAndSetChildDomain (34ms)
	RebuildCommonClasses (23ms)
	RebuildNativeTypeToScriptingClass (8ms)
	initialDomainReloadingComplete (19ms)
	LoadAllAssembliesAndSetupDomain (335ms)
		LoadAssemblies (255ms)
		RebuildTransferFunctionScriptingTraits (0ms)
		AnalyzeDomain (137ms)
			TypeCache.Refresh (7ms)
				TypeCache.ScanAssembly (0ms)
			BuildScriptInfoCaches (119ms)
			ResolveRequiredComponents (8ms)
	FinalizeReload (673ms)
		ReleaseScriptCaches (0ms)
		RebuildScriptCaches (0ms)
		SetupLoadedEditorAssemblies (548ms)
			LogAssemblyErrors (0ms)
			InitializePlatformSupportModulesInManaged (6ms)
			SetLoadedEditorAssemblies (4ms)
			BeforeProcessingInitializeOnLoad (129ms)
			ProcessInitializeOnLoadAttributes (364ms)
			ProcessInitializeOnLoadMethodAttributes (43ms)
			AfterProcessingInitializeOnLoad (2ms)
			EditorAssembliesLoaded (0ms)
		ExecutionOrderSort2 (0ms)
		AwakeInstancesAfterBackupRestoration (13ms)
Refreshing native plugins compatible for Editor in 1.67 ms, found 4 plugins.
Preloading 0 native plugins for Editor in 0.00 ms.
Unloading 29 Unused Serialized files (Serialized files now loaded: 0)
Unloading 7240 unused Assets / (7.0 MB). Loaded Objects now: 8250.
Memory consumption went from 173.7 MB to 166.7 MB.
Total: 14.367600 ms (FindLiveObjects: 0.754000 ms CreateObjectMapping: 0.696300 ms MarkObjects: 9.017200 ms  DeleteObjects: 3.898300 ms)

Prepare: number of updated asset objects reloaded= 0
========================================================================
Received Prepare
Begin MonoManager ReloadAssembly
- Loaded All Assemblies, in  0.557 seconds
Refreshing native plugins compatible for Editor in 0.63 ms, found 4 plugins.
Native extension for iOS target not found
Native extension for WindowsStandalone target not found
Native extension for WebGL target not found
Mono: successfully reloaded assembly
- Finished resetting the current domain, in  1.066 seconds
Domain Reload Profiling: 1625ms
	BeginReloadAssembly (173ms)
		ExecutionOrderSort (0ms)
		DisableScriptedObjects (12ms)
		BackupInstance (0ms)
		ReleaseScriptingObjects (0ms)
		CreateAndSetChildDomain (38ms)
	RebuildCommonClasses (24ms)
	RebuildNativeTypeToScriptingClass (8ms)
	initialDomainReloadingComplete (17ms)
	LoadAllAssembliesAndSetupDomain (337ms)
		LoadAssemblies (268ms)
		RebuildTransferFunctionScriptingTraits (0ms)
		AnalyzeDomain (139ms)
			TypeCache.Refresh (7ms)
				TypeCache.ScanAssembly (0ms)
			BuildScriptInfoCaches (121ms)
			ResolveRequiredComponents (8ms)
	FinalizeReload (1066ms)
		ReleaseScriptCaches (0ms)
		RebuildScriptCaches (0ms)
		SetupLoadedEditorAssemblies (942ms)
			LogAssemblyErrors (0ms)
			InitializePlatformSupportModulesInManaged (6ms)
			SetLoadedEditorAssemblies (4ms)
			BeforeProcessingInitializeOnLoad (130ms)
			ProcessInitializeOnLoadAttributes (755ms)
			ProcessInitializeOnLoadMethodAttributes (44ms)
			AfterProcessingInitializeOnLoad (2ms)
			EditorAssembliesLoaded (0ms)
		ExecutionOrderSort2 (0ms)
		AwakeInstancesAfterBackupRestoration (12ms)
Refreshing native plugins compatible for Editor in 0.80 ms, found 4 plugins.
Preloading 0 native plugins for Editor in 0.00 ms.
Unloading 29 Unused Serialized files (Serialized files now loaded: 0)
Unloading 7240 unused Assets / (6.5 MB). Loaded Objects now: 8255.
Memory consumption went from 173.7 MB to 167.3 MB.
Total: 12.144000 ms (FindLiveObjects: 0.657300 ms CreateObjectMapping: 0.527700 ms MarkObjects: 7.645000 ms  DeleteObjects: 3.312600 ms)

Prepare: number of updated asset objects reloaded= 0
========================================================================
Received Prepare
Begin MonoManager ReloadAssembly
- Loaded All Assemblies, in  0.520 seconds
Refreshing native plugins compatible for Editor in 0.72 ms, found 4 plugins.
Native extension for iOS target not found
Native extension for WindowsStandalone target not found
Native extension for WebGL target not found
Mono: successfully reloaded assembly
- Finished resetting the current domain, in  0.683 seconds
Domain Reload Profiling: 1204ms
	BeginReloadAssembly (155ms)
		ExecutionOrderSort (0ms)
		DisableScriptedObjects (9ms)
		BackupInstance (0ms)
		ReleaseScriptingObjects (0ms)
		CreateAndSetChildDomain (34ms)
	RebuildCommonClasses (23ms)
	RebuildNativeTypeToScriptingClass (8ms)
	initialDomainReloadingComplete (16ms)
	LoadAllAssembliesAndSetupDomain (319ms)
		LoadAssemblies (245ms)
		RebuildTransferFunctionScriptingTraits (0ms)
		AnalyzeDomain (138ms)
			TypeCache.Refresh (5ms)
				TypeCache.ScanAssembly (0ms)
			BuildScriptInfoCaches (122ms)
			ResolveRequiredComponents (7ms)
	FinalizeReload (683ms)
		ReleaseScriptCaches (0ms)
		RebuildScriptCaches (0ms)
		SetupLoadedEditorAssemblies (557ms)
			LogAssemblyErrors (0ms)
			InitializePlatformSupportModulesInManaged (6ms)
			SetLoadedEditorAssemblies (4ms)
			BeforeProcessingInitializeOnLoad (130ms)
			ProcessInitializeOnLoadAttributes (369ms)
			ProcessInitializeOnLoadMethodAttributes (46ms)
			AfterProcessingInitializeOnLoad (2ms)
			EditorAssembliesLoaded (0ms)
		ExecutionOrderSort2 (0ms)
		AwakeInstancesAfterBackupRestoration (13ms)
Refreshing native plugins compatible for Editor in 1.66 ms, found 4 plugins.
Preloading 0 native plugins for Editor in 0.00 ms.
Unloading 29 Unused Serialized files (Serialized files now loaded: 0)
Unloading 7240 unused Assets / (6.8 MB). Loaded Objects now: 8260.
Memory consumption went from 173.8 MB to 167.0 MB.
Total: 13.037900 ms (FindLiveObjects: 0.698000 ms CreateObjectMapping: 0.672300 ms MarkObjects: 8.193700 ms  DeleteObjects: 3.472500 ms)

Prepare: number of updated asset objects reloaded= 0
========================================================================
Received Prepare
Refreshing native plugins compatible for Editor in 1.69 ms, found 4 plugins.
Preloading 0 native plugins for Editor in 0.00 ms.
Unloading 29 Unused Serialized files (Serialized files now loaded: 0)
Unloading 7228 unused Assets / (6.8 MB). Loaded Objects now: 8260.
Memory consumption went from 173.9 MB to 167.1 MB.
Total: 15.800000 ms (FindLiveObjects: 0.740200 ms CreateObjectMapping: 0.686700 ms MarkObjects: 9.556800 ms  DeleteObjects: 4.814800 ms)

Prepare: number of updated asset objects reloaded= 0
========================================================================
Received Prepare
Begin MonoManager ReloadAssembly
- Loaded All Assemblies, in  0.517 seconds
Refreshing native plugins compatible for Editor in 0.63 ms, found 4 plugins.
Native extension for iOS target not found
Native extension for WindowsStandalone target not found
Native extension for WebGL target not found
Mono: successfully reloaded assembly
- Finished resetting the current domain, in  0.676 seconds
Domain Reload Profiling: 1195ms
	BeginReloadAssembly (145ms)
		ExecutionOrderSort (0ms)
		DisableScriptedObjects (10ms)
		BackupInstance (0ms)
		ReleaseScriptingObjects (0ms)
		CreateAndSetChildDomain (32ms)
	RebuildCommonClasses (22ms)
	RebuildNativeTypeToScriptingClass (8ms)
	initialDomainReloadingComplete (16ms)
	LoadAllAssembliesAndSetupDomain (328ms)
		LoadAssemblies (245ms)
		RebuildTransferFunctionScriptingTraits (0ms)
		AnalyzeDomain (139ms)
			TypeCache.Refresh (7ms)
				TypeCache.ScanAssembly (0ms)
			BuildScriptInfoCaches (122ms)
			ResolveRequiredComponents (7ms)
	FinalizeReload (676ms)
		ReleaseScriptCaches (0ms)
		RebuildScriptCaches (0ms)
		SetupLoadedEditorAssemblies (548ms)
			LogAssemblyErrors (0ms)
			InitializePlatformSupportModulesInManaged (6ms)
			SetLoadedEditorAssemblies (4ms)
			BeforeProcessingInitializeOnLoad (126ms)
			ProcessInitializeOnLoadAttributes (364ms)
			ProcessInitializeOnLoadMethodAttributes (46ms)
			AfterProcessingInitializeOnLoad (2ms)
			EditorAssembliesLoaded (0ms)
		ExecutionOrderSort2 (0ms)
		AwakeInstancesAfterBackupRestoration (13ms)
Refreshing native plugins compatible for Editor in 1.66 ms, found 4 plugins.
Preloading 0 native plugins for Editor in 0.00 ms.
Unloading 29 Unused Serialized files (Serialized files now loaded: 0)
Unloading 7240 unused Assets / (6.9 MB). Loaded Objects now: 8265.
Memory consumption went from 173.8 MB to 167.0 MB.
Total: 13.451200 ms (FindLiveObjects: 0.688900 ms CreateObjectMapping: 0.737700 ms MarkObjects: 8.453300 ms  DeleteObjects: 3.569800 ms)

Prepare: number of updated asset objects reloaded= 0
========================================================================
Received Prepare
Begin MonoManager ReloadAssembly
- Loaded All Assemblies, in  0.624 seconds
Refreshing native plugins compatible for Editor in 0.63 ms, found 4 plugins.
Native extension for iOS target not found
Native extension for WindowsStandalone target not found
Native extension for WebGL target not found
Mono: successfully reloaded assembly
- Finished resetting the current domain, in  0.762 seconds
Domain Reload Profiling: 1387ms
	BeginReloadAssembly (188ms)
		ExecutionOrderSort (0ms)
		DisableScriptedObjects (14ms)
		BackupInstance (0ms)
		ReleaseScriptingObjects (0ms)
		CreateAndSetChildDomain (51ms)
	RebuildCommonClasses (26ms)
	RebuildNativeTypeToScriptingClass (9ms)
	initialDomainReloadingComplete (19ms)
	LoadAllAssembliesAndSetupDomain (383ms)
		LoadAssemblies (297ms)
		RebuildTransferFunctionScriptingTraits (0ms)
		AnalyzeDomain (152ms)
			TypeCache.Refresh (6ms)
				TypeCache.ScanAssembly (0ms)
			BuildScriptInfoCaches (134ms)
			ResolveRequiredComponents (8ms)
	FinalizeReload (762ms)
		ReleaseScriptCaches (0ms)
		RebuildScriptCaches (0ms)
		SetupLoadedEditorAssemblies (617ms)
			LogAssemblyErrors (0ms)
			InitializePlatformSupportModulesInManaged (6ms)
			SetLoadedEditorAssemblies (5ms)
			BeforeProcessingInitializeOnLoad (140ms)
			ProcessInitializeOnLoadAttributes (406ms)
			ProcessInitializeOnLoadMethodAttributes (57ms)
			AfterProcessingInitializeOnLoad (3ms)
			EditorAssembliesLoaded (0ms)
		ExecutionOrderSort2 (0ms)
		AwakeInstancesAfterBackupRestoration (14ms)
Refreshing native plugins compatible for Editor in 1.77 ms, found 4 plugins.
Preloading 0 native plugins for Editor in 0.00 ms.
Unloading 29 Unused Serialized files (Serialized files now loaded: 0)
Unloading 7240 unused Assets / (7.4 MB). Loaded Objects now: 8270.
Memory consumption went from 173.8 MB to 166.4 MB.
Total: 19.413300 ms (FindLiveObjects: 0.758800 ms CreateObjectMapping: 0.831200 ms MarkObjects: 10.635000 ms  DeleteObjects: 7.186200 ms)

Prepare: number of updated asset objects reloaded= 0
========================================================================
Received Prepare
Begin MonoManager ReloadAssembly
- Loaded All Assemblies, in  0.581 seconds
Refreshing native plugins compatible for Editor in 0.66 ms, found 4 plugins.
Native extension for iOS target not found
Native extension for WindowsStandalone target not found
Native extension for WebGL target not found
Mono: successfully reloaded assembly
- Finished resetting the current domain, in  0.725 seconds
Domain Reload Profiling: 1308ms
	BeginReloadAssembly (166ms)
		ExecutionOrderSort (0ms)
		DisableScriptedObjects (11ms)
		BackupInstance (0ms)
		ReleaseScriptingObjects (0ms)
		CreateAndSetChildDomain (38ms)
	RebuildCommonClasses (26ms)
	RebuildNativeTypeToScriptingClass (9ms)
	initialDomainReloadingComplete (18ms)
	LoadAllAssembliesAndSetupDomain (365ms)
		LoadAssemblies (278ms)
		RebuildTransferFunctionScriptingTraits (0ms)
		AnalyzeDomain (149ms)
			TypeCache.Refresh (5ms)
				TypeCache.ScanAssembly (0ms)
			BuildScriptInfoCaches (133ms)
			ResolveRequiredComponents (8ms)
	FinalizeReload (725ms)
		ReleaseScriptCaches (0ms)
		RebuildScriptCaches (0ms)
		SetupLoadedEditorAssemblies (585ms)
			LogAssemblyErrors (0ms)
			InitializePlatformSupportModulesInManaged (7ms)
			SetLoadedEditorAssemblies (4ms)
			BeforeProcessingInitializeOnLoad (132ms)
			ProcessInitializeOnLoadAttributes (393ms)
			ProcessInitializeOnLoadMethodAttributes (47ms)
			AfterProcessingInitializeOnLoad (3ms)
			EditorAssembliesLoaded (0ms)
		ExecutionOrderSort2 (0ms)
		AwakeInstancesAfterBackupRestoration (14ms)
Refreshing native plugins compatible for Editor in 1.88 ms, found 4 plugins.
Preloading 0 native plugins for Editor in 0.00 ms.
Unloading 29 Unused Serialized files (Serialized files now loaded: 0)
Unloading 7240 unused Assets / (6.9 MB). Loaded Objects now: 8275.
Memory consumption went from 173.9 MB to 167.0 MB.
Total: 16.129700 ms (FindLiveObjects: 0.732700 ms CreateObjectMapping: 0.783700 ms MarkObjects: 9.651300 ms  DeleteObjects: 4.959800 ms)

Prepare: number of updated asset objects reloaded= 0
========================================================================
Received Prepare
Refreshing native plugins compatible for Editor in 1.75 ms, found 4 plugins.
Preloading 0 native plugins for Editor in 0.00 ms.
Unloading 29 Unused Serialized files (Serialized files now loaded: 0)
Unloading 7228 unused Assets / (7.0 MB). Loaded Objects now: 8275.
Memory consumption went from 174.0 MB to 167.0 MB.
Total: 18.356000 ms (FindLiveObjects: 1.393300 ms CreateObjectMapping: 0.556500 ms MarkObjects: 11.353200 ms  DeleteObjects: 5.050400 ms)

Prepare: number of updated asset objects reloaded= 0
========================================================================
Received Prepare
Begin MonoManager ReloadAssembly
- Loaded All Assemblies, in  0.601 seconds
Refreshing native plugins compatible for Editor in 0.78 ms, found 4 plugins.
Native extension for iOS target not found
Native extension for WindowsStandalone target not found
Native extension for WebGL target not found
Mono: successfully reloaded assembly
- Finished resetting the current domain, in  0.742 seconds
Domain Reload Profiling: 1345ms
	BeginReloadAssembly (177ms)
		ExecutionOrderSort (0ms)
		DisableScriptedObjects (14ms)
		BackupInstance (0ms)
		ReleaseScriptingObjects (0ms)
		CreateAndSetChildDomain (41ms)
	RebuildCommonClasses (26ms)
	RebuildNativeTypeToScriptingClass (9ms)
	initialDomainReloadingComplete (20ms)
	LoadAllAssembliesAndSetupDomain (371ms)
		LoadAssemblies (283ms)
		RebuildTransferFunctionScriptingTraits (0ms)
		AnalyzeDomain (155ms)
			TypeCache.Refresh (11ms)
				TypeCache.ScanAssembly (0ms)
			BuildScriptInfoCaches (132ms)
			ResolveRequiredComponents (8ms)
	FinalizeReload (743ms)
		ReleaseScriptCaches (0ms)
		RebuildScriptCaches (0ms)
		SetupLoadedEditorAssemblies (600ms)
			LogAssemblyErrors (0ms)
			InitializePlatformSupportModulesInManaged (8ms)
			SetLoadedEditorAssemblies (4ms)
			BeforeProcessingInitializeOnLoad (134ms)
			ProcessInitializeOnLoadAttributes (401ms)
			ProcessInitializeOnLoadMethodAttributes (51ms)
			AfterProcessingInitializeOnLoad (2ms)
			EditorAssembliesLoaded (0ms)
		ExecutionOrderSort2 (0ms)
		AwakeInstancesAfterBackupRestoration (15ms)
Refreshing native plugins compatible for Editor in 2.49 ms, found 4 plugins.
Preloading 0 native plugins for Editor in 0.00 ms.
Unloading 29 Unused Serialized files (Serialized files now loaded: 0)
Unloading 7240 unused Assets / (7.4 MB). Loaded Objects now: 8280.
Memory consumption went from 173.9 MB to 166.5 MB.
Total: 16.443000 ms (FindLiveObjects: 0.842300 ms CreateObjectMapping: 0.676600 ms MarkObjects: 9.619100 ms  DeleteObjects: 5.303100 ms)

Prepare: number of updated asset objects reloaded= 0
========================================================================
Received Prepare
Refreshing native plugins compatible for Editor in 1.78 ms, found 4 plugins.
Preloading 0 native plugins for Editor in 0.00 ms.
Unloading 29 Unused Serialized files (Serialized files now loaded: 0)
Unloading 7228 unused Assets / (7.2 MB). Loaded Objects now: 8280.
Memory consumption went from 174.1 MB to 166.9 MB.
Total: 19.956100 ms (FindLiveObjects: 1.449200 ms CreateObjectMapping: 0.829400 ms MarkObjects: 10.981400 ms  DeleteObjects: 6.694100 ms)

Prepare: number of updated asset objects reloaded= 0
========================================================================
Received Prepare
Refreshing native plugins compatible for Editor in 1.95 ms, found 4 plugins.
Preloading 0 native plugins for Editor in 0.00 ms.
Unloading 29 Unused Serialized files (Serialized files now loaded: 0)
Unloading 7228 unused Assets / (7.2 MB). Loaded Objects now: 8280.
Memory consumption went from 174.1 MB to 166.9 MB.
Total: 17.605000 ms (FindLiveObjects: 1.508000 ms CreateObjectMapping: 0.976600 ms MarkObjects: 10.280100 ms  DeleteObjects: 4.839100 ms)

Prepare: number of updated asset objects reloaded= 0
========================================================================
Received Prepare
Begin MonoManager ReloadAssembly
- Loaded All Assemblies, in  0.646 seconds
Refreshing native plugins compatible for Editor in 0.67 ms, found 4 plugins.
Native extension for iOS target not found
Native extension for WindowsStandalone target not found
Native extension for WebGL target not found
Mono: successfully reloaded assembly
- Finished resetting the current domain, in  0.741 seconds
Domain Reload Profiling: 1389ms
	BeginReloadAssembly (191ms)
		ExecutionOrderSort (0ms)
		DisableScriptedObjects (12ms)
		BackupInstance (0ms)
		ReleaseScriptingObjects (0ms)
		CreateAndSetChildDomain (44ms)
	RebuildCommonClasses (37ms)
	RebuildNativeTypeToScriptingClass (8ms)
	initialDomainReloadingComplete (19ms)
	LoadAllAssembliesAndSetupDomain (392ms)
		LoadAssemblies (308ms)
		RebuildTransferFunctionScriptingTraits (0ms)
		AnalyzeDomain (164ms)
			TypeCache.Refresh (8ms)
				TypeCache.ScanAssembly (0ms)
			BuildScriptInfoCaches (144ms)
			ResolveRequiredComponents (8ms)
	FinalizeReload (741ms)
		ReleaseScriptCaches (0ms)
		RebuildScriptCaches (0ms)
		SetupLoadedEditorAssemblies (599ms)
			LogAssemblyErrors (0ms)
			InitializePlatformSupportModulesInManaged (6ms)
			SetLoadedEditorAssemblies (4ms)
			BeforeProcessingInitializeOnLoad (144ms)
			ProcessInitializeOnLoadAttributes (389ms)
			ProcessInitializeOnLoadMethodAttributes (53ms)
			AfterProcessingInitializeOnLoad (2ms)
			EditorAssembliesLoaded (0ms)
		ExecutionOrderSort2 (0ms)
		AwakeInstancesAfterBackupRestoration (18ms)
Refreshing native plugins compatible for Editor in 2.23 ms, found 4 plugins.
Preloading 0 native plugins for Editor in 0.00 ms.
Unloading 29 Unused Serialized files (Serialized files now loaded: 0)
Unloading 7240 unused Assets / (6.9 MB). Loaded Objects now: 8285.
Memory consumption went from 174.0 MB to 167.1 MB.
Total: 16.675700 ms (FindLiveObjects: 0.756500 ms CreateObjectMapping: 0.562100 ms MarkObjects: 10.054100 ms  DeleteObjects: 5.301200 ms)

Prepare: number of updated asset objects reloaded= 0
========================================================================
Received Prepare
Refreshing native plugins compatible for Editor in 1.78 ms, found 4 plugins.
Preloading 0 native plugins for Editor in 0.00 ms.
Unloading 29 Unused Serialized files (Serialized files now loaded: 0)
Unloading 7228 unused Assets / (7.3 MB). Loaded Objects now: 8285.
Memory consumption went from 174.1 MB to 166.8 MB.
Total: 18.816300 ms (FindLiveObjects: 1.619000 ms CreateObjectMapping: 1.228400 ms MarkObjects: 9.879000 ms  DeleteObjects: 6.087800 ms)

Prepare: number of updated asset objects reloaded= 0
========================================================================
Received Prepare
Begin MonoManager ReloadAssembly
- Loaded All Assemblies, in  0.605 seconds
Refreshing native plugins compatible for Editor in 0.80 ms, found 4 plugins.
Native extension for iOS target not found
Native extension for WindowsStandalone target not found
Native extension for WebGL target not found
Mono: successfully reloaded assembly
- Finished resetting the current domain, in  0.760 seconds
Domain Reload Profiling: 1367ms
	BeginReloadAssembly (178ms)
		ExecutionOrderSort (0ms)
		DisableScriptedObjects (12ms)
		BackupInstance (0ms)
		ReleaseScriptingObjects (0ms)
		CreateAndSetChildDomain (43ms)
	RebuildCommonClasses (26ms)
	RebuildNativeTypeToScriptingClass (9ms)
	initialDomainReloadingComplete (19ms)
	LoadAllAssembliesAndSetupDomain (375ms)
		LoadAssemblies (282ms)
		RebuildTransferFunctionScriptingTraits (0ms)
		AnalyzeDomain (156ms)
			TypeCache.Refresh (8ms)
				TypeCache.ScanAssembly (0ms)
			BuildScriptInfoCaches (135ms)
			ResolveRequiredComponents (10ms)
	FinalizeReload (761ms)
		ReleaseScriptCaches (0ms)
		RebuildScriptCaches (0ms)
		SetupLoadedEditorAssemblies (619ms)
			LogAssemblyErrors (0ms)
			InitializePlatformSupportModulesInManaged (7ms)
			SetLoadedEditorAssemblies (4ms)
			BeforeProcessingInitializeOnLoad (141ms)
			ProcessInitializeOnLoadAttributes (413ms)
			ProcessInitializeOnLoadMethodAttributes (52ms)
			AfterProcessingInitializeOnLoad (3ms)
			EditorAssembliesLoaded (0ms)
		ExecutionOrderSort2 (0ms)
		AwakeInstancesAfterBackupRestoration (15ms)
Refreshing native plugins compatible for Editor in 1.91 ms, found 4 plugins.
Preloading 0 native plugins for Editor in 0.00 ms.
Unloading 29 Unused Serialized files (Serialized files now loaded: 0)
Unloading 7240 unused Assets / (6.9 MB). Loaded Objects now: 8290.
Memory consumption went from 174.0 MB to 167.1 MB.
Total: 15.231400 ms (FindLiveObjects: 0.843000 ms CreateObjectMapping: 0.735500 ms MarkObjects: 9.085000 ms  DeleteObjects: 4.566200 ms)

Prepare: number of updated asset objects reloaded= 0
